{
"type": "FeatureCollection",
"name": "buffers",
"crs": { "type": "name", "properties": { "name": "urn:ogc:def:crs:OGC:1.3:CRS84" } },
"features": [
{ "type": "Feature", "properties": { "fclty__": "Antelope Valley Station Units 1 and 2", "plnt_nm": "Antelope Valley", "utlty_n": "Basin Electric Power Coop", "strt_dd": "Hwy 200", "city": "Beulah", "state": "North Dakota", "zip": 58523, "prm_src": "coal" }, "geometry": { "type": "MultiPolygon", "coordinates": [ [ [ [ -101.792289338082711, 47.370542 ], [ -101.792348776067541, 47.369004715183202 ], [ -101.792526927106636, 47.367471599333541 ], [ -101.792823302900402, 47.365946855164928 ], [ -101.79323709110335, 47.364434662805174 ], [ -101.793767157550832, 47.362939168328552 ], [ -101.794412049367523, 47.361464472377904 ], [ -101.795169998949788, 47.360014618907556 ], [ -101.796038928810503, 47.358593584078172 ], [ -101.797016457273315, 47.357205265334088 ], [ -101.798099905000683, 47.355853470693475 ], [ -101.799286302337649, 47.354541908280886 ], [ -101.800572397451617, 47.35327417613118 ], [ -101.801954665245262, 47.352053752293315 ], [ -101.803429317018626, 47.350883985261206 ], [ -101.80499231085372, 47.349768084758537 ], [ -101.806639362693105, 47.348709112903109 ], [ -101.808365958082121, 47.347709975775267 ], [ -101.810167364542849, 47.346773415414049 ], [ -101.81203864454541, 47.34590200226345 ], [ -101.813974669041343, 47.345098128089703 ], [ -101.815970131522135, 47.344363999389699 ], [ -101.818019562563777, 47.34370163130879 ], [ -101.820117344818271, 47.343112842085077 ], [ -101.822257728410264, 47.342599248035803 ], [ -101.824434846697102, 47.342162259099901 ], [ -101.826642732348873, 47.341803074949176 ], [ -101.828875333704516, 47.341522681679159 ], [ -101.831126531358876, 47.341321849088665 ], [ -101.833390154935657, 47.341201128556179 ], [ -101.83566, 47.341160851518481 ], [ -101.837929845064338, 47.341201128556179 ], [ -101.840193468641118, 47.341321849088665 ], [ -101.842444666295478, 47.341522681679159 ], [ -101.844677267651107, 47.341803074949176 ], [ -101.846885153302892, 47.342162259099901 ], [ -101.84906227158973, 47.342599248035803 ], [ -101.851202655181709, 47.343112842085077 ], [ -101.853300437436218, 47.34370163130879 ], [ -101.855349868477859, 47.344363999389699 ], [ -101.857345330958651, 47.345098128089703 ], [ -101.859281355454584, 47.34590200226345 ], [ -101.861152635457145, 47.346773415414049 ], [ -101.862954041917874, 47.347709975775267 ], [ -101.86468063730689, 47.348709112903109 ], [ -101.866327689146274, 47.349768084758537 ], [ -101.867890682981354, 47.350883985261206 ], [ -101.869365334754733, 47.352053752293315 ], [ -101.870747602548377, 47.35327417613118 ], [ -101.872033697662332, 47.354541908280886 ], [ -101.873220094999311, 47.355853470693475 ], [ -101.874303542726679, 47.357205265334088 ], [ -101.875281071189491, 47.358593584078172 ], [ -101.876150001050206, 47.360014618907556 ], [ -101.876907950632472, 47.361464472377904 ], [ -101.877552842449148, 47.362939168328552 ], [ -101.878082908896644, 47.364434662805174 ], [ -101.878496697099592, 47.365946855164928 ], [ -101.878793072893359, 47.367471599333541 ], [ -101.878971223932453, 47.369004715183202 ], [ -101.879030661917284, 47.370542 ], [ -101.878971223932453, 47.372079240009228 ], [ -101.878793072893359, 47.373612221927146 ], [ -101.878496697099592, 47.375136744507202 ], [ -101.878082908896644, 47.376648630049374 ], [ -101.877552842449148, 47.378143735840922 ], [ -101.876907950632472, 47.379617965497545 ], [ -101.876150001050206, 47.38106728017371 ], [ -101.875281071189491, 47.382487709611915 ], [ -101.874303542726679, 47.38387536300062 ], [ -101.873220094999311, 47.385226439611401 ], [ -101.872033697662332, 47.38653723918663 ], [ -101.870747602548377, 47.387804172049215 ], [ -101.869365334754733, 47.389023768907386 ], [ -101.867890682981354, 47.39019269032778 ], [ -101.866327689146274, 47.391307735851406 ], [ -101.86468063730689, 47.392365852727799 ], [ -101.862954041917874, 47.393364144243947 ], [ -101.861152635457145, 47.394299877625507 ], [ -101.859281355454584, 47.39517049148904 ], [ -101.857345330958651, 47.395973602825485 ], [ -101.855349868477859, 47.396707013495728 ], [ -101.853300437436218, 47.397368716221322 ], [ -101.851202655181709, 47.397956900053927 ], [ -101.84906227158973, 47.398469955309103 ], [ -101.846885153302892, 47.398906477951044 ], [ -101.844677267651107, 47.399265273416752 ], [ -101.842444666295478, 47.399545359869229 ], [ -101.840193468641118, 47.399745970871201 ], [ -101.837929845064338, 47.39986655747196 ], [ -101.83566, 47.399906789702108 ], [ -101.833390154935657, 47.39986655747196 ], [ -101.831126531358876, 47.399745970871201 ], [ -101.828875333704516, 47.399545359869229 ], [ -101.826642732348873, 47.399265273416752 ], [ -101.824434846697102, 47.398906477951044 ], [ -101.822257728410264, 47.398469955309103 ], [ -101.820117344818271, 47.397956900053927 ], [ -101.818019562563777, 47.397368716221322 ], [ -101.815970131522135, 47.396707013495728 ], [ -101.813974669041343, 47.395973602825485 ], [ -101.81203864454541, 47.39517049148904 ], [ -101.810167364542849, 47.394299877625507 ], [ -101.808365958082121, 47.393364144243947 ], [ -101.806639362693105, 47.392365852727799 ], [ -101.80499231085372, 47.391307735851406 ], [ -101.803429317018626, 47.39019269032778 ], [ -101.801954665245262, 47.389023768907386 ], [ -101.800572397451617, 47.387804172049215 ], [ -101.799286302337649, 47.38653723918663 ], [ -101.798099905000683, 47.385226439611401 ], [ -101.797016457273315, 47.38387536300062 ], [ -101.796038928810503, 47.382487709611915 ], [ -101.795169998949788, 47.38106728017371 ], [ -101.794412049367523, 47.379617965497545 ], [ -101.793767157550832, 47.378143735840922 ], [ -101.79323709110335, 47.376648630049374 ], [ -101.792823302900402, 47.375136744507202 ], [ -101.792526927106636, 47.373612221927146 ], [ -101.792348776067541, 47.372079240009228 ], [ -101.792289338082711, 47.370542 ] ] ] ] } },
{ "type": "Feature", "properties": { "fclty__": "Apache Generating Station", "plnt_nm": "Apache Station", "utlty_n": "Arizona Electric Pwr Coop Inc", "strt_dd": "3525 N US Hwy 191", "city": "Cochise", "state": "Arizona", "zip": 85606, "prm_src": "natural gas" }, "geometry": { "type": "MultiPolygon", "coordinates": [ [ [ [ -109.84972933808271, 32.0603 ], [ -109.849788776067541, 32.058376308957939 ], [ -109.849966927106635, 32.056457850334361 ], [ -109.850263302900402, 32.054549882988937 ], [ -109.85067709110335, 32.052657637350499 ], [ -109.851207157550832, 32.050786301071746 ], [ -109.851852049367523, 32.048941004797726 ], [ -109.852609998949788, 32.047126808087327 ], [ -109.853478928810503, 32.045348685526371 ], [ -109.854456457273315, 32.043611513070729 ], [ -109.855539905000683, 32.041920054657076 ], [ -109.856726302337648, 32.040278949118189 ], [ -109.858012397451617, 32.03869269743906 ], [ -109.859394665245262, 32.037165650389063 ], [ -109.860869317018626, 32.035701996564278 ], [ -109.86243231085372, 32.034305750873258 ], [ -109.864079362693104, 32.032980743498165 ], [ -109.865805958082106, 32.031730609361681 ], [ -109.867607364542849, 32.030558778129326 ], [ -109.869478644545396, 32.029468464774624 ], [ -109.871414669041343, 32.02846266073346 ], [ -109.873410131522135, 32.027544125672378 ], [ -109.875459562563776, 32.026715379893595 ], [ -109.877557344818271, 32.025978697397768 ], [ -109.879697728410264, 32.025336099624248 ], [ -109.881874846697102, 32.024789349885786 ], [ -109.884082732348872, 32.024339948513614 ], [ -109.886315333704516, 32.023989128726207 ], [ -109.888566531358876, 32.023737853233314 ], [ -109.890830154935657, 32.023586811584842 ], [ -109.8931, 32.02353641827181 ], [ -109.895369845064323, 32.023586811584842 ], [ -109.897633468641118, 32.023737853233314 ], [ -109.899884666295478, 32.023989128726207 ], [ -109.902117267651107, 32.024339948513614 ], [ -109.904325153302892, 32.024789349885786 ], [ -109.90650227158973, 32.025336099624248 ], [ -109.908642655181708, 32.025978697397768 ], [ -109.910740437436218, 32.026715379893595 ], [ -109.912789868477859, 32.027544125672378 ], [ -109.914785330958651, 32.02846266073346 ], [ -109.916721355454584, 32.029468464774624 ], [ -109.918592635457145, 32.030558778129326 ], [ -109.920394041917874, 32.031730609361681 ], [ -109.92212063730689, 32.032980743498165 ], [ -109.923767689146274, 32.034305750873258 ], [ -109.925330682981354, 32.035701996564278 ], [ -109.926805334754732, 32.037165650389063 ], [ -109.928187602548377, 32.03869269743906 ], [ -109.929473697662331, 32.040278949118189 ], [ -109.930660094999311, 32.041920054657076 ], [ -109.931743542726679, 32.043611513070729 ], [ -109.932721071189491, 32.045348685526371 ], [ -109.933590001050206, 32.047126808087327 ], [ -109.934347950632471, 32.048941004797726 ], [ -109.934992842449148, 32.050786301071746 ], [ -109.93552290889663, 32.052657637350499 ], [ -109.935936697099592, 32.054549882988937 ], [ -109.936233072893359, 32.056457850334361 ], [ -109.936411223932453, 32.058376308957939 ], [ -109.936470661917284, 32.0603 ], [ -109.936411223932453, 32.062223650589623 ], [ -109.936233072893359, 32.064141988299113 ], [ -109.935936697099592, 32.066049755593546 ], [ -109.93552290889663, 32.06794172423588 ], [ -109.934992842449148, 32.069812709608286 ], [ -109.934347950632471, 32.07165758491027 ], [ -109.933590001050206, 32.07347129519524 ], [ -109.932721071189491, 32.075248871206739 ], [ -109.931743542726679, 32.076985442977012 ], [ -109.930660094999311, 32.078676253150618 ], [ -109.929473697662331, 32.080316669997039 ], [ -109.928187602548377, 32.08190220007674 ], [ -109.926805334754732, 32.083428500526352 ], [ -109.925330682981354, 32.084891390929698 ], [ -109.923767689146274, 32.086286864742412 ], [ -109.92212063730689, 32.087611100239243 ], [ -109.920394041917874, 32.088860470954316 ], [ -109.918592635457145, 32.090031555586336 ], [ -109.916721355454584, 32.091121147341703 ], [ -109.914785330958651, 32.092126262690499 ], [ -109.912789868477859, 32.093044149511634 ], [ -109.910740437436218, 32.093872294605177 ], [ -109.908642655181708, 32.094608430551666 ], [ -109.90650227158973, 32.09525054189988 ], [ -109.904325153302892, 32.095796870666433 ], [ -109.902117267651107, 32.096245921132336 ], [ -109.899884666295478, 32.096596463923731 ], [ -109.897633468641118, 32.096847539365683 ], [ -109.895369845064323, 32.096998460100103 ], [ -109.8931, 32.097048812960722 ], [ -109.890830154935657, 32.096998460100103 ], [ -109.888566531358876, 32.096847539365683 ], [ -109.886315333704516, 32.096596463923731 ], [ -109.884082732348872, 32.096245921132336 ], [ -109.881874846697102, 32.095796870666433 ], [ -109.879697728410264, 32.09525054189988 ], [ -109.877557344818271, 32.094608430551666 ], [ -109.875459562563776, 32.093872294605177 ], [ -109.873410131522135, 32.093044149511634 ], [ -109.871414669041343, 32.092126262690499 ], [ -109.869478644545396, 32.091121147341703 ], [ -109.867607364542849, 32.090031555586336 ], [ -109.865805958082106, 32.088860470954316 ], [ -109.864079362693104, 32.087611100239243 ], [ -109.86243231085372, 32.086286864742412 ], [ -109.860869317018626, 32.084891390929698 ], [ -109.859394665245262, 32.083428500526352 ], [ -109.858012397451617, 32.08190220007674 ], [ -109.856726302337648, 32.080316669997039 ], [ -109.855539905000683, 32.078676253150618 ], [ -109.854456457273315, 32.076985442977012 ], [ -109.853478928810503, 32.075248871206739 ], [ -109.852609998949788, 32.07347129519524 ], [ -109.851852049367523, 32.07165758491027 ], [ -109.851207157550832, 32.069812709608286 ], [ -109.85067709110335, 32.06794172423588 ], [ -109.850263302900402, 32.066049755593546 ], [ -109.849966927106635, 32.064141988299113 ], [ -109.849788776067541, 32.062223650589623 ], [ -109.84972933808271, 32.0603 ] ] ] ] } },
{ "type": "Feature", "properties": { "fclty__": "Baldwin Power Plant Unit 1 and Unit 2", "plnt_nm": "Baldwin Energy Complex", "utlty_n": "Dynegy Midwest Generation Inc", "strt_dd": "10901 Baldwin Rd Box146", "city": "Baldwin", "state": "Illinois", "zip": 62217, "prm_src": "coal" }, "geometry": { "type": "MultiPolygon", "coordinates": [ [ [ [ -89.811029338082704, 38.205 ], [ -89.81108877606755, 38.203216327260535 ], [ -89.81126692710663, 38.201437499921667 ], [ -89.811563302900396, 38.199668394162721 ], [ -89.811977091103358, 38.197913859867938 ], [ -89.812507157550826, 38.196178707323682 ], [ -89.813152049367517, 38.19446769402014 ], [ -89.813909998949782, 38.192785511594423 ], [ -89.814778928810483, 38.191136772950586 ], [ -89.815756457273324, 38.189525999592263 ], [ -89.816839905000677, 38.187957609203103 ], [ -89.818026302337657, 38.186435903508844 ], [ -89.819312397451611, 38.184965056455169 ], [ -89.820694665245256, 38.183549102733672 ], [ -89.822169317018634, 38.182191926688013 ], [ -89.823732310853728, 38.180897251630839 ], [ -89.825379362693099, 38.179668629601416 ], [ -89.827105958082115, 38.178509431592175 ], [ -89.828907364542857, 38.177422838271504 ], [ -89.83077864454539, 38.176411831228748 ], [ -89.832714669041351, 38.175479184765507 ], [ -89.834710131522144, 38.174627458256445 ], [ -89.83675956256377, 38.173858989100744 ], [ -89.83885734481828, 38.173175886283921 ], [ -89.840997728410258, 38.172580024568134 ], [ -89.84317484669711, 38.172073039326953 ], [ -89.845382732348881, 38.171656322039318 ], [ -89.84761533370451, 38.171331016455127 ], [ -89.84986653135887, 38.171098015443242 ], [ -89.852130154935651, 38.170957958530757 ], [ -89.8544, 38.170911230140348 ], [ -89.856669845064332, 38.170957958530757 ], [ -89.858933468641112, 38.171098015443242 ], [ -89.861184666295472, 38.171331016455127 ], [ -89.863417267651101, 38.171656322039318 ], [ -89.865625153302886, 38.172073039326953 ], [ -89.867802271589738, 38.172580024568134 ], [ -89.869942655181717, 38.173175886283921 ], [ -89.872040437436212, 38.173858989100744 ], [ -89.874089868477853, 38.174627458256445 ], [ -89.876085330958645, 38.175479184765507 ], [ -89.878021355454592, 38.176411831228748 ], [ -89.879892635457139, 38.177422838271504 ], [ -89.881694041917882, 38.178509431592175 ], [ -89.883420637306898, 38.179668629601416 ], [ -89.885067689146268, 38.180897251630839 ], [ -89.886630682981362, 38.182191926688013 ], [ -89.888105334754741, 38.183549102733672 ], [ -89.889487602548371, 38.184965056455169 ], [ -89.89077369766234, 38.186435903508844 ], [ -89.891960094999305, 38.187957609203103 ], [ -89.893043542726673, 38.189525999592263 ], [ -89.894021071189499, 38.191136772950586 ], [ -89.894890001050214, 38.192785511594423 ], [ -89.895647950632465, 38.19446769402014 ], [ -89.896292842449157, 38.196178707323682 ], [ -89.896822908896624, 38.197913859867938 ], [ -89.897236697099586, 38.199668394162721 ], [ -89.897533072893367, 38.201437499921667 ], [ -89.897711223932447, 38.203216327260535 ], [ -89.897770661917292, 38.205 ], [ -89.897711223932447, 38.206783629036885 ], [ -89.897533072893367, 38.208562325746847 ], [ -89.897236697099586, 38.210331215381785 ], [ -89.896822908896624, 38.21208545042532 ], [ -89.896292842449157, 38.213820223869774 ], [ -89.895647950632465, 38.215530782378444 ], [ -89.894890001050214, 38.217212439297043 ], [ -89.894021071189499, 38.218860587479107 ], [ -89.893043542726673, 38.220470711890201 ], [ -89.891960094999305, 38.222038401956702 ], [ -89.89077369766234, 38.223559363625725 ], [ -89.889487602548371, 38.225029431103316 ], [ -89.888105334754741, 38.226444578239061 ], [ -89.886630682981362, 38.227800929526438 ], [ -89.885067689146268, 38.229094770689024 ], [ -89.883420637306898, 38.23032255882385 ], [ -89.881694041917882, 38.231480932074859 ], [ -89.879892635457139, 38.232566718809828 ], [ -89.878021355454592, 38.233576946276571 ], [ -89.876085330958645, 38.234508848714675 ], [ -89.874089868477853, 38.235359874901164 ], [ -89.872040437436212, 38.236127695109758 ], [ -89.869942655181717, 38.236810207464892 ], [ -89.867802271589738, 38.237405543673674 ], [ -89.865625153302886, 38.237912074120089 ], [ -89.863417267651101, 38.238328412308 ], [ -89.861184666295472, 38.238653418641022 ], [ -89.858933468641112, 38.238886203528942 ], [ -89.856669845064332, 38.239026129812572 ], [ -89.8544, 38.23907281450041 ], [ -89.852130154935651, 38.239026129812572 ], [ -89.84986653135887, 38.238886203528942 ], [ -89.84761533370451, 38.238653418641022 ], [ -89.845382732348881, 38.238328412308 ], [ -89.84317484669711, 38.237912074120089 ], [ -89.840997728410258, 38.237405543673674 ], [ -89.83885734481828, 38.236810207464892 ], [ -89.83675956256377, 38.236127695109758 ], [ -89.834710131522144, 38.235359874901164 ], [ -89.832714669041351, 38.234508848714675 ], [ -89.83077864454539, 38.233576946276571 ], [ -89.828907364542857, 38.232566718809828 ], [ -89.827105958082115, 38.231480932074859 ], [ -89.825379362693099, 38.23032255882385 ], [ -89.823732310853728, 38.229094770689024 ], [ -89.822169317018634, 38.227800929526438 ], [ -89.820694665245256, 38.226444578239061 ], [ -89.819312397451611, 38.225029431103316 ], [ -89.818026302337657, 38.223559363625725 ], [ -89.816839905000677, 38.222038401956702 ], [ -89.815756457273324, 38.220470711890201 ], [ -89.814778928810483, 38.218860587479107 ], [ -89.813909998949782, 38.217212439297043 ], [ -89.813152049367517, 38.215530782378444 ], [ -89.812507157550826, 38.213820223869774 ], [ -89.811977091103358, 38.21208545042532 ], [ -89.811563302900396, 38.210331215381785 ], [ -89.81126692710663, 38.208562325746854 ], [ -89.81108877606755, 38.206783629036885 ], [ -89.811029338082704, 38.205 ] ] ] ] } },
{ "type": "Feature", "properties": { "fclty__": "Barry Steam Electric Generating Facility Unit 5", "plnt_nm": "Barry", "utlty_n": "Alabama Power Co", "strt_dd": "North Highway 43", "city": "Bucks", "state": "Alabama", "zip": 36512, "prm_src": "natural gas" }, "geometry": { "type": "MultiPolygon", "coordinates": [ [ [ [ -87.966929338082707, 31.0069 ], [ -87.966988776067538, 31.004954483982544 ], [ -87.967166927106632, 31.003014260950138 ], [ -87.967463302900399, 31.001084649408114 ], [ -87.967877091103347, 30.999170939095428 ], [ -87.968407157550828, 30.997278376477002 ], [ -87.969052049367519, 30.995412150351207 ], [ -87.969809998949785, 30.993577377612262 ], [ -87.9706789288105, 30.991779089206542 ], [ -87.971656457273312, 30.990022216321581 ], [ -87.97273990500068, 30.988311576845906 ], [ -87.973926302337645, 30.986651862136981 ], [ -87.975212397451614, 30.985047624133859 ], [ -87.976594665245258, 30.983503262850292 ], [ -87.978069317018623, 30.982023014282646 ], [ -87.979632310853717, 30.980610938766432 ], [ -87.981279362693101, 30.979270909813462 ], [ -87.983005958082103, 30.978006603460784 ], [ -87.984807364542846, 30.976821488160809 ], [ -87.986678644545407, 30.975718815240878 ], [ -87.98861466904134, 30.974701609958629 ], [ -87.990610131522132, 30.973772663178156 ], [ -87.992659562563773, 30.972934523690018 ], [ -87.994757344818268, 30.972189491196637 ], [ -87.996897728410261, 30.971539609982457 ], [ -87.999074846697098, 30.970986663286531 ], [ -88.001282732348869, 30.970532168393447 ], [ -88.003515333704513, 30.970177372455904 ], [ -88.005766531358873, 30.96992324906088 ], [ -88.008030154935653, 30.969770495548918 ], [ -88.0103, 30.969719531093936 ], [ -88.012569845064334, 30.969770495548918 ], [ -88.014833468641115, 30.96992324906088 ], [ -88.017084666295474, 30.970177372455904 ], [ -88.019317267651104, 30.970532168393447 ], [ -88.021525153302889, 30.970986663286531 ], [ -88.023702271589727, 30.971539609982457 ], [ -88.025842655181705, 30.972189491196637 ], [ -88.027940437436214, 30.972934523690018 ], [ -88.029989868477855, 30.973772663178156 ], [ -88.031985330958648, 30.974701609958629 ], [ -88.033921355454581, 30.975718815240878 ], [ -88.035792635457142, 30.976821488160809 ], [ -88.03759404191787, 30.978006603460784 ], [ -88.039320637306886, 30.979270909813462 ], [ -88.040967689146271, 30.980610938766432 ], [ -88.042530682981351, 30.982023014282646 ], [ -88.044005334754729, 30.983503262850292 ], [ -88.045387602548374, 30.985047624133859 ], [ -88.046673697662328, 30.986651862136981 ], [ -88.047860094999308, 30.988311576845906 ], [ -88.048943542726676, 30.990022216321581 ], [ -88.049921071189488, 30.991779089206542 ], [ -88.050790001050203, 30.993577377612262 ], [ -88.051547950632468, 30.995412150351207 ], [ -88.052192842449145, 30.997278376477002 ], [ -88.052722908896641, 30.999170939095428 ], [ -88.053136697099589, 31.001084649408114 ], [ -88.053433072893355, 31.003014260950138 ], [ -88.05361122393245, 31.004954483982544 ], [ -88.05367066191728, 31.0069 ], [ -88.05361122393245, 31.008845476313819 ], [ -88.053433072893355, 31.010785580670305 ], [ -88.053136697099589, 31.012714995864371 ], [ -88.052722908896641, 31.014628434308282 ], [ -88.052192842449145, 31.016520652515791 ], [ -88.051547950632468, 31.018386465461933 ], [ -88.050790001050203, 31.020220760779402 ], [ -88.049921071189488, 31.022018512752545 ], [ -88.048943542726676, 31.023774796071091 ], [ -88.047860094999308, 31.025484799305939 ], [ -88.046673697662328, 31.027143838070412 ], [ -88.045387602548374, 31.028747367831244 ], [ -88.044005334754729, 31.030290996334326 ], [ -88.042530682981351, 31.031770495611802 ], [ -88.040967689146271, 31.033181813537549 ], [ -88.039320637306886, 31.034521084900053 ], [ -88.03759404191787, 31.035784641962611 ], [ -88.035792635457142, 31.036969024482168 ], [ -88.033921355454581, 31.038070989159891 ], [ -88.031985330958648, 31.039087518497784 ], [ -88.029989868477855, 31.040015829037543 ], [ -88.027940437436214, 31.04085337895938 ], [ -88.025842655181705, 31.041597875020301 ], [ -88.023702271589727, 31.042247278813136 ], [ -88.021525153302889, 31.042799812329534 ], [ -88.019317267651104, 31.043253962811779 ], [ -88.017084666295474, 31.04360848688064 ], [ -88.014833468641115, 31.043862413927762 ], [ -88.012569845064334, 31.044015048763839 ], [ -88.0103, 31.044065973515202 ], [ -88.008030154935653, 31.044015048763839 ], [ -88.005766531358873, 31.043862413927762 ], [ -88.003515333704513, 31.04360848688064 ], [ -88.001282732348869, 31.043253962811779 ], [ -87.999074846697098, 31.042799812329534 ], [ -87.996897728410261, 31.042247278813136 ], [ -87.994757344818268, 31.041597875020301 ], [ -87.992659562563773, 31.04085337895938 ], [ -87.990610131522132, 31.040015829037543 ], [ -87.98861466904134, 31.039087518497784 ], [ -87.986678644545407, 31.038070989159891 ], [ -87.984807364542846, 31.036969024482168 ], [ -87.983005958082103, 31.035784641962611 ], [ -87.981279362693101, 31.034521084900053 ], [ -87.979632310853717, 31.033181813537549 ], [ -87.978069317018623, 31.031770495611802 ], [ -87.976594665245258, 31.030290996334326 ], [ -87.975212397451614, 31.028747367831244 ], [ -87.973926302337645, 31.027143838070412 ], [ -87.97273990500068, 31.025484799305939 ], [ -87.971656457273312, 31.023774796071091 ], [ -87.9706789288105, 31.022018512752545 ], [ -87.969809998949785, 31.020220760779402 ], [ -87.969052049367519, 31.018386465461933 ], [ -87.968407157550828, 31.016520652515791 ], [ -87.967877091103347, 31.014628434308282 ], [ -87.967463302900399, 31.012714995864371 ], [ -87.967166927106632, 31.010785580670305 ], [ -87.966988776067538, 31.008845476313819 ], [ -87.966929338082707, 31.0069 ] ] ] ] } },
{ "type": "Feature", "properties": { "fclty__": "Big Stone Plant", "plnt_nm": "Big Stone", "utlty_n": "Otter Tail Power Co", "strt_dd": "48450  144th Street", "city": "Big Stone City", "state": "South Dakota", "zip": 57216, "prm_src": "coal" }, "geometry": { "type": "MultiPolygon", "coordinates": [ [ [ [ -96.466696338082713, 45.303652 ], [ -96.466755776067558, 45.302055483366829 ], [ -96.466933927106638, 45.300463297900556 ], [ -96.467230302900404, 45.298879808222864 ], [ -96.467644091103367, 45.297309355482106 ], [ -96.468174157550848, 45.29575624544465 ], [ -96.468819049367525, 45.294224736679091 ], [ -96.46957699894979, 45.292719028866323 ], [ -96.470445928810506, 45.291243251267431 ], [ -96.471423457273332, 45.289801451381344 ], [ -96.472506905000699, 45.28839758382361 ], [ -96.473693302337665, 45.287035499456977 ], [ -96.474979397451619, 45.285718934804059 ], [ -96.476361665245264, 45.28445150177135 ], [ -96.477836317018642, 45.283236677713099 ], [ -96.479399310853736, 45.282077795862818 ], [ -96.481046362693107, 45.280978036158935 ], [ -96.482772958082123, 45.279940416490184 ], [ -96.484574364542866, 45.278967784385152 ], [ -96.486445644545412, 45.278062809169292 ], [ -96.48838166904136, 45.277227974611037 ], [ -96.490377131522152, 45.276465572077974 ], [ -96.492426562563779, 45.27577769422183 ], [ -96.494524344818288, 45.275166229210285 ], [ -96.496664728410266, 45.274632855521588 ], [ -96.498841846697118, 45.274179037316621 ], [ -96.501049732348889, 45.273806020401381 ], [ -96.503282333704519, 45.273514828791306 ], [ -96.505533531358878, 45.273306261886916 ], [ -96.507797154935659, 45.273180892268876 ], [ -96.510067, 45.273139064118624 ], [ -96.512336845064354, 45.273180892268876 ], [ -96.514600468641135, 45.273306261886916 ], [ -96.51685166629548, 45.273514828791306 ], [ -96.519084267651124, 45.273806020401381 ], [ -96.521292153302895, 45.274179037316621 ], [ -96.523469271589747, 45.274632855521588 ], [ -96.525609655181725, 45.275166229210285 ], [ -96.527707437436234, 45.27577769422183 ], [ -96.529756868477861, 45.276465572077974 ], [ -96.531752330958653, 45.277227974611037 ], [ -96.533688355454601, 45.278062809169292 ], [ -96.535559635457147, 45.278967784385152 ], [ -96.53736104191789, 45.279940416490184 ], [ -96.539087637306906, 45.280978036158935 ], [ -96.540734689146277, 45.282077795862818 ], [ -96.542297682981371, 45.283236677713099 ], [ -96.543772334754749, 45.28445150177135 ], [ -96.545154602548379, 45.285718934804059 ], [ -96.546440697662348, 45.287035499456977 ], [ -96.547627094999314, 45.28839758382361 ], [ -96.548710542726681, 45.289801451381344 ], [ -96.549688071189507, 45.291243251267431 ], [ -96.550557001050223, 45.292719028866323 ], [ -96.551314950632488, 45.294224736679091 ], [ -96.551959842449165, 45.29575624544465 ], [ -96.552489908896646, 45.297309355482106 ], [ -96.552903697099595, 45.298879808222864 ], [ -96.553200072893375, 45.300463297900556 ], [ -96.553378223932455, 45.302055483366829 ], [ -96.5534376619173, 45.303652 ], [ -96.553378223932455, 45.305248471674282 ], [ -96.553200072893375, 45.306840522756509 ], [ -96.552903697099595, 45.308423790097358 ], [ -96.552489908896646, 45.309993934984391 ], [ -96.551959842449165, 45.311546655024188 ], [ -96.551314950632488, 45.313077695921045 ], [ -96.550557001050223, 45.314582863120123 ], [ -96.549688071189507, 45.316058033283433 ], [ -96.548710542726681, 45.317499165567227 ], [ -96.547627094999314, 45.31890231267036 ], [ -96.546440697662348, 45.320263631623519 ], [ -96.545154602548379, 45.321579394290119 ], [ -96.543772334754749, 45.322845997550438 ], [ -96.542297682981371, 45.324059973141345 ], [ -96.540734689146277, 45.325217997125328 ], [ -96.539087637306906, 45.326316898962915 ], [ -96.53736104191789, 45.327353670164349 ], [ -96.535559635457147, 45.328325472497013 ], [ -96.533688355454601, 45.32922964572662 ], [ -96.531752330958653, 45.330063714871471 ], [ -96.529756868477861, 45.330825396949997 ], [ -96.527707437436234, 45.33151260720394 ], [ -96.525609655181725, 45.332123464779976 ], [ -96.523469271589747, 45.33265629785506 ], [ -96.521292153302895, 45.333109648191403 ], [ -96.519084267651124, 45.333482275109048 ], [ -96.51685166629548, 45.333773158865455 ], [ -96.514600468641135, 45.33398150343303 ], [ -96.512336845064354, 45.33410673866706 ], [ -96.510067, 45.334148521858438 ], [ -96.507797154935659, 45.33410673866706 ], [ -96.505533531358878, 45.33398150343303 ], [ -96.503282333704519, 45.333773158865455 ], [ -96.501049732348889, 45.333482275109048 ], [ -96.498841846697118, 45.333109648191403 ], [ -96.496664728410266, 45.33265629785506 ], [ -96.494524344818288, 45.332123464779976 ], [ -96.492426562563779, 45.33151260720394 ], [ -96.490377131522152, 45.330825396949997 ], [ -96.48838166904136, 45.330063714871471 ], [ -96.486445644545412, 45.32922964572662 ], [ -96.484574364542866, 45.328325472497013 ], [ -96.482772958082123, 45.327353670164349 ], [ -96.481046362693107, 45.326316898962915 ], [ -96.479399310853736, 45.325217997125328 ], [ -96.477836317018642, 45.324059973141345 ], [ -96.476361665245264, 45.322845997550438 ], [ -96.474979397451619, 45.321579394290119 ], [ -96.473693302337665, 45.320263631623519 ], [ -96.472506905000699, 45.31890231267036 ], [ -96.471423457273332, 45.317499165567227 ], [ -96.470445928810506, 45.316058033283433 ], [ -96.46957699894979, 45.314582863120123 ], [ -96.468819049367525, 45.313077695921045 ], [ -96.468174157550848, 45.311546655024188 ], [ -96.467644091103367, 45.309993934984391 ], [ -96.467230302900404, 45.308423790097358 ], [ -96.466933927106638, 45.306840522756517 ], [ -96.466755776067558, 45.305248471674282 ], [ -96.466696338082713, 45.303652 ] ] ] ] } },
{ "type": "Feature", "properties": { "fclty__": "Bowen Steam Generator Unit 1, Unit 2, Unit 3, and Unit 4", "plnt_nm": "Bowen", "utlty_n": "Georgia Power Co", "strt_dd": "317 Covered Bridge Road, SW", "city": "Cartersville", "state": "Georgia", "zip": 30120, "prm_src": "coal" }, "geometry": { "type": "MultiPolygon", "coordinates": [ [ [ [ -84.878829338082696, 34.1256 ], [ -84.878888776067541, 34.123720979230697 ], [ -84.879066927106621, 34.121847067138425 ], [ -84.879363302900387, 34.119983400499756 ], [ -84.879777091103364, 34.118135088344744 ], [ -84.880307157550831, 34.116307197944053 ], [ -84.880952049367508, 34.114504740907073 ], [ -84.881709998949773, 34.112732659429099 ], [ -84.882578928810489, 34.110995812725555 ], [ -84.883556457273315, 34.109298963690577 ], [ -84.884639905000668, 34.107646765816902 ], [ -84.885826302337648, 34.106043750413008 ], [ -84.887112397451602, 34.104494314153015 ], [ -84.888494665245261, 34.103002706993699 ], [ -84.889969317018625, 34.101573020492161 ], [ -84.891532310853719, 34.10020917655644 ], [ -84.89317936269309, 34.098914916660412 ], [ -84.89490595808212, 34.097693791552821 ], [ -84.896707364542848, 34.096549151489072 ], [ -84.898578644545395, 34.09548413701296 ], [ -84.900514669041357, 34.094501670314038 ], [ -84.902510131522135, 34.093604447184539 ], [ -84.904559562563776, 34.092794929598476 ], [ -84.906657344818285, 34.092075338933455 ], [ -84.908797728410249, 34.091447649854068 ], [ -84.910974846697101, 34.090913584874251 ], [ -84.913182732348886, 34.090474609613253 ], [ -84.915415333704516, 34.090131928759106 ], [ -84.917666531358876, 34.089886482750224 ], [ -84.919930154935656, 34.089738945184948 ], [ -84.9222, 34.089689720965993 ], [ -84.924469845064337, 34.089738945184948 ], [ -84.926733468641117, 34.089886482750224 ], [ -84.928984666295463, 34.090131928759106 ], [ -84.931217267651107, 34.090474609613253 ], [ -84.933425153302878, 34.090913584874251 ], [ -84.93560227158973, 34.091447649854068 ], [ -84.937742655181708, 34.092075338933455 ], [ -84.939840437436217, 34.092794929598476 ], [ -84.941889868477858, 34.093604447184539 ], [ -84.943885330958636, 34.094501670314038 ], [ -84.945821355454598, 34.09548413701296 ], [ -84.94769263545713, 34.096549151489072 ], [ -84.949494041917873, 34.097693791552821 ], [ -84.951220637306903, 34.098914916660412 ], [ -84.95286768914626, 34.10020917655644 ], [ -84.954430682981368, 34.101573020492161 ], [ -84.955905334754732, 34.103002706993699 ], [ -84.957287602548377, 34.104494314153015 ], [ -84.958573697662331, 34.106043750413008 ], [ -84.959760094999311, 34.107646765816902 ], [ -84.960843542726678, 34.109298963690577 ], [ -84.961821071189505, 34.110995812725555 ], [ -84.962690001050206, 34.112732659429099 ], [ -84.963447950632471, 34.114504740907073 ], [ -84.964092842449162, 34.116307197944053 ], [ -84.964622908896629, 34.118135088344744 ], [ -84.965036697099592, 34.119983400499756 ], [ -84.965333072893358, 34.121847067138425 ], [ -84.965511223932452, 34.123720979230697 ], [ -84.965570661917283, 34.1256 ], [ -84.965511223932452, 34.12747897900838 ], [ -84.965333072893358, 34.129352766275417 ], [ -84.965036697099592, 34.131216226392162 ], [ -84.964622908896629, 34.133064252591254 ], [ -84.964092842449162, 34.134891780735025 ], [ -84.963447950632471, 34.136693803183036 ], [ -84.962690001050206, 34.138465382501458 ], [ -84.961821071189505, 34.140201664976637 ], [ -84.960843542726678, 34.141897893896221 ], [ -84.959760094999311, 34.143549422561598 ], [ -84.958573697662331, 34.145151726996296 ], [ -84.957287602548377, 34.14670041831571 ], [ -84.955905334754732, 34.148191254724786 ], [ -84.954430682981368, 34.149620153110931 ], [ -84.95286768914626, 34.150983200200855 ], [ -84.951220637306903, 34.152276663251101 ], [ -84.949494041917873, 34.153497000243327 ], [ -84.94769263545713, 34.1546408695569 ], [ -84.945821355454598, 34.155705139092511 ], [ -84.943885330958636, 34.156686894822329 ], [ -84.941889868477858, 34.157583448743651 ], [ -84.939840437436217, 34.158392346214427 ], [ -84.937742655181708, 34.159111372651203 ], [ -84.93560227158973, 34.159738559571153 ], [ -84.933425153302878, 34.160272189962122 ], [ -84.931217267651107, 34.160710802966278 ], [ -84.928984666295463, 34.161053197864589 ], [ -84.926733468641117, 34.161298437351604 ], [ -84.924469845064337, 34.161445850091681 ], [ -84.9222, 34.16149503254973 ], [ -84.919930154935656, 34.161445850091681 ], [ -84.917666531358876, 34.161298437351604 ], [ -84.915415333704516, 34.161053197864589 ], [ -84.913182732348886, 34.160710802966278 ], [ -84.910974846697101, 34.160272189962122 ], [ -84.908797728410249, 34.159738559571153 ], [ -84.906657344818285, 34.159111372651203 ], [ -84.904559562563776, 34.158392346214427 ], [ -84.902510131522135, 34.157583448743651 ], [ -84.900514669041357, 34.156686894822329 ], [ -84.898578644545395, 34.155705139092511 ], [ -84.896707364542848, 34.1546408695569 ], [ -84.89490595808212, 34.153497000243327 ], [ -84.89317936269309, 34.152276663251101 ], [ -84.891532310853719, 34.150983200200855 ], [ -84.889969317018625, 34.149620153110931 ], [ -84.888494665245261, 34.148191254724786 ], [ -84.887112397451602, 34.14670041831571 ], [ -84.885826302337648, 34.145151726996296 ], [ -84.884639905000668, 34.143549422561598 ], [ -84.883556457273315, 34.141897893896221 ], [ -84.882578928810489, 34.140201664976637 ], [ -84.881709998949773, 34.138465382501458 ], [ -84.880952049367508, 34.136693803183036 ], [ -84.880307157550831, 34.134891780735025 ], [ -84.879777091103364, 34.133064252591254 ], [ -84.879363302900387, 34.131216226392162 ], [ -84.879066927106621, 34.129352766275417 ], [ -84.878888776067541, 34.12747897900838 ], [ -84.878829338082696, 34.1256 ] ] ] ] } },
{ "type": "Feature", "properties": { "fclty__": "Brame Energy Center Unit 2", "plnt_nm": "Brame Energy Center", "utlty_n": "Cleco Power LLC", "strt_dd": "275 Rodemacher Rd", "city": "Lena", "state": "Louisiana", "zip": 71447, "prm_src": "petroleum" }, "geometry": { "type": "MultiPolygon", "coordinates": [ [ [ [ -92.673296338082693, 31.395 ], [ -92.673355776067524, 31.393062448748058 ], [ -92.673533927106632, 31.391130168369237 ], [ -92.673830302900384, 31.389208455602034 ], [ -92.674244091103347, 31.387302578541114 ], [ -92.674774157550814, 31.385417762188869 ], [ -92.675419049367505, 31.383559174121757 ], [ -92.676176998949771, 31.38173191031062 ], [ -92.677045928810486, 31.3799409811343 ], [ -92.678023457273298, 31.378191297624856 ], [ -92.679106905000666, 31.376487657982413 ], [ -92.680293302337645, 31.374834734396945 ], [ -92.6815793974516, 31.373237060213278 ], [ -92.682961665245244, 31.371699017474853 ], [ -92.684436317018609, 31.370224824880758 ], [ -92.685999310853717, 31.368818526189397 ], [ -92.687646362693073, 31.367483979100843 ], [ -92.689372958082103, 31.366224844648897 ], [ -92.691174364542846, 31.365044577132046 ], [ -92.693045644545393, 31.363946414611632 ], [ -92.69498166904134, 31.362933370003319 ], [ -92.696977131522118, 31.362008222786859 ], [ -92.699026562563759, 31.361173511357091 ], [ -92.701124344818268, 31.360431526037608 ], [ -92.703264728410261, 31.359784302776454 ], [ -92.705441846697099, 31.359233617541424 ], [ -92.70764973234887, 31.358780981430659 ], [ -92.709882333704513, 31.358427636512161 ], [ -92.712133531358873, 31.358174552403725 ], [ -92.714397154935654, 31.358022423603039 ], [ -92.716667, 31.357971667575185 ], [ -92.71893684506432, 31.358022423603039 ], [ -92.721200468641101, 31.358174552403725 ], [ -92.72345166629546, 31.358427636512161 ], [ -92.72568426765109, 31.358780981430659 ], [ -92.727892153302875, 31.359233617541424 ], [ -92.730069271589727, 31.359784302776454 ], [ -92.732209655181691, 31.360431526037608 ], [ -92.7343074374362, 31.361173511357091 ], [ -92.736356868477841, 31.362008222786859 ], [ -92.738352330958634, 31.362933370003319 ], [ -92.740288355454581, 31.363946414611632 ], [ -92.742159635457128, 31.365044577132046 ], [ -92.743961041917856, 31.366224844648897 ], [ -92.745687637306887, 31.367483979100843 ], [ -92.747334689146257, 31.368818526189397 ], [ -92.748897682981351, 31.370224824880758 ], [ -92.750372334754715, 31.371699017474853 ], [ -92.751754602548374, 31.373237060213278 ], [ -92.753040697662328, 31.374834734396945 ], [ -92.754227094999308, 31.376487657982413 ], [ -92.755310542726662, 31.378191297624856 ], [ -92.756288071189488, 31.3799409811343 ], [ -92.757157001050203, 31.38173191031062 ], [ -92.757914950632468, 31.383559174121757 ], [ -92.758559842449145, 31.385417762188869 ], [ -92.759089908896627, 31.387302578541114 ], [ -92.759503697099589, 31.389208455602034 ], [ -92.759800072893356, 31.391130168369237 ], [ -92.75997822393245, 31.393062448748058 ], [ -92.760037661917266, 31.395 ], [ -92.75997822393245, 31.396937511266124 ], [ -92.759800072893356, 31.398869672125592 ], [ -92.759503697099589, 31.40079118714938 ], [ -92.759089908896627, 31.402696790409355 ], [ -92.758559842449145, 31.40458125990293 ], [ -92.757914950632468, 31.406439431853919 ], [ -92.757157001050203, 31.408266214850528 ], [ -92.756288071189488, 31.410056603781818 ], [ -92.755310542726662, 31.411805693534795 ], [ -92.754227094999308, 31.413508692414624 ], [ -92.753040697662328, 31.415160935251674 ], [ -92.751754602548374, 31.416757896159549 ], [ -92.750372334754715, 31.418295200909601 ], [ -92.748897682981351, 31.419768638888304 ], [ -92.747334689146257, 31.421174174604968 ], [ -92.745687637306887, 31.422507958718846 ], [ -92.743961041917856, 31.423766338555438 ], [ -92.742159635457128, 31.424945868083977 ], [ -92.740288355454581, 31.426043317328674 ], [ -92.738352330958634, 31.427055681188673 ], [ -92.736356868477841, 31.427980187642639 ], [ -92.7343074374362, 31.428814305316045 ], [ -92.732209655181691, 31.429555750390634 ], [ -92.730069271589727, 31.430202492837374 ], [ -92.727892153302875, 31.430752761956395 ], [ -92.72568426765109, 31.43120505120859 ], [ -92.72345166629546, 31.431558122326219 ], [ -92.721200468641101, 31.431811008691305 ], [ -92.71893684506432, 31.431963017972677 ], [ -92.716667, 31.432013734014731 ], [ -92.714397154935654, 31.431963017972677 ], [ -92.712133531358873, 31.431811008691305 ], [ -92.709882333704513, 31.431558122326219 ], [ -92.70764973234887, 31.43120505120859 ], [ -92.705441846697099, 31.430752761956395 ], [ -92.703264728410261, 31.430202492837374 ], [ -92.701124344818268, 31.429555750390634 ], [ -92.699026562563759, 31.428814305316045 ], [ -92.696977131522118, 31.427980187642639 ], [ -92.69498166904134, 31.427055681188673 ], [ -92.693045644545393, 31.426043317328674 ], [ -92.691174364542846, 31.424945868083977 ], [ -92.689372958082103, 31.423766338555438 ], [ -92.687646362693073, 31.422507958718846 ], [ -92.685999310853717, 31.421174174604968 ], [ -92.684436317018609, 31.419768638888304 ], [ -92.682961665245244, 31.418295200909601 ], [ -92.6815793974516, 31.416757896159549 ], [ -92.680293302337645, 31.415160935251674 ], [ -92.679106905000666, 31.413508692414624 ], [ -92.678023457273298, 31.411805693534795 ], [ -92.677045928810486, 31.410056603781818 ], [ -92.676176998949771, 31.408266214850528 ], [ -92.675419049367505, 31.406439431853919 ], [ -92.674774157550814, 31.40458125990293 ], [ -92.674244091103347, 31.402696790409355 ], [ -92.673830302900384, 31.40079118714938 ], [ -92.673533927106632, 31.398869672125592 ], [ -92.673355776067524, 31.396937511266124 ], [ -92.673296338082693, 31.395 ] ] ] ] } },
{ "type": "Feature", "properties": { "fclty__": "Coal Creek Station", "plnt_nm": "Coal Creek", "utlty_n": "Rainbow Energy Center", "strt_dd": "2875 3rd Street SW", "city": "Underwood", "state": "North Dakota", "zip": 58576, "prm_src": "coal" }, "geometry": { "type": "MultiPolygon", "coordinates": [ [ [ [ -101.113687338082713, 47.377743 ], [ -101.113746776067543, 47.376205925087895 ], [ -101.113924927106638, 47.374673018568522 ], [ -101.114221302900404, 47.373148482582032 ], [ -101.114635091103366, 47.371636496685582 ], [ -101.115165157550834, 47.37014120638753 ], [ -101.115810049367525, 47.368666711771048 ], [ -101.11656799894979, 47.367217056238573 ], [ -101.117436928810491, 47.365796215408189 ], [ -101.118414457273332, 47.364408086192448 ], [ -101.119497905000685, 47.363056476089966 ], [ -101.120684302337665, 47.361745092719438 ], [ -101.121970397451619, 47.360477533624916 ], [ -101.123352665245264, 47.359257276380959 ], [ -101.124827317018628, 47.358087669024776 ], [ -101.126390310853736, 47.356971920842341 ], [ -101.128037362693092, 47.355913093533864 ], [ -101.129763958082123, 47.354914092783432 ], [ -101.131565364542865, 47.353977660256213 ], [ -101.133436644545398, 47.353106366045729 ], [ -101.135372669041359, 47.352302601592143 ], [ -101.137368131522138, 47.351568573091583 ], [ -101.139417562563779, 47.35090629541466 ], [ -101.141515344818288, 47.350317586551633 ], [ -101.143655728410266, 47.349804062599446 ], [ -101.145832846697118, 47.349367133304838 ], [ -101.148040732348889, 47.349007998176113 ], [ -101.150273333704533, 47.348727643174399 ], [ -101.152524531358878, 47.348526837993596 ], [ -101.154788154935659, 47.348406133937047 ], [ -101.157058, 47.348365862396342 ], [ -101.15932784506434, 47.348406133937047 ], [ -101.16159146864112, 47.348526837993596 ], [ -101.16384266629548, 47.348727643174399 ], [ -101.166075267651109, 47.349007998176113 ], [ -101.168283153302895, 47.349367133304838 ], [ -101.170460271589747, 47.349804062599446 ], [ -101.172600655181711, 47.350317586551633 ], [ -101.17469843743622, 47.35090629541466 ], [ -101.176747868477861, 47.351568573091583 ], [ -101.178743330958639, 47.352302601592143 ], [ -101.1806793554546, 47.353106366045729 ], [ -101.182550635457133, 47.353977660256213 ], [ -101.184352041917876, 47.354914092783432 ], [ -101.186078637306906, 47.355913093533864 ], [ -101.187725689146276, 47.356971920842341 ], [ -101.18928868298137, 47.358087669024776 ], [ -101.190763334754735, 47.359257276380959 ], [ -101.192145602548393, 47.360477533624916 ], [ -101.193431697662348, 47.361745092719438 ], [ -101.194618094999313, 47.363056476089966 ], [ -101.195701542726681, 47.364408086192448 ], [ -101.196679071189507, 47.365796215408189 ], [ -101.197548001050222, 47.367217056238573 ], [ -101.198305950632488, 47.368666711771048 ], [ -101.198950842449165, 47.37014120638753 ], [ -101.199480908896632, 47.371636496685582 ], [ -101.199894697099609, 47.373148482582032 ], [ -101.200191072893375, 47.374673018568522 ], [ -101.200369223932455, 47.376205925087895 ], [ -101.2004286619173, 47.377743 ], [ -101.200369223932455, 47.37928003010547 ], [ -101.200191072893375, 47.380812802695893 ], [ -101.199894697099609, 47.382337117098466 ], [ -101.199480908896632, 47.383848796183727 ], [ -101.198950842449165, 47.385343697804814 ], [ -101.198305950632488, 47.386817726137011 ], [ -101.197548001050222, 47.388266842886559 ], [ -101.196679071189507, 47.389687078338405 ], [ -101.195701542726681, 47.391074542212664 ], [ -101.194618094999313, 47.392425434300307 ], [ -101.193431697662348, 47.393736054849398 ], [ -101.192145602548393, 47.395002814673489 ], [ -101.190763334754735, 47.39622224495502 ], [ -101.18928868298137, 47.397391006717136 ], [ -101.187725689146276, 47.398505899938378 ], [ -101.186078637306906, 47.399563872285675 ], [ -101.184352041917876, 47.400562027442071 ], [ -101.182550635457133, 47.401497633006898 ], [ -101.1806793554546, 47.402368127947007 ], [ -101.178743330958639, 47.403171129579199 ], [ -101.176747868477861, 47.403904440064991 ], [ -101.17469843743622, 47.404566052400504 ], [ -101.172600655181711, 47.405154155885064 ], [ -101.170460271589747, 47.405667141054394 ], [ -101.168283153302895, 47.406103604064782 ], [ -101.166075267651109, 47.406462350516598 ], [ -101.16384266629548, 47.406742398707181 ], [ -101.16159146864112, 47.406942982304088 ], [ -101.15932784506434, 47.407063552431708 ], [ -101.157058, 47.407103779165794 ], [ -101.154788154935659, 47.407063552431708 ], [ -101.152524531358878, 47.406942982304088 ], [ -101.150273333704533, 47.406742398707181 ], [ -101.148040732348889, 47.406462350516598 ], [ -101.145832846697118, 47.406103604064782 ], [ -101.143655728410266, 47.405667141054394 ], [ -101.141515344818288, 47.405154155885064 ], [ -101.139417562563779, 47.404566052400504 ], [ -101.137368131522138, 47.403904440064991 ], [ -101.135372669041359, 47.403171129579199 ], [ -101.133436644545398, 47.402368127947007 ], [ -101.131565364542865, 47.401497633006898 ], [ -101.129763958082123, 47.400562027442071 ], [ -101.128037362693092, 47.399563872285675 ], [ -101.126390310853736, 47.398505899938378 ], [ -101.124827317018628, 47.397391006717136 ], [ -101.123352665245264, 47.39622224495502 ], [ -101.121970397451619, 47.395002814673489 ], [ -101.120684302337665, 47.393736054849398 ], [ -101.119497905000685, 47.392425434300307 ], [ -101.118414457273332, 47.391074542212664 ], [ -101.117436928810491, 47.389687078338405 ], [ -101.11656799894979, 47.388266842886559 ], [ -101.115810049367525, 47.386817726137011 ], [ -101.115165157550834, 47.385343697804814 ], [ -101.114635091103366, 47.383848796183727 ], [ -101.114221302900404, 47.382337117098466 ], [ -101.113924927106638, 47.3808128026959 ], [ -101.113746776067543, 47.37928003010547 ], [ -101.113687338082713, 47.377743 ] ] ] ] } },
{ "type": "Feature", "properties": { "fclty__": "Coleto Creek Power Station", "plnt_nm": "Coleto Creek", "utlty_n": "Coleto Creek Power LP", "strt_dd": "FM 2987 off Hwy 59", "city": "Fannin", "state": "Texas", "zip": 77960, "prm_src": "coal" }, "geometry": { "type": "MultiPolygon", "coordinates": [ [ [ [ -97.17079633808271, 28.7128 ], [ -97.170855776067555, 28.710809238730942 ], [ -97.171033927106635, 28.708823896268807 ], [ -97.171330302900415, 28.70684941476609 ], [ -97.171744091103363, 28.704891206910563 ], [ -97.172274157550845, 28.702954641080971 ], [ -97.172919049367522, 28.701045026620967 ], [ -97.173676998949787, 28.699167599271746 ], [ -97.174545928810502, 28.697327506803482 ], [ -97.175523457273329, 28.695529794885104 ], [ -97.176606905000696, 28.693779393231448 ], [ -97.177793302337662, 28.692081102065888 ], [ -97.17907939745163, 28.690439578935941 ], [ -97.180461665245261, 28.688859325918227 ], [ -97.181936317018639, 28.687344677248188 ], [ -97.183499310853733, 28.685899787408779 ], [ -97.185146362693104, 28.684528619711195 ], [ -97.18687295808212, 28.683234935399152 ], [ -97.188674364542862, 28.682022283307102 ], [ -97.190545644545409, 28.680893990101008 ], [ -97.192481669041356, 28.679853151128686 ], [ -97.194477131522149, 28.678902621905358 ], [ -97.196526562563776, 28.678045010257851 ], [ -97.198624344818285, 28.67728266914947 ], [ -97.200764728410263, 28.676617690205401 ], [ -97.202941846697115, 28.67605189795669 ], [ -97.2051497323489, 28.675586844818895 ], [ -97.20738233370453, 28.675223806819304 ], [ -97.209633531358875, 28.674963780084639 ], [ -97.211897154935656, 28.674807478099133 ], [ -97.214167, 28.67475532974046 ], [ -97.216436845064351, 28.674807478099133 ], [ -97.218700468641131, 28.674963780084639 ], [ -97.220951666295491, 28.675223806819304 ], [ -97.223184267651121, 28.675586844818895 ], [ -97.225392153302892, 28.67605189795669 ], [ -97.227569271589743, 28.676617690205401 ], [ -97.229709655181722, 28.67728266914947 ], [ -97.231807437436231, 28.678045010257851 ], [ -97.233856868477858, 28.678902621905358 ], [ -97.23585233095865, 28.679853151128686 ], [ -97.237788355454597, 28.680893990101008 ], [ -97.239659635457144, 28.682022283307102 ], [ -97.241461041917887, 28.683234935399152 ], [ -97.243187637306903, 28.684528619711195 ], [ -97.244834689146273, 28.685899787408779 ], [ -97.246397682981367, 28.687344677248188 ], [ -97.247872334754746, 28.688859325918227 ], [ -97.249254602548376, 28.690439578935941 ], [ -97.250540697662345, 28.692081102065888 ], [ -97.25172709499931, 28.693779393231448 ], [ -97.252810542726678, 28.695529794885104 ], [ -97.253788071189504, 28.697327506803482 ], [ -97.254657001050219, 28.699167599271746 ], [ -97.255414950632485, 28.701045026620967 ], [ -97.256059842449162, 28.702954641080971 ], [ -97.256589908896643, 28.704891206910563 ], [ -97.257003697099606, 28.70684941476609 ], [ -97.257300072893372, 28.708823896268807 ], [ -97.257478223932452, 28.710809238730942 ], [ -97.257537661917297, 28.7128 ], [ -97.257478223932452, 28.7147907233804 ], [ -97.257300072893372, 28.716775952591682 ], [ -97.257003697099606, 28.718750246722159 ], [ -97.256589908896643, 28.720708195136922 ], [ -97.256059842449162, 28.722644432299738 ], [ -97.255414950632485, 28.7245536524679 ], [ -97.254657001050219, 28.726430624220153 ], [ -97.253788071189504, 28.728270204777939 ], [ -97.252810542726678, 28.730067354080923 ], [ -97.25172709499931, 28.731817148578408 ], [ -97.250540697662345, 28.733514794699158 ], [ -97.249254602548376, 28.735155641962898 ], [ -97.247872334754746, 28.736735195697943 ], [ -97.246397682981367, 28.738249129330338 ], [ -97.244834689146273, 28.739693296211229 ], [ -97.243187637306903, 28.741063740950317 ], [ -97.241461041917887, 28.742356710224751 ], [ -97.239659635457144, 28.743568663034189 ], [ -97.237788355454597, 28.744696280374171 ], [ -97.23585233095865, 28.745736474301783 ], [ -97.233856868477858, 28.746686396369057 ], [ -97.231807437436231, 28.747543445401288 ], [ -97.229709655181722, 28.748305274599314 ], [ -97.227569271589743, 28.748969797946533 ], [ -97.225392153302892, 28.749535195903523 ], [ -97.223184267651121, 28.749999920374641 ], [ -97.220951666295491, 28.750362698933564 ], [ -97.218700468641131, 28.750622538296035 ], [ -97.216436845064351, 28.750778727030728 ], [ -97.214167, 28.750830837500768 ], [ -97.211897154935656, 28.750778727030728 ], [ -97.209633531358875, 28.750622538296035 ], [ -97.20738233370453, 28.750362698933564 ], [ -97.2051497323489, 28.749999920374641 ], [ -97.202941846697115, 28.749535195903523 ], [ -97.200764728410263, 28.748969797946533 ], [ -97.198624344818285, 28.748305274599314 ], [ -97.196526562563776, 28.747543445401288 ], [ -97.194477131522149, 28.746686396369057 ], [ -97.192481669041356, 28.745736474301783 ], [ -97.190545644545409, 28.744696280374171 ], [ -97.188674364542862, 28.743568663034189 ], [ -97.18687295808212, 28.742356710224751 ], [ -97.185146362693104, 28.741063740950317 ], [ -97.183499310853733, 28.739693296211229 ], [ -97.181936317018639, 28.738249129330338 ], [ -97.180461665245261, 28.736735195697943 ], [ -97.17907939745163, 28.735155641962898 ], [ -97.177793302337662, 28.733514794699158 ], [ -97.176606905000696, 28.731817148578408 ], [ -97.175523457273329, 28.730067354080923 ], [ -97.174545928810502, 28.728270204777939 ], [ -97.173676998949787, 28.726430624220153 ], [ -97.172919049367522, 28.7245536524679 ], [ -97.172274157550845, 28.722644432299738 ], [ -97.171744091103363, 28.720708195136922 ], [ -97.171330302900415, 28.718750246722159 ], [ -97.171033927106635, 28.716775952591682 ], [ -97.170855776067555, 28.7147907233804 ], [ -97.17079633808271, 28.7128 ] ] ] ] } },
{ "type": "Feature", "properties": { "fclty__": "Colstrip Steam Electric Station Units 3 and 4", "plnt_nm": "Colstrip", "utlty_n": "Talen Montana LLC", "strt_dd": "1 Warehouse Road", "city": "Colstrip", "state": "Montana", "zip": 59323, "prm_src": "coal" }, "geometry": { "type": "MultiPolygon", "coordinates": [ [ [ [ -106.570629338082725, 45.8831 ], [ -106.570688776067556, 45.881519882575837 ], [ -106.57086692710665, 45.879944051388186 ], [ -106.571163302900416, 45.878376826232504 ], [ -106.571577091103379, 45.876822503676813 ], [ -106.572107157550846, 45.875285345275159 ], [ -106.572752049367523, 45.873769565873133 ], [ -106.573509998949788, 45.872279322037691 ], [ -106.574378928810503, 45.870818700643262 ], [ -106.57535645727333, 45.869391707645626 ], [ -106.576439905000697, 45.868002257074508 ], [ -106.577626302337663, 45.866654160275452 ], [ -106.578912397451631, 45.865351115430819 ], [ -106.580294665245276, 45.864096697388867 ], [ -106.58176931701864, 45.862894347829268 ], [ -106.583332310853748, 45.861747365792347 ], [ -106.584979362693105, 45.860658898598537 ], [ -106.586705958082135, 45.859631933183145 ], [ -106.588507364542878, 45.858669287870782 ], [ -106.59037864454541, 45.857773604612412 ], [ -106.592314669041372, 45.856947341706515 ], [ -106.59431013152215, 45.856192767025114 ], [ -106.596359562563791, 45.855511951763141 ], [ -106.5984573448183, 45.854906764729115 ], [ -106.600597728410278, 45.854378867192779 ], [ -106.60277484669713, 45.853929708304356 ], [ -106.604982732348901, 45.853560521098231 ], [ -106.607215333704531, 45.853272319092227 ], [ -106.609466531358891, 45.853065893492072 ], [ -106.611730154935671, 45.852941811008911 ], [ -106.614, 45.852900412296002 ], [ -106.616269845064352, 45.852941811008911 ], [ -106.618533468641132, 45.853065893492072 ], [ -106.620784666295492, 45.853272319092227 ], [ -106.623017267651122, 45.853560521098231 ], [ -106.625225153302907, 45.853929708304356 ], [ -106.627402271589759, 45.854378867192779 ], [ -106.629542655181723, 45.854906764729115 ], [ -106.631640437436232, 45.855511951763141 ], [ -106.633689868477873, 45.856192767025114 ], [ -106.635685330958651, 45.856947341706515 ], [ -106.637621355454613, 45.857773604612412 ], [ -106.639492635457145, 45.858669287870782 ], [ -106.641294041917888, 45.859631933183145 ], [ -106.643020637306918, 45.860658898598537 ], [ -106.644667689146274, 45.861747365792347 ], [ -106.646230682981383, 45.862894347829268 ], [ -106.647705334754747, 45.864096697388867 ], [ -106.649087602548391, 45.865351115430819 ], [ -106.65037369766236, 45.866654160275452 ], [ -106.651560094999326, 45.868002257074508 ], [ -106.652643542726693, 45.869391707645626 ], [ -106.653621071189519, 45.870818700643262 ], [ -106.654490001050235, 45.872279322037691 ], [ -106.6552479506325, 45.873769565873133 ], [ -106.655892842449177, 45.875285345275159 ], [ -106.656422908896644, 45.876822503676813 ], [ -106.656836697099607, 45.878376826232504 ], [ -106.657133072893373, 45.879944051388186 ], [ -106.657311223932467, 45.881519882575837 ], [ -106.657370661917298, 45.8831 ], [ -106.657311223932467, 45.884680072484123 ], [ -106.657133072893373, 45.886255769344032 ], [ -106.656836697099607, 45.887822772256001 ], [ -106.656422908896644, 45.889376787086952 ], [ -106.655892842449177, 45.890913555654322 ], [ -106.6552479506325, 45.89242886738365 ], [ -106.654490001050235, 45.8939185708319 ], [ -106.653621071189519, 45.895378585045208 ], [ -106.652643542726693, 45.896804910720242 ], [ -106.651560094999326, 45.898193641138569 ], [ -106.65037369766236, 45.899540972844811 ], [ -106.649087602548391, 45.900843216039107 ], [ -106.647705334754747, 45.902096804656274 ], [ -106.646230682981383, 45.903298306103991 ], [ -106.644667689146274, 45.904444430633987 ], [ -106.643020637306918, 45.905532040320892 ], [ -106.641294041917888, 45.90655815762441 ], [ -106.639492635457145, 45.907519973512024 ], [ -106.637621355454613, 45.908414855120128 ], [ -106.635685330958651, 45.909240352933267 ], [ -106.633689868477873, 45.90999420746197 ], [ -106.631640437436232, 45.910674355401405 ], [ -106.629542655181723, 45.911278935254394 ], [ -106.627402271589759, 45.911806292403611 ], [ -106.625225153302907, 45.912254983619405 ], [ -106.623017267651122, 45.912623780991304 ], [ -106.620784666295492, 45.912911675272611 ], [ -106.618533468641132, 45.913117878629095 ], [ -106.616269845064352, 45.913241826784535 ], [ -106.614, 45.913283180557436 ], [ -106.611730154935671, 45.913241826784535 ], [ -106.609466531358891, 45.913117878629095 ], [ -106.607215333704531, 45.912911675272611 ], [ -106.604982732348901, 45.912623780991304 ], [ -106.60277484669713, 45.912254983619405 ], [ -106.600597728410278, 45.911806292403611 ], [ -106.5984573448183, 45.911278935254394 ], [ -106.596359562563791, 45.910674355401405 ], [ -106.59431013152215, 45.90999420746197 ], [ -106.592314669041372, 45.909240352933267 ], [ -106.59037864454541, 45.908414855120128 ], [ -106.588507364542878, 45.907519973512024 ], [ -106.586705958082135, 45.90655815762441 ], [ -106.584979362693105, 45.905532040320892 ], [ -106.583332310853748, 45.904444430633987 ], [ -106.58176931701864, 45.903298306103991 ], [ -106.580294665245276, 45.902096804656274 ], [ -106.578912397451631, 45.900843216039107 ], [ -106.577626302337663, 45.899540972844811 ], [ -106.576439905000697, 45.898193641138569 ], [ -106.57535645727333, 45.896804910720242 ], [ -106.574378928810503, 45.895378585045208 ], [ -106.573509998949788, 45.8939185708319 ], [ -106.572752049367523, 45.89242886738365 ], [ -106.572107157550846, 45.890913555654322 ], [ -106.571577091103379, 45.889376787086952 ], [ -106.571163302900416, 45.887822772256001 ], [ -106.57086692710665, 45.886255769344039 ], [ -106.570688776067556, 45.884680072484123 ], [ -106.570629338082725, 45.8831 ] ] ] ] } },
{ "type": "Feature", "properties": { "fclty__": "Colver Green Facility", "plnt_nm": "Colver Green Energy", "utlty_n": "Inter-Power/AhlCon Partners, L.P.", "strt_dd": "141 Interpower Drive", "city": "Colver", "state": "Pennsylvania", "zip": 15927, "prm_src": "coal" }, "geometry": { "type": "MultiPolygon", "coordinates": [ [ [ [ -78.754569338082689, 40.55108 ], [ -78.754628776067534, 40.549355288970212 ], [ -78.754806927106628, 40.547635261016012 ], [ -78.755103302900395, 40.545924631160304 ], [ -78.755517091103343, 40.544228089023321 ], [ -78.756047157550825, 40.542550285958896 ], [ -78.756692049367516, 40.540895822291709 ], [ -78.757449998949767, 40.539269234690749 ], [ -78.758318928810496, 40.537674983713849 ], [ -78.759296457273308, 40.536117441557508 ], [ -78.760379905000676, 40.534600880046028 ], [ -78.761566302337641, 40.533129458893058 ], [ -78.76285239745161, 40.531707214268039 ], [ -78.764234665245255, 40.530338047699352 ], [ -78.765709317018619, 40.529025715344808 ], [ -78.767272310853713, 40.527773817659401 ], [ -78.768919362693083, 40.526585789488983 ], [ -78.770645958082099, 40.525464890617485 ], [ -78.772447364542842, 40.524414196793877 ], [ -78.774318644545403, 40.523436591264101 ], [ -78.776254669041336, 40.522534756831348 ], [ -78.778250131522128, 40.521711168467093 ], [ -78.780299562563755, 40.520968086493276 ], [ -78.782397344818264, 40.520307550354971 ], [ -78.784537728410257, 40.51973137300066 ], [ -78.786714846697095, 40.519241135886098 ], [ -78.788922732348865, 40.518838184615646 ], [ -78.791155333704509, 40.518523625233243 ], [ -78.793406531358869, 40.518298321173461 ], [ -78.79567015493565, 40.518162890881257 ], [ -78.79794, 40.518117706106935 ], [ -78.80020984506433, 40.518162890881257 ], [ -78.802473468641111, 40.518298321173461 ], [ -78.804724666295471, 40.518523625233243 ], [ -78.8069572676511, 40.518838184615646 ], [ -78.809165153302871, 40.519241135886098 ], [ -78.811342271589723, 40.51973137300066 ], [ -78.813482655181701, 40.520307550354971 ], [ -78.815580437436211, 40.520968086493276 ], [ -78.817629868477837, 40.521711168467093 ], [ -78.81962533095863, 40.522534756831348 ], [ -78.821561355454577, 40.523436591264101 ], [ -78.823432635457138, 40.524414196793877 ], [ -78.825234041917867, 40.525464890617485 ], [ -78.826960637306883, 40.526585789488983 ], [ -78.828607689146267, 40.527773817659401 ], [ -78.830170682981347, 40.529025715344808 ], [ -78.831645334754725, 40.530338047699352 ], [ -78.83302760254837, 40.531707214268039 ], [ -78.834313697662324, 40.533129458893058 ], [ -78.835500094999304, 40.534600880046028 ], [ -78.836583542726657, 40.536117441557508 ], [ -78.837561071189484, 40.537674983713849 ], [ -78.838430001050199, 40.539269234690749 ], [ -78.839187950632464, 40.540895822291709 ], [ -78.839832842449141, 40.542550285958896 ], [ -78.840362908896623, 40.544228089023321 ], [ -78.840776697099585, 40.545924631160304 ], [ -78.841073072893352, 40.547635261016012 ], [ -78.841251223932446, 40.549355288970212 ], [ -78.841310661917277, 40.55108 ], [ -78.841251223932446, 40.552804666609468 ], [ -78.841073072893352, 40.554524561789371 ], [ -78.840776697099585, 40.556234971971556 ], [ -78.840362908896623, 40.557931209942545 ], [ -78.839832842449141, 40.559608627681023 ], [ -78.839187950632464, 40.561262629084013 ], [ -78.838430001050199, 40.562888682547189 ], [ -78.837561071189484, 40.564482333364865 ], [ -78.836583542726657, 40.566039215915993 ], [ -78.835500094999304, 40.567555065603059 ], [ -78.834313697662324, 40.569025730511299 ], [ -78.83302760254837, 40.570447182756858 ], [ -78.831645334754725, 40.571815529492838 ], [ -78.830170682981347, 40.573127023543684 ], [ -78.828607689146267, 40.574378073639018 ], [ -78.826960637306883, 40.57556525421937 ], [ -78.825234041917867, 40.576685314787191 ], [ -78.823432635457138, 40.577735188778135 ], [ -78.821561355454577, 40.57871200192853 ], [ -78.81962533095863, 40.579613080116637 ], [ -78.817629868477837, 40.580435956656565 ], [ -78.815580437436211, 40.58117837902526 ], [ -78.813482655181701, 40.58183831500444 ], [ -78.811342271589723, 40.582413958221082 ], [ -78.809165153302871, 40.582903733071532 ], [ -78.8069572676511, 40.583306299016115 ], [ -78.804724666295471, 40.583620554232581 ], [ -78.802473468641111, 40.583845638618889 ], [ -78.80020984506433, 40.58398093613684 ], [ -78.79794, 40.584026076490851 ], [ -78.79567015493565, 40.58398093613684 ], [ -78.793406531358869, 40.583845638618889 ], [ -78.791155333704509, 40.583620554232581 ], [ -78.788922732348865, 40.583306299016115 ], [ -78.786714846697095, 40.582903733071532 ], [ -78.784537728410257, 40.582413958221082 ], [ -78.782397344818264, 40.58183831500444 ], [ -78.780299562563755, 40.58117837902526 ], [ -78.778250131522128, 40.580435956656565 ], [ -78.776254669041336, 40.579613080116637 ], [ -78.774318644545403, 40.57871200192853 ], [ -78.772447364542842, 40.577735188778135 ], [ -78.770645958082099, 40.576685314787191 ], [ -78.768919362693083, 40.57556525421937 ], [ -78.767272310853713, 40.574378073639018 ], [ -78.765709317018619, 40.573127023543684 ], [ -78.764234665245255, 40.571815529492838 ], [ -78.76285239745161, 40.570447182756858 ], [ -78.761566302337641, 40.569025730511299 ], [ -78.760379905000676, 40.567555065603059 ], [ -78.759296457273308, 40.566039215915993 ], [ -78.758318928810496, 40.564482333364865 ], [ -78.757449998949767, 40.562888682547189 ], [ -78.756692049367516, 40.561262629084013 ], [ -78.756047157550825, 40.559608627681023 ], [ -78.755517091103343, 40.557931209942545 ], [ -78.755103302900395, 40.556234971971556 ], [ -78.754806927106628, 40.554524561789378 ], [ -78.754628776067534, 40.552804666609468 ], [ -78.754569338082689, 40.55108 ] ] ] ] } },
{ "type": "Feature", "properties": { "fclty__": "Conemaugh Station Unit 1 and Unit 2", "plnt_nm": "Conemaugh", "utlty_n": "KeyCon Operating LLC", "strt_dd": "1442 Power Plant Road", "city": "New Florence", "state": "Pennsylvania", "zip": 15944, "prm_src": "coal" }, "geometry": { "type": "MultiPolygon", "coordinates": [ [ [ [ -79.017729338082702, 40.3842 ], [ -79.017788776067533, 40.382470998225337 ], [ -79.017966927106627, 40.380746691328042 ], [ -79.018263302900394, 40.379031806058755 ], [ -79.018677091103356, 40.377331043700693 ], [ -79.019207157550824, 40.375649067173896 ], [ -79.019852049367515, 40.373990488240743 ], [ -79.02060999894978, 40.372359854848135 ], [ -79.021478928810495, 40.370761638641099 ], [ -79.022456457273307, 40.369200222682274 ], [ -79.023539905000675, 40.367679889411285 ], [ -79.024726302337655, 40.366204808877178 ], [ -79.026012397451609, 40.364779027276626 ], [ -79.027394665245254, 40.363406455829583 ], [ -79.028869317018618, 40.362090860023265 ], [ -79.030432310853726, 40.36083584925435 ], [ -79.032079362693082, 40.359644866898194 ], [ -79.033805958082112, 40.358521180832689 ], [ -79.035607364542855, 40.35746787444311 ], [ -79.037478644545388, 40.356487838133098 ], [ -79.039414669041349, 40.35558376136543 ], [ -79.041410131522127, 40.354758125254747 ], [ -79.043459562563768, 40.354013195732996 ], [ -79.045557344818278, 40.3533510173067 ], [ -79.047697728410256, 40.352773407423442 ], [ -79.049874846697108, 40.352281951463397 ], [ -79.052082732348879, 40.351877998369922 ], [ -79.054315333704523, 40.351562656931392 ], [ -79.056566531358868, 40.351336792724759 ], [ -79.058830154935649, 40.35120102572948 ], [ -79.0611, 40.351155728618224 ], [ -79.063369845064329, 40.35120102572948 ], [ -79.06563346864111, 40.351336792724759 ], [ -79.06788466629547, 40.351562656931392 ], [ -79.070117267651099, 40.351877998369922 ], [ -79.072325153302884, 40.352281951463397 ], [ -79.074502271589736, 40.352773407423442 ], [ -79.076642655181701, 40.3533510173067 ], [ -79.07874043743621, 40.354013195732996 ], [ -79.080789868477851, 40.354758125254747 ], [ -79.082785330958629, 40.35558376136543 ], [ -79.08472135545459, 40.356487838133098 ], [ -79.086592635457137, 40.35746787444311 ], [ -79.088394041917866, 40.358521180832689 ], [ -79.090120637306896, 40.359644866898194 ], [ -79.091767689146266, 40.36083584925435 ], [ -79.09333068298136, 40.362090860023265 ], [ -79.094805334754724, 40.363406455829583 ], [ -79.096187602548383, 40.364779027276626 ], [ -79.097473697662338, 40.366204808877178 ], [ -79.098660094999317, 40.367679889411285 ], [ -79.099743542726671, 40.369200222682274 ], [ -79.100721071189497, 40.370761638641099 ], [ -79.101590001050212, 40.372359854848135 ], [ -79.102347950632478, 40.373990488240743 ], [ -79.102992842449154, 40.375649067173896 ], [ -79.103522908896622, 40.377331043700693 ], [ -79.103936697099599, 40.379031806058755 ], [ -79.104233072893365, 40.380746691328042 ], [ -79.104411223932445, 40.382470998225337 ], [ -79.10447066191729, 40.3842 ], [ -79.104411223932445, 40.385928957395599 ], [ -79.104233072893365, 40.387653131641947 ], [ -79.103936697099599, 40.389367797441778 ], [ -79.103522908896622, 40.391068255916394 ], [ -79.102992842449154, 40.392749847475173 ], [ -79.102347950632478, 40.394407964573553 ], [ -79.101590001050212, 40.396038064324564 ], [ -79.100721071189497, 40.397635680929881 ], [ -79.099743542726671, 40.399196437896229 ], [ -79.098660094999317, 40.400716060004044 ], [ -79.097473697662338, 40.402190384995933 ], [ -79.096187602548383, 40.403615374953098 ], [ -79.094805334754724, 40.404987127329008 ], [ -79.09333068298136, 40.406301885610354 ], [ -79.091767689146266, 40.40755604957657 ], [ -79.090120637306896, 40.40874618513002 ], [ -79.088394041917866, 40.409869033670589 ], [ -79.086592635457137, 40.410921520989085 ], [ -79.08472135545459, 40.411900765655773 ], [ -79.082785330958629, 40.412804086881302 ], [ -79.080789868477851, 40.41362901182891 ], [ -79.07874043743621, 40.414373282358277 ], [ -79.076642655181701, 40.415034861182953 ], [ -79.074502271589736, 40.415611937424714 ], [ -79.072325153302884, 40.416102931550071 ], [ -79.070117267651099, 40.41650649967562 ], [ -79.06788466629547, 40.416821537230781 ], [ -79.06563346864111, 40.417047181967988 ], [ -79.063369845064329, 40.417182816312362 ], [ -79.0611, 40.417228069044569 ], [ -79.058830154935649, 40.417182816312362 ], [ -79.056566531358868, 40.417047181967988 ], [ -79.054315333704523, 40.416821537230781 ], [ -79.052082732348879, 40.41650649967562 ], [ -79.049874846697108, 40.416102931550071 ], [ -79.047697728410256, 40.415611937424714 ], [ -79.045557344818278, 40.415034861182953 ], [ -79.043459562563768, 40.414373282358277 ], [ -79.041410131522127, 40.41362901182891 ], [ -79.039414669041349, 40.412804086881302 ], [ -79.037478644545388, 40.411900765655773 ], [ -79.035607364542855, 40.410921520989085 ], [ -79.033805958082112, 40.409869033670589 ], [ -79.032079362693082, 40.40874618513002 ], [ -79.030432310853726, 40.40755604957657 ], [ -79.028869317018618, 40.406301885610354 ], [ -79.027394665245254, 40.404987127329008 ], [ -79.026012397451609, 40.403615374953098 ], [ -79.024726302337655, 40.402190384995933 ], [ -79.023539905000675, 40.400716060004044 ], [ -79.022456457273307, 40.399196437896229 ], [ -79.021478928810495, 40.397635680929881 ], [ -79.02060999894978, 40.396038064324564 ], [ -79.019852049367515, 40.394407964573553 ], [ -79.019207157550824, 40.392749847475173 ], [ -79.018677091103356, 40.391068255916394 ], [ -79.018263302900394, 40.389367797441778 ], [ -79.017966927106627, 40.387653131641954 ], [ -79.017788776067533, 40.385928957395599 ], [ -79.017729338082702, 40.3842 ] ] ] ] } },
{ "type": "Feature", "properties": { "fclty__": "Cooper Station", "plnt_nm": "Cooper", "utlty_n": "East Kentucky Power Coop, Inc", "strt_dd": "670 Cooper Power Plant Rd.", "city": "Somerset", "state": "Kentucky", "zip": 42501, "prm_src": "coal" }, "geometry": { "type": "MultiPolygon", "coordinates": [ [ [ [ -84.548529338082702, 36.9981 ], [ -84.548588776067533, 36.996287154221868 ], [ -84.548766927106627, 36.994479234287446 ], [ -84.549063302900379, 36.992681196111043 ], [ -84.549477091103356, 36.990897968868943 ], [ -84.550007157550823, 36.989134441479372 ], [ -84.5506520493675, 36.987395449188874 ], [ -84.551409998949765, 36.985685760302417 ], [ -84.55227892881048, 36.984010063093507 ], [ -84.553256457273307, 36.982372952930568 ], [ -84.554339905000674, 36.980778919655094 ], [ -84.55552630233764, 36.97923233524638 ], [ -84.556812397451594, 36.977737441807093 ], [ -84.558194665245253, 36.976298339902826 ], [ -84.559669317018617, 36.974918977288077 ], [ -84.561232310853725, 36.973603138049775 ], [ -84.562879362693081, 36.972354432198735 ], [ -84.564605958082112, 36.971176285737734 ], [ -84.566407364542854, 36.970071931233974 ], [ -84.568278644545387, 36.969044398922144 ], [ -84.570214669041349, 36.968096508362898 ], [ -84.572210131522127, 36.967230860679962 ], [ -84.574259562563768, 36.966449831397512 ], [ -84.576357344818277, 36.965755563897893 ], [ -84.578497728410241, 36.965149963517888 ], [ -84.580674846697093, 36.964634692300095 ], [ -84.582882732348878, 36.96421116441396 ], [ -84.585115333704508, 36.963880542259439 ], [ -84.587366531358867, 36.963643733264064 ], [ -84.589630154935648, 36.963501387382472 ], [ -84.5919, 36.963453895305307 ], [ -84.594169845064329, 36.963501387382472 ], [ -84.596433468641109, 36.963643733264064 ], [ -84.598684666295455, 36.963880542259439 ], [ -84.600917267651099, 36.96421116441396 ], [ -84.603125153302869, 36.964634692300095 ], [ -84.605302271589721, 36.965149963517888 ], [ -84.6074426551817, 36.965755563897893 ], [ -84.609540437436209, 36.966449831397512 ], [ -84.61158986847785, 36.967230860679962 ], [ -84.613585330958628, 36.968096508362898 ], [ -84.61552135545459, 36.969044398922144 ], [ -84.617392635457122, 36.970071931233974 ], [ -84.619194041917865, 36.971176285737734 ], [ -84.620920637306895, 36.972354432198735 ], [ -84.622567689146251, 36.973603138049775 ], [ -84.62413068298136, 36.974918977288077 ], [ -84.625605334754724, 36.976298339902826 ], [ -84.626987602548368, 36.977737441807093 ], [ -84.628273697662337, 36.97923233524638 ], [ -84.629460094999303, 36.980778919655094 ], [ -84.63054354272667, 36.982372952930568 ], [ -84.631521071189496, 36.984010063093507 ], [ -84.632390001050211, 36.985685760302417 ], [ -84.633147950632463, 36.987395449188874 ], [ -84.633792842449154, 36.989134441479372 ], [ -84.634322908896621, 36.990897968868943 ], [ -84.634736697099584, 36.992681196111043 ], [ -84.63503307289335, 36.994479234287446 ], [ -84.635211223932444, 36.996287154221868 ], [ -84.635270661917275, 36.9981 ], [ -84.635211223932444, 36.999912802559294 ], [ -84.63503307289335, 37.001720593310687 ], [ -84.634736697099584, 37.003518417755245 ], [ -84.634322908896621, 37.005301349058364 ], [ -84.633792842449154, 37.007064501544193 ], [ -84.633147950632463, 37.008803044073716 ], [ -84.632390001050211, 37.010512213269649 ], [ -84.631521071189496, 37.012187326552301 ], [ -84.63054354272667, 37.013823794950902 ], [ -84.629460094999303, 37.015417135655241 ], [ -84.628273697662337, 37.016962984273981 ], [ -84.626987602548368, 37.018457106765929 ], [ -84.625605334754724, 37.019895411012151 ], [ -84.62413068298136, 37.021273957997465 ], [ -84.622567689146251, 37.02258897257115 ], [ -84.620920637306895, 37.023836853757572 ], [ -84.619194041917865, 37.025014184589175 ], [ -84.617392635457122, 37.026117741434959 ], [ -84.61552135545459, 37.027144502799523 ], [ -84.613585330958628, 37.028091657568886 ], [ -84.61158986847785, 37.02895661268078 ], [ -84.609540437436209, 37.029737000199006 ], [ -84.6074426551817, 37.030430683772487 ], [ -84.605302271589721, 37.031035764462054 ], [ -84.603125153302869, 37.031550585918978 ], [ -84.600917267651099, 37.03197373890147 ], [ -84.598684666295455, 37.032304065117088 ], [ -84.596433468641109, 37.032540660380675 ], [ -84.594169845064329, 37.03268287707926 ], [ -84.5919, 37.032730325937607 ], [ -84.589630154935648, 37.03268287707926 ], [ -84.587366531358867, 37.032540660380675 ], [ -84.585115333704508, 37.032304065117088 ], [ -84.582882732348878, 37.03197373890147 ], [ -84.580674846697093, 37.031550585918978 ], [ -84.578497728410241, 37.031035764462054 ], [ -84.576357344818277, 37.030430683772487 ], [ -84.574259562563768, 37.029737000199006 ], [ -84.572210131522127, 37.02895661268078 ], [ -84.570214669041349, 37.028091657568886 ], [ -84.568278644545387, 37.027144502799523 ], [ -84.566407364542854, 37.026117741434959 ], [ -84.564605958082112, 37.025014184589175 ], [ -84.562879362693081, 37.023836853757572 ], [ -84.561232310853725, 37.02258897257115 ], [ -84.559669317018617, 37.021273957997465 ], [ -84.558194665245253, 37.019895411012151 ], [ -84.556812397451594, 37.018457106765929 ], [ -84.55552630233764, 37.016962984273981 ], [ -84.554339905000674, 37.015417135655241 ], [ -84.553256457273307, 37.013823794950902 ], [ -84.55227892881048, 37.012187326552301 ], [ -84.551409998949765, 37.010512213269649 ], [ -84.5506520493675, 37.008803044073716 ], [ -84.550007157550823, 37.007064501544193 ], [ -84.549477091103356, 37.005301349058364 ], [ -84.549063302900379, 37.003518417755245 ], [ -84.548766927106627, 37.001720593310687 ], [ -84.548588776067533, 36.999912802559294 ], [ -84.548529338082702, 36.9981 ] ] ] ] } },
{ "type": "Feature", "properties": { "fclty__": "Coyote Station", "plnt_nm": "Coyote", "utlty_n": "Otter Tail Power Co", "strt_dd": "6240  13th Street SW", "city": "Beulah", "state": "North Dakota", "zip": 58523, "prm_src": "coal" }, "geometry": { "type": "MultiPolygon", "coordinates": [ [ [ [ -101.7723513380827, 47.221447 ], [ -101.772410776067531, 47.219905374617547 ], [ -101.772588927106625, 47.218367930080767 ], [ -101.772885302900391, 47.21683888096846 ], [ -101.773299091103354, 47.215322419208384 ], [ -101.773829157550821, 47.213822702577453 ], [ -101.774474049367512, 47.212343843291826 ], [ -101.775231998949778, 47.210889896718065 ], [ -101.776100928810479, 47.209464850236664 ], [ -101.777078457273305, 47.20807261228866 ], [ -101.778161905000673, 47.206717001635639 ], [ -101.779348302337652, 47.205401736862811 ], [ -101.780634397451607, 47.204130426154265 ], [ -101.782016665245251, 47.202906557368891 ], [ -101.78349131701863, 47.201733488444411 ], [ -101.78505431085371, 47.200614438156187 ], [ -101.786701362693094, 47.199552477256823 ], [ -101.78842795808211, 47.198550520020902 ], [ -101.790229364542839, 47.197611316218627 ], [ -101.792100644545386, 47.196737443540854 ], [ -101.794036669041333, 47.195931300496611 ], [ -101.796032131522139, 47.195195099802895 ], [ -101.798081562563766, 47.194530862285447 ], [ -101.800179344818275, 47.193940411307523 ], [ -101.802319728410254, 47.19342536774213 ], [ -101.804496846697091, 47.192987145502137 ], [ -101.806704732348877, 47.192626947640562 ], [ -101.808937333704506, 47.192345763032073 ], [ -101.811188531358866, 47.192144363645042 ], [ -101.813452154935646, 47.192023302411883 ], [ -101.815722, 47.191982911703398 ], [ -101.817991845064313, 47.192023302411883 ], [ -101.820255468641093, 47.192144363645042 ], [ -101.822506666295467, 47.192345763032073 ], [ -101.824739267651097, 47.192626947640562 ], [ -101.826947153302882, 47.192987145502137 ], [ -101.82912427158972, 47.19342536774213 ], [ -101.831264655181712, 47.193940411307523 ], [ -101.833362437436207, 47.194530862285447 ], [ -101.835411868477848, 47.195195099802895 ], [ -101.837407330958627, 47.195931300496611 ], [ -101.839343355454574, 47.196737443540854 ], [ -101.841214635457135, 47.197611316218627 ], [ -101.843016041917878, 47.198550520020902 ], [ -101.844742637306894, 47.199552477256823 ], [ -101.846389689146264, 47.200614438156187 ], [ -101.847952682981358, 47.201733488444411 ], [ -101.849427334754722, 47.202906557368891 ], [ -101.850809602548367, 47.204130426154265 ], [ -101.852095697662335, 47.205401736862811 ], [ -101.853282094999301, 47.206717001635639 ], [ -101.854365542726669, 47.20807261228866 ], [ -101.85534307118948, 47.209464850236664 ], [ -101.856212001050196, 47.210889896718065 ], [ -101.856969950632461, 47.212343843291826 ], [ -101.857614842449152, 47.213822702577453 ], [ -101.85814490889662, 47.215322419208384 ], [ -101.858558697099582, 47.21683888096846 ], [ -101.858855072893348, 47.218367930080767 ], [ -101.859033223932443, 47.219905374617547 ], [ -101.859092661917273, 47.221447 ], [ -101.859033223932443, 47.222988580556141 ], [ -101.858855072893348, 47.224525891105174 ], [ -101.858558697099582, 47.226054718536275 ], [ -101.85814490889662, 47.227570873350494 ], [ -101.857614842449152, 47.229070201133844 ], [ -101.856969950632461, 47.230548593930486 ], [ -101.856212001050196, 47.232002001484808 ], [ -101.85534307118948, 47.233426442321935 ], [ -101.854365542726669, 47.234818014636367 ], [ -101.853282094999301, 47.236172906959354 ], [ -101.852095697662335, 47.237487408575895 ], [ -101.850809602548367, 47.238757919663136 ], [ -101.849427334754722, 47.239980961123059 ], [ -101.847952682981358, 47.241153184082293 ], [ -101.846389689146264, 47.242271379034008 ], [ -101.844742637306894, 47.243332484596884 ], [ -101.843016041917878, 47.244333595867566 ], [ -101.841214635457135, 47.245271972344426 ], [ -101.839343355454574, 47.246145045400951 ], [ -101.837407330958627, 47.246950425288958 ], [ -101.835411868477848, 47.247685907652716 ], [ -101.833362437436207, 47.248349479536664 ], [ -101.831264655181712, 47.248939324870385 ], [ -101.82912427158972, 47.249453829416403 ], [ -101.826947153302882, 47.249891585167475 ], [ -101.824739267651097, 47.250251394181539 ], [ -101.822506666295467, 47.2505322718442 ], [ -101.820255468641093, 47.250733449550069 ], [ -101.817991845064313, 47.250854376795509 ], [ -101.815722, 47.250894722677714 ], [ -101.813452154935646, 47.250854376795509 ], [ -101.811188531358866, 47.250733449550069 ], [ -101.808937333704506, 47.2505322718442 ], [ -101.806704732348877, 47.250251394181539 ], [ -101.804496846697091, 47.249891585167475 ], [ -101.802319728410254, 47.249453829416403 ], [ -101.800179344818275, 47.248939324870385 ], [ -101.798081562563766, 47.248349479536664 ], [ -101.796032131522139, 47.247685907652716 ], [ -101.794036669041333, 47.246950425288958 ], [ -101.792100644545386, 47.246145045400951 ], [ -101.790229364542839, 47.245271972344426 ], [ -101.78842795808211, 47.244333595867566 ], [ -101.786701362693094, 47.243332484596884 ], [ -101.78505431085371, 47.242271379034008 ], [ -101.78349131701863, 47.241153184082293 ], [ -101.782016665245251, 47.239980961123059 ], [ -101.780634397451607, 47.238757919663136 ], [ -101.779348302337652, 47.237487408575895 ], [ -101.778161905000673, 47.236172906959354 ], [ -101.777078457273305, 47.234818014636367 ], [ -101.776100928810479, 47.233426442321935 ], [ -101.775231998949778, 47.232002001484808 ], [ -101.774474049367512, 47.230548593930486 ], [ -101.773829157550821, 47.229070201133844 ], [ -101.773299091103354, 47.227570873350494 ], [ -101.772885302900391, 47.226054718536275 ], [ -101.772588927106625, 47.224525891105174 ], [ -101.772410776067531, 47.222988580556141 ], [ -101.7723513380827, 47.221447 ] ] ] ] } },
{ "type": "Feature", "properties": { "fclty__": "Cumberland Fossil Plant", "plnt_nm": "Cumberland (TN)", "utlty_n": "Tennessee Valley Authority", "strt_dd": "815 Cumberland City Rd.", "city": "Cumberland City", "state": "Tennessee", "zip": 37050, "prm_src": "coal" }, "geometry": { "type": "MultiPolygon", "coordinates": [ [ [ [ -87.610529338082699, 36.3903 ], [ -87.61058877606753, 36.3884727663023 ], [ -87.610766927106624, 36.38665049815625 ], [ -87.611063302900391, 36.384838190800323 ], [ -87.611477091103353, 36.38304081251615 ], [ -87.612007157550835, 36.381263291001346 ], [ -87.612652049367512, 36.379510499849737 ], [ -87.613409998949777, 36.377787245176378 ], [ -87.614278928810492, 36.376098252424221 ], [ -87.615256457273304, 36.374448153388755 ], [ -87.616339905000672, 36.372841473496429 ], [ -87.617526302337652, 36.371282619372103 ], [ -87.618812397451606, 36.36977586672981 ], [ -87.620194665245251, 36.368325348620395 ], [ -87.621669317018629, 36.366935044068669 ], [ -87.623232310853709, 36.365608767131498 ], [ -87.624879362693093, 36.364350156407276 ], [ -87.626605958082109, 36.363162665025932 ], [ -87.628407364542838, 36.36204955114723 ], [ -87.630278644545399, 36.361013868993993 ], [ -87.632214669041346, 36.360058460444968 ], [ -87.634210131522138, 36.359185947211031 ], [ -87.636259562563765, 36.358398723616332 ], [ -87.638357344818274, 36.357698950004725 ], [ -87.640497728410253, 36.357088546789655 ], [ -87.642674846697091, 36.356569189164418 ], [ -87.644882732348876, 36.356142302487321 ], [ -87.647115333704505, 36.355809058354794 ], [ -87.649366531358865, 36.355570371373311 ], [ -87.651630154935646, 36.355426896639379 ], [ -87.6539, 36.355379027934354 ], [ -87.656169845064326, 36.355426896639379 ], [ -87.658433468641107, 36.355570371373311 ], [ -87.660684666295467, 36.355809058354794 ], [ -87.66291726765111, 36.356142302487321 ], [ -87.665125153302881, 36.356569189164418 ], [ -87.667302271589719, 36.357088546789655 ], [ -87.669442655181712, 36.357698950004725 ], [ -87.671540437436221, 36.358398723616332 ], [ -87.673589868477848, 36.359185947211031 ], [ -87.67558533095864, 36.360058460444968 ], [ -87.677521355454573, 36.361013868993993 ], [ -87.679392635457134, 36.36204955114723 ], [ -87.681194041917877, 36.363162665025932 ], [ -87.682920637306893, 36.364350156407276 ], [ -87.684567689146263, 36.365608767131498 ], [ -87.686130682981357, 36.366935044068669 ], [ -87.687605334754721, 36.368325348620395 ], [ -87.688987602548366, 36.36977586672981 ], [ -87.690273697662334, 36.371282619372103 ], [ -87.6914600949993, 36.372841473496429 ], [ -87.692543542726668, 36.374448153388755 ], [ -87.69352107118948, 36.376098252424221 ], [ -87.694390001050209, 36.377787245176378 ], [ -87.69514795063246, 36.379510499849737 ], [ -87.695792842449151, 36.381263291001346 ], [ -87.696322908896633, 36.38304081251615 ], [ -87.696736697099581, 36.384838190800323 ], [ -87.697033072893348, 36.38665049815625 ], [ -87.697211223932442, 36.3884727663023 ], [ -87.697270661917273, 36.3903 ], [ -87.697211223932442, 36.392127190751559 ], [ -87.697033072893348, 36.393949330529686 ], [ -87.696736697099581, 36.395761425502378 ], [ -87.696322908896633, 36.397558509714884 ], [ -87.695792842449151, 36.399335658691506 ], [ -87.69514795063246, 36.401088002920041 ], [ -87.694390001050209, 36.402810741181995 ], [ -87.69352107118948, 36.404499153692342 ], [ -87.692543542726668, 36.40614861501286 ], [ -87.6914600949993, 36.407754606704017 ], [ -87.690273697662334, 36.409312729681041 ], [ -87.688987602548366, 36.410818716240492 ], [ -87.687605334754721, 36.412268441724919 ], [ -87.686130682981357, 36.413657935793644 ], [ -87.684567689146263, 36.414983393269644 ], [ -87.682920637306893, 36.416241184532716 ], [ -87.681194041917877, 36.417427865431094 ], [ -87.679392635457134, 36.418540186684858 ], [ -87.677521355454573, 36.419575102755346 ], [ -87.67558533095864, 36.420529780157153 ], [ -87.673589868477848, 36.421401605190034 ], [ -87.671540437436221, 36.422188191069878 ], [ -87.669442655181712, 36.422887384439804 ], [ -87.667302271589719, 36.423497271243583 ], [ -87.665125153302881, 36.424016181945838 ], [ -87.66291726765111, 36.424442696084846 ], [ -87.660684666295467, 36.424775646145775 ], [ -87.658433468641107, 36.425014120744073 ], [ -87.656169845064326, 36.425157467110125 ], [ -87.6539, 36.425205292869023 ], [ -87.651630154935646, 36.425157467110125 ], [ -87.649366531358865, 36.425014120744073 ], [ -87.647115333704505, 36.424775646145775 ], [ -87.644882732348876, 36.424442696084846 ], [ -87.642674846697091, 36.424016181945838 ], [ -87.640497728410253, 36.423497271243583 ], [ -87.638357344818274, 36.422887384439804 ], [ -87.636259562563765, 36.422188191069878 ], [ -87.634210131522138, 36.421401605190034 ], [ -87.632214669041346, 36.420529780157153 ], [ -87.630278644545399, 36.419575102755346 ], [ -87.628407364542838, 36.418540186684858 ], [ -87.626605958082109, 36.417427865431094 ], [ -87.624879362693093, 36.416241184532716 ], [ -87.623232310853709, 36.414983393269644 ], [ -87.621669317018629, 36.413657935793644 ], [ -87.620194665245251, 36.412268441724919 ], [ -87.618812397451606, 36.410818716240492 ], [ -87.617526302337652, 36.409312729681041 ], [ -87.616339905000672, 36.407754606704017 ], [ -87.615256457273304, 36.40614861501286 ], [ -87.614278928810492, 36.404499153692342 ], [ -87.613409998949777, 36.402810741181995 ], [ -87.612652049367512, 36.401088002920041 ], [ -87.612007157550835, 36.399335658691506 ], [ -87.611477091103353, 36.397558509714884 ], [ -87.611063302900391, 36.395761425502378 ], [ -87.610766927106624, 36.393949330529693 ], [ -87.61058877606753, 36.392127190751559 ], [ -87.610529338082699, 36.3903 ] ] ] ] } },
{ "type": "Feature", "properties": { "fclty__": "D.B. Wilson Station", "plnt_nm": "D B Wilson", "utlty_n": "Big Rivers Electric Corp", "strt_dd": "5663 Highway 85 West", "city": "Centertown", "state": "Kentucky", "zip": 42328, "prm_src": "coal" }, "geometry": { "type": "MultiPolygon", "coordinates": [ [ [ [ -87.03722933808271, 37.4497 ], [ -87.037288776067555, 37.447897976748145 ], [ -87.037466927106635, 37.446100849486925 ], [ -87.037763302900402, 37.444313544550944 ], [ -87.038177091103364, 37.442540961701262 ], [ -87.038707157550832, 37.440787960685846 ], [ -87.039352049367523, 37.439059347905932 ], [ -87.040109998949788, 37.437359863225048 ], [ -87.040978928810489, 37.435694166957056 ], [ -87.041956457273329, 37.434066827069017 ], [ -87.043039905000697, 37.432482306634363 ], [ -87.044226302337663, 37.430944951570858 ], [ -87.045512397451617, 37.429458978697475 ], [ -87.046894665245262, 37.428028464143075 ], [ -87.04836931701864, 37.426657332139257 ], [ -87.049932310853734, 37.425349344228181 ], [ -87.051579362693104, 37.424108088915638 ], [ -87.05330595808212, 37.422936971797945 ], [ -87.055107364542863, 37.421839206190093 ], [ -87.056978644545396, 37.420817804281555 ], [ -87.058914669041357, 37.419875568843935 ], [ -87.060910131522149, 37.419015085514005 ], [ -87.062959562563776, 37.41823871567334 ], [ -87.065057344818285, 37.417548589944737 ], [ -87.067197728410264, 37.416946602323272 ], [ -87.069374846697116, 37.416434404958629 ], [ -87.071582732348887, 37.416013403603188 ], [ -87.073815333704516, 37.415684753738688 ], [ -87.076066531358876, 37.415449357392106 ], [ -87.078330154935657, 37.415307860649996 ], [ -87.0806, 37.415260651877901 ], [ -87.082869845064337, 37.415307860649996 ], [ -87.085133468641118, 37.415449357392106 ], [ -87.087384666295478, 37.415684753738688 ], [ -87.089617267651107, 37.416013403603188 ], [ -87.091825153302892, 37.416434404958629 ], [ -87.094002271589744, 37.416946602323272 ], [ -87.096142655181723, 37.417548589944737 ], [ -87.098240437436218, 37.41823871567334 ], [ -87.100289868477859, 37.419015085514005 ], [ -87.102285330958651, 37.419875568843935 ], [ -87.104221355454598, 37.420817804281555 ], [ -87.106092635457145, 37.421839206190093 ], [ -87.107894041917888, 37.422936971797945 ], [ -87.109620637306904, 37.424108088915638 ], [ -87.111267689146274, 37.425349344228181 ], [ -87.112830682981368, 37.426657332139257 ], [ -87.114305334754746, 37.428028464143075 ], [ -87.115687602548377, 37.429458978697475 ], [ -87.116973697662345, 37.430944951570858 ], [ -87.118160094999311, 37.432482306634363 ], [ -87.119243542726679, 37.434066827069017 ], [ -87.120221071189505, 37.435694166957056 ], [ -87.12109000105022, 37.437359863225048 ], [ -87.121847950632485, 37.439059347905932 ], [ -87.122492842449162, 37.440787960685846 ], [ -87.12302290889663, 37.442540961701262 ], [ -87.123436697099592, 37.444313544550944 ], [ -87.123733072893373, 37.446100849486925 ], [ -87.123911223932453, 37.447897976748145 ], [ -87.123970661917298, 37.4497 ], [ -87.123911223932453, 37.451501979842973 ], [ -87.123733072893373, 37.453298977353171 ], [ -87.123436697099592, 37.455086067617543 ], [ -87.12302290889663, 37.456858353227041 ], [ -87.122492842449162, 37.458610977690292 ], [ -87.121847950632485, 37.46033913873169 ], [ -87.12109000105022, 37.462038101437017 ], [ -87.120221071189505, 37.463703211211289 ], [ -87.119243542726679, 37.465329906513205 ], [ -87.118160094999311, 37.466913731331559 ], [ -87.116973697662345, 37.468450347369888 ], [ -87.115687602548377, 37.469935545906161 ], [ -87.114305334754746, 37.471365259295297 ], [ -87.112830682981368, 37.472735572083444 ], [ -87.111267689146274, 37.474042731703925 ], [ -87.109620637306904, 37.475283158725887 ], [ -87.107894041917888, 37.476453456627937 ], [ -87.106092635457145, 37.477550421070582 ], [ -87.104221355454598, 37.478571048642074 ], [ -87.102285330958651, 37.479512545054618 ], [ -87.100289868477859, 37.480372332768347 ], [ -87.098240437436218, 37.481148058023003 ], [ -87.096142655181723, 37.481837597257993 ], [ -87.094002271589744, 37.482439062904014 ], [ -87.091825153302892, 37.482950808530241 ], [ -87.089617267651107, 37.483371433333609 ], [ -87.087384666295478, 37.483699785957988 ], [ -87.085133468641118, 37.483934967633026 ], [ -87.082869845064337, 37.484076334624127 ], [ -87.0806, 37.484123499987362 ], [ -87.078330154935657, 37.484076334624127 ], [ -87.076066531358876, 37.483934967633026 ], [ -87.073815333704516, 37.483699785957988 ], [ -87.071582732348887, 37.483371433333609 ], [ -87.069374846697116, 37.482950808530241 ], [ -87.067197728410264, 37.482439062904014 ], [ -87.065057344818285, 37.481837597257993 ], [ -87.062959562563776, 37.481148058023003 ], [ -87.060910131522149, 37.480372332768347 ], [ -87.058914669041357, 37.479512545054618 ], [ -87.056978644545396, 37.478571048642074 ], [ -87.055107364542863, 37.477550421070582 ], [ -87.05330595808212, 37.476453456627937 ], [ -87.051579362693104, 37.475283158725887 ], [ -87.049932310853734, 37.474042731703925 ], [ -87.04836931701864, 37.472735572083444 ], [ -87.046894665245262, 37.471365259295297 ], [ -87.045512397451617, 37.469935545906161 ], [ -87.044226302337663, 37.468450347369888 ], [ -87.043039905000697, 37.466913731331559 ], [ -87.041956457273329, 37.465329906513205 ], [ -87.040978928810489, 37.463703211211289 ], [ -87.040109998949788, 37.462038101437017 ], [ -87.039352049367523, 37.46033913873169 ], [ -87.038707157550832, 37.458610977690292 ], [ -87.038177091103364, 37.456858353227041 ], [ -87.037763302900402, 37.455086067617543 ], [ -87.037466927106635, 37.453298977353171 ], [ -87.037288776067555, 37.451501979842973 ], [ -87.03722933808271, 37.4497 ] ] ] ] } },
{ "type": "Feature", "properties": { "fclty__": "Dry Fork Station Unit 1", "plnt_nm": "Dry Fork Station", "utlty_n": "Basin Electric Power Coop", "strt_dd": "Interstate 90", "city": "Gillette", "state": "Wyoming", "zip": 82732, "prm_src": "coal" }, "geometry": { "type": "MultiPolygon", "coordinates": [ [ [ [ -105.4174623380827, 44.388889 ], [ -105.417521776067531, 44.387266927294178 ], [ -105.417699927106625, 44.385649255810435 ], [ -105.417996302900391, 44.384040420025805 ], [ -105.41841009110334, 44.38244483056053 ], [ -105.418940157550807, 44.380866862078797 ], [ -105.419585049367512, 44.37931084128428 ], [ -105.420342998949764, 44.377781035043363 ], [ -105.421211928810493, 44.3762816386689 ], [ -105.422189457273305, 44.374816764396854 ], [ -105.423272905000672, 44.373390430087603 ], [ -105.424459302337638, 44.372006548183208 ], [ -105.425745397451607, 44.370668914951274 ], [ -105.427127665245251, 44.369381200045197 ], [ -105.428602317018616, 44.36814693640985 ], [ -105.43016531085371, 44.366969510560622 ], [ -105.43181236269308, 44.365852153263091 ], [ -105.433538958082096, 44.364797930639114 ], [ -105.435340364542839, 44.363809735724168 ], [ -105.437211644545386, 44.362890280499599 ], [ -105.439147669041333, 44.362042088421916 ], [ -105.441143131522125, 44.361267487470109 ], [ -105.443192562563752, 44.360568603730343 ], [ -105.445290344818261, 44.359947355536114 ], [ -105.447430728410254, 44.35940544818019 ], [ -105.449607846697091, 44.358944369213177 ], [ -105.451815732348862, 44.358565384341951 ], [ -105.454048333704506, 44.35826953393935 ], [ -105.456299531358866, 44.358057630175075 ], [ -105.458563154935646, 44.357930254775724 ], [ -105.460833, 44.357887757420293 ], [ -105.463102845064313, 44.357930254775724 ], [ -105.465366468641108, 44.358057630175075 ], [ -105.467617666295467, 44.35826953393935 ], [ -105.469850267651097, 44.358565384341951 ], [ -105.472058153302882, 44.358944369213177 ], [ -105.47423527158972, 44.35940544818019 ], [ -105.476375655181698, 44.359947355536114 ], [ -105.478473437436207, 44.360568603730343 ], [ -105.480522868477834, 44.361267487470109 ], [ -105.482518330958627, 44.362042088421916 ], [ -105.484454355454574, 44.362890280499599 ], [ -105.486325635457135, 44.363809735724168 ], [ -105.488127041917863, 44.364797930639114 ], [ -105.489853637306879, 44.365852153263091 ], [ -105.491500689146264, 44.366969510560622 ], [ -105.493063682981344, 44.36814693640985 ], [ -105.494538334754722, 44.369381200045197 ], [ -105.495920602548367, 44.370668914951274 ], [ -105.497206697662321, 44.372006548183208 ], [ -105.498393094999301, 44.373390430087603 ], [ -105.499476542726669, 44.374816764396854 ], [ -105.50045407118948, 44.3762816386689 ], [ -105.501323001050196, 44.377781035043363 ], [ -105.502080950632461, 44.37931084128428 ], [ -105.502725842449138, 44.380866862078797 ], [ -105.50325590889662, 44.38244483056053 ], [ -105.503669697099582, 44.384040420025805 ], [ -105.503966072893348, 44.385649255810435 ], [ -105.504144223932443, 44.387266927294178 ], [ -105.504203661917273, 44.388889 ], [ -105.504144223932443, 44.390511027754641 ], [ -105.503966072893348, 44.392128564877382 ], [ -105.503669697099582, 44.393737178363246 ], [ -105.50325590889662, 44.395332460027561 ], [ -105.502725842449138, 44.396910038578454 ], [ -105.502080950632461, 44.39846559158444 ], [ -105.501323001050196, 44.399994857304314 ], [ -105.50045407118948, 44.401493646347269 ], [ -105.499476542726669, 44.402957853131419 ], [ -105.498393094999301, 44.404383467109511 ], [ -105.497206697662321, 44.405766583731598 ], [ -105.495920602548367, 44.407103415114648 ], [ -105.494538334754722, 44.408390300390494 ], [ -105.493063682981344, 44.409623715703894 ], [ -105.491500689146264, 44.410800283833822 ], [ -105.489853637306879, 44.41191678341206 ], [ -105.488127041917863, 44.412970157714106 ], [ -105.486325635457135, 44.413957522998885 ], [ -105.484454355454574, 44.414876176374626 ], [ -105.482518330958627, 44.415723603170051 ], [ -105.480522868477834, 44.416497483790785 ], [ -105.478473437436207, 44.41719570004274 ], [ -105.476375655181698, 44.417816340905553 ], [ -105.47423527158972, 44.418357707740519 ], [ -105.472058153302882, 44.418818318919065 ], [ -105.469850267651097, 44.41919691385953 ], [ -105.467617666295467, 44.419492456461214 ], [ -105.465366468641108, 44.419704137926772 ], [ -105.463102845064313, 44.419831378965142 ], [ -105.460833, 44.419873831369415 ], [ -105.458563154935646, 44.419831378965142 ], [ -105.456299531358866, 44.419704137926772 ], [ -105.454048333704506, 44.419492456461214 ], [ -105.451815732348862, 44.41919691385953 ], [ -105.449607846697091, 44.418818318919065 ], [ -105.447430728410254, 44.418357707740519 ], [ -105.445290344818261, 44.417816340905553 ], [ -105.443192562563752, 44.41719570004274 ], [ -105.441143131522125, 44.416497483790785 ], [ -105.439147669041333, 44.415723603170051 ], [ -105.437211644545386, 44.414876176374626 ], [ -105.435340364542839, 44.413957522998885 ], [ -105.433538958082096, 44.412970157714106 ], [ -105.43181236269308, 44.41191678341206 ], [ -105.43016531085371, 44.410800283833822 ], [ -105.428602317018616, 44.409623715703894 ], [ -105.427127665245251, 44.408390300390494 ], [ -105.425745397451607, 44.407103415114648 ], [ -105.424459302337638, 44.405766583731598 ], [ -105.423272905000672, 44.404383467109511 ], [ -105.422189457273305, 44.402957853131419 ], [ -105.421211928810493, 44.401493646347269 ], [ -105.420342998949764, 44.399994857304314 ], [ -105.419585049367512, 44.39846559158444 ], [ -105.418940157550807, 44.396910038578454 ], [ -105.41841009110334, 44.395332460027561 ], [ -105.417996302900391, 44.393737178363246 ], [ -105.417699927106625, 44.392128564877389 ], [ -105.417521776067531, 44.390511027754641 ], [ -105.4174623380827, 44.388889 ] ] ] ] } },
{ "type": "Feature", "properties": { "fclty__": "EPC Generating Station", "plnt_nm": "Ebensburg Power", "utlty_n": "Ebensburg Power Co", "strt_dd": "2840 New Germany Road", "city": "Ebensburg", "state": "Pennsylvania", "zip": 15931, "prm_src": "coal" }, "geometry": { "type": "MultiPolygon", "coordinates": [ [ [ [ -78.703829338082713, 40.455 ], [ -78.703888776067544, 40.453272816814341 ], [ -78.704066927106638, 40.451550323503788 ], [ -78.704363302900404, 40.4498372418483 ], [ -78.704777091103367, 40.448138268187847 ], [ -78.705307157550834, 40.446458060540273 ], [ -78.705952049367525, 40.4448012258202 ], [ -78.70670999894979, 40.443172307194523 ], [ -78.707578928810491, 40.441575771609081 ], [ -78.708556457273332, 40.440015997521023 ], [ -78.709639905000685, 40.438497262870783 ], [ -78.710826302337665, 40.437023733326896 ], [ -78.712112397451619, 40.435599450836094 ], [ -78.713494665245264, 40.434228322510677 ], [ -78.714969317018642, 40.432914109883704 ], [ -78.716532310853722, 40.431660418562032 ], [ -78.718179362693107, 40.430470688305903 ], [ -78.719905958082123, 40.429348183562666 ], [ -78.721707364542851, 40.428295984481075 ], [ -78.723578644545398, 40.427316978431051 ], [ -78.72551466904136, 40.426413852052789 ], [ -78.727510131522138, 40.425589083857247 ], [ -78.729559562563779, 40.424844937398625 ], [ -78.731657344818288, 40.424183455038232 ], [ -78.733797728410266, 40.423606452316768 ], [ -78.735974846697118, 40.423115512951078 ], [ -78.738182732348889, 40.422711984469352 ], [ -78.740415333704519, 40.42239697449677 ], [ -78.742666531358879, 40.422171347702253 ], [ -78.744930154935659, 40.422035723414886 ], [ -78.7472, 40.421990473916416 ], [ -78.749469845064326, 40.422035723414886 ], [ -78.75173346864112, 40.422171347702253 ], [ -78.75398466629548, 40.42239697449677 ], [ -78.75621726765111, 40.422711984469352 ], [ -78.758425153302895, 40.423115512951078 ], [ -78.760602271589747, 40.423606452316768 ], [ -78.762742655181725, 40.424183455038232 ], [ -78.76484043743622, 40.424844937398625 ], [ -78.766889868477861, 40.425589083857247 ], [ -78.768885330958639, 40.426413852052789 ], [ -78.770821355454586, 40.427316978431051 ], [ -78.772692635457148, 40.428295984481075 ], [ -78.77449404191789, 40.429348183562666 ], [ -78.776220637306906, 40.430470688305903 ], [ -78.777867689146277, 40.431660418562032 ], [ -78.779430682981371, 40.432914109883704 ], [ -78.780905334754749, 40.434228322510677 ], [ -78.782287602548379, 40.435599450836094 ], [ -78.783573697662348, 40.437023733326896 ], [ -78.784760094999314, 40.438497262870783 ], [ -78.785843542726681, 40.440015997521023 ], [ -78.786821071189493, 40.441575771609081 ], [ -78.787690001050223, 40.443172307194523 ], [ -78.788447950632474, 40.4448012258202 ], [ -78.789092842449165, 40.446458060540273 ], [ -78.789622908896632, 40.448138268187847 ], [ -78.790036697099595, 40.4498372418483 ], [ -78.790333072893361, 40.451550323503788 ], [ -78.790511223932455, 40.453272816814341 ], [ -78.7905706619173, 40.455 ], [ -78.790511223932455, 40.456727138788906 ], [ -78.790333072893361, 40.458449499395648 ], [ -78.790036697099595, 40.460162361494184 ], [ -78.789622908896632, 40.461861031150057 ], [ -78.789092842449165, 40.463540853676164 ], [ -78.788447950632474, 40.465197226377363 ], [ -78.787690001050223, 40.466825611148721 ], [ -78.786821071189493, 40.468421546893438 ], [ -78.785843542726681, 40.469980661726332 ], [ -78.784760094999314, 40.471498684929898 ], [ -78.783573697662348, 40.472971458630397 ], [ -78.782287602548379, 40.474394949162253 ], [ -78.780905334754749, 40.475765258090036 ], [ -78.779430682981371, 40.477078632858181 ], [ -78.777867689146277, 40.478331477039589 ], [ -78.776220637306906, 40.479520360155462 ], [ -78.77449404191789, 40.480642027039892 ], [ -78.772692635457148, 40.481693406723913 ], [ -78.770821355454586, 40.482671620815054 ], [ -78.768885330958639, 40.483573991349999 ], [ -78.766889868477861, 40.484398048098981 ], [ -78.76484043743622, 40.485141535302525 ], [ -78.762742655181725, 40.485802417822292 ], [ -78.760602271589747, 40.486378886689543 ], [ -78.758425153302895, 40.486869364036437 ], [ -78.75621726765111, 40.487272507396774 ], [ -78.75398466629548, 40.487587213364854 ], [ -78.75173346864112, 40.487812620602462 ], [ -78.749469845064326, 40.487948112186039 ], [ -78.7472, 40.487993317287781 ], [ -78.744930154935659, 40.487948112186039 ], [ -78.742666531358879, 40.487812620602462 ], [ -78.740415333704519, 40.487587213364854 ], [ -78.738182732348889, 40.487272507396774 ], [ -78.735974846697118, 40.486869364036437 ], [ -78.733797728410266, 40.486378886689543 ], [ -78.731657344818288, 40.485802417822292 ], [ -78.729559562563779, 40.485141535302525 ], [ -78.727510131522138, 40.484398048098981 ], [ -78.72551466904136, 40.483573991349999 ], [ -78.723578644545398, 40.482671620815054 ], [ -78.721707364542851, 40.481693406723913 ], [ -78.719905958082123, 40.480642027039892 ], [ -78.718179362693107, 40.479520360155462 ], [ -78.716532310853722, 40.478331477039589 ], [ -78.714969317018642, 40.477078632858181 ], [ -78.713494665245264, 40.475765258090036 ], [ -78.712112397451619, 40.474394949162253 ], [ -78.710826302337665, 40.472971458630397 ], [ -78.709639905000685, 40.471498684929898 ], [ -78.708556457273332, 40.469980661726332 ], [ -78.707578928810491, 40.468421546893438 ], [ -78.70670999894979, 40.466825611148721 ], [ -78.705952049367525, 40.465197226377363 ], [ -78.705307157550834, 40.463540853676164 ], [ -78.704777091103367, 40.461861031150057 ], [ -78.704363302900404, 40.460162361494184 ], [ -78.704066927106638, 40.458449499395655 ], [ -78.703888776067544, 40.456727138788906 ], [ -78.703829338082713, 40.455 ] ] ] ] } },
{ "type": "Feature", "properties": { "fclty__": "Fort Martin Power Station", "plnt_nm": "FirstEnergy Fort Martin Power Station", "utlty_n": "Monongahela Power Co", "strt_dd": "PO Box 247", "city": "Maidsville", "state": "West Virginia", "zip": 26541, "prm_src": "coal" }, "geometry": { "type": "MultiPolygon", "coordinates": [ [ [ [ -79.884129338082687, 39.710833 ], [ -79.884188776067532, 39.709086834285678 ], [ -79.884366927106612, 39.707345410674989 ], [ -79.884663302900393, 39.705613502832136 ], [ -79.885077091103341, 39.703895858694409 ], [ -79.885607157550822, 39.702197187448547 ], [ -79.886252049367513, 39.700522146609579 ], [ -79.887009998949765, 39.69887532923763 ], [ -79.88787892881048, 39.697261251327937 ], [ -79.888856457273306, 39.695684339408899 ], [ -79.889939905000674, 39.694148918382432 ], [ -79.891126302337639, 39.692659199640083 ], [ -79.892412397451608, 39.691219269488158 ], [ -79.893794665245238, 39.689833077913441 ], [ -79.895269317018617, 39.68850442772117 ], [ -79.896832310853711, 39.687236964075062 ], [ -79.898479362693081, 39.686034164468659 ], [ -79.900205958082097, 39.684899329155812 ], [ -79.90200736454284, 39.68383557206694 ], [ -79.903878644545387, 39.682845812236522 ], [ -79.905814669041334, 39.681932765765396 ], [ -79.907810131522126, 39.681098938340782 ], [ -79.909859562563753, 39.680346618334418 ], [ -79.911957344818262, 39.679677870498466 ], [ -79.914097728410241, 39.679094530276664 ], [ -79.916274846697092, 39.678598198746606 ], [ -79.918482732348863, 39.678190238207421 ], [ -79.920715333704507, 39.677871768425099 ], [ -79.922966531358867, 39.677643663546014 ], [ -79.925230154935647, 39.677506549687443 ], [ -79.9275, 39.677460803211432 ], [ -79.929769845064328, 39.677506549687443 ], [ -79.932033468641109, 39.677643663546014 ], [ -79.934284666295468, 39.677871768425099 ], [ -79.936517267651098, 39.678190238207421 ], [ -79.938725153302869, 39.678598198746606 ], [ -79.940902271589721, 39.679094530276664 ], [ -79.943042655181699, 39.679677870498466 ], [ -79.945140437436208, 39.680346618334418 ], [ -79.947189868477835, 39.681098938340782 ], [ -79.949185330958628, 39.681932765765396 ], [ -79.951121355454575, 39.682845812236522 ], [ -79.952992635457136, 39.68383557206694 ], [ -79.954794041917864, 39.684899329155812 ], [ -79.95652063730688, 39.686034164468659 ], [ -79.958167689146251, 39.687236964075062 ], [ -79.959730682981345, 39.68850442772117 ], [ -79.961205334754723, 39.689833077913441 ], [ -79.962587602548368, 39.691219269488158 ], [ -79.963873697662322, 39.692659199640083 ], [ -79.965060094999302, 39.694148918382432 ], [ -79.966143542726655, 39.695684339408899 ], [ -79.967121071189482, 39.697261251327937 ], [ -79.967990001050197, 39.69887532923763 ], [ -79.968747950632462, 39.700522146609579 ], [ -79.969392842449139, 39.702197187448547 ], [ -79.969922908896621, 39.703895858694409 ], [ -79.970336697099583, 39.705613502832136 ], [ -79.970633072893349, 39.707345410674989 ], [ -79.970811223932429, 39.709086834285678 ], [ -79.970870661917274, 39.710833 ], [ -79.970811223932429, 39.712579121517031 ], [ -79.970633072893349, 39.714320413020147 ], [ -79.970336697099583, 39.716052102292508 ], [ -79.969922908896621, 39.717769443791553 ], [ -79.969392842449139, 39.719467731646297 ], [ -79.968747950632462, 39.721142312542227 ], [ -79.967990001050197, 39.72278859845845 ], [ -79.967121071189482, 39.724402079222486 ], [ -79.966143542726655, 39.725978334848385 ], [ -79.965060094999302, 39.727513047624711 ], [ -79.963873697662322, 39.729002013919654 ], [ -79.962587602548368, 39.730441155670889 ], [ -79.961205334754723, 39.731826531529528 ], [ -79.959730682981345, 39.733154347627448 ], [ -79.958167689146251, 39.734420967939478 ], [ -79.95652063730688, 39.735622924211818 ], [ -79.954794041917864, 39.736756925430363 ], [ -79.952992635457136, 39.737819866803179 ], [ -79.951121355454575, 39.738808838232991 ], [ -79.949185330958628, 39.73972113225679 ], [ -79.947189868477835, 39.740554251431355 ], [ -79.945140437436208, 39.741305915144679 ], [ -79.943042655181699, 39.741974065835073 ], [ -79.940902271589721, 39.742556874601256 ], [ -79.938725153302869, 39.743052746188376 ], [ -79.936517267651098, 39.743460323336521 ], [ -79.934284666295468, 39.743778490480224 ], [ -79.932033468641109, 39.744006376788874 ], [ -79.929769845064328, 39.744143358539908 ], [ -79.9275, 39.744189060818641 ], [ -79.925230154935647, 39.744143358539908 ], [ -79.922966531358867, 39.744006376788874 ], [ -79.920715333704507, 39.743778490480224 ], [ -79.918482732348863, 39.743460323336521 ], [ -79.916274846697092, 39.743052746188376 ], [ -79.914097728410241, 39.742556874601256 ], [ -79.911957344818262, 39.741974065835073 ], [ -79.909859562563753, 39.741305915144679 ], [ -79.907810131522126, 39.740554251431355 ], [ -79.905814669041334, 39.73972113225679 ], [ -79.903878644545387, 39.738808838232991 ], [ -79.90200736454284, 39.737819866803179 ], [ -79.900205958082097, 39.736756925430363 ], [ -79.898479362693081, 39.735622924211818 ], [ -79.896832310853711, 39.734420967939478 ], [ -79.895269317018617, 39.733154347627448 ], [ -79.893794665245238, 39.731826531529528 ], [ -79.892412397451608, 39.730441155670889 ], [ -79.891126302337639, 39.729002013919654 ], [ -79.889939905000674, 39.727513047624711 ], [ -79.888856457273306, 39.725978334848385 ], [ -79.88787892881048, 39.724402079222486 ], [ -79.887009998949765, 39.72278859845845 ], [ -79.886252049367513, 39.721142312542227 ], [ -79.885607157550822, 39.719467731646297 ], [ -79.885077091103341, 39.717769443791553 ], [ -79.884663302900393, 39.716052102292508 ], [ -79.884366927106612, 39.714320413020154 ], [ -79.884188776067532, 39.712579121517031 ], [ -79.884129338082687, 39.710833 ] ] ] ] } },
{ "type": "Feature", "properties": { "fclty__": "Gallatin Fossil Plant", "plnt_nm": "Gallatin (TN)", "utlty_n": "Tennessee Valley Authority", "strt_dd": "1499 Steam Plant Rd.", "city": "Gallatin", "state": "Tennessee", "zip": 37066, "prm_src": "coal" }, "geometry": { "type": "MultiPolygon", "coordinates": [ [ [ [ -86.357229338082718, 36.3156 ], [ -86.357288776067548, 36.313771012150958 ], [ -86.357466927106643, 36.311946994696292 ], [ -86.357763302900395, 36.31013294766877 ], [ -86.358177091103371, 36.308333844117662 ], [ -86.358707157550839, 36.306554616468446 ], [ -86.359352049367516, 36.304800142990103 ], [ -86.360109998949781, 36.303075234407338 ], [ -86.360978928810496, 36.301384620694655 ], [ -86.361956457273322, 36.299732938088532 ], [ -86.363039905000676, 36.298124716353769 ], [ -86.36422630233767, 36.296564366338991 ], [ -86.36551239745161, 36.295056167855947 ], [ -86.366894665245269, 36.293604257915867 ], [ -86.368369317018633, 36.292212619355823 ], [ -86.369932310853727, 36.290885069886414 ], [ -86.371579362693097, 36.289625251591211 ], [ -86.373305958082128, 36.288436620907262 ], [ -86.375107364542856, 36.287322439114384 ], [ -86.376978644545403, 36.286285763359835 ], [ -86.378914669041365, 36.285329438243174 ], [ -86.380910131522143, 36.284456087985106 ], [ -86.382959562563784, 36.283668109201685 ], [ -86.385057344818293, 36.282967664304543 ], [ -86.387197728410271, 36.282356675545159 ], [ -86.389374846697123, 36.281836819720013 ], [ -86.391582732348894, 36.281409523551467 ], [ -86.393815333704524, 36.281075959757075 ], [ -86.396066531358883, 36.280837043818487 ], [ -86.398330154935664, 36.280693431459078 ], [ -86.4006, 36.280645516836998 ], [ -86.40286984506433, 36.280693431459078 ], [ -86.405133468641111, 36.280837043818487 ], [ -86.407384666295471, 36.281075959757075 ], [ -86.409617267651115, 36.281409523551467 ], [ -86.4118251533029, 36.281836819720013 ], [ -86.414002271589737, 36.282356675545159 ], [ -86.416142655181716, 36.282967664304543 ], [ -86.418240437436225, 36.283668109201685 ], [ -86.420289868477866, 36.284456087985106 ], [ -86.422285330958644, 36.285329438243174 ], [ -86.424221355454591, 36.286285763359835 ], [ -86.426092635457138, 36.287322439114384 ], [ -86.427894041917881, 36.288436620907262 ], [ -86.429620637306911, 36.289625251591211 ], [ -86.431267689146267, 36.290885069886414 ], [ -86.432830682981376, 36.292212619355823 ], [ -86.43430533475474, 36.293604257915867 ], [ -86.435687602548384, 36.295056167855947 ], [ -86.436973697662353, 36.296564366338991 ], [ -86.438160094999319, 36.298124716353769 ], [ -86.439243542726686, 36.299732938088532 ], [ -86.440221071189498, 36.301384620694655 ], [ -86.441090001050227, 36.303075234407338 ], [ -86.441847950632479, 36.304800142990103 ], [ -86.44249284244917, 36.306554616468446 ], [ -86.443022908896637, 36.308333844117662 ], [ -86.4434366970996, 36.31013294766877 ], [ -86.443733072893366, 36.311946994696292 ], [ -86.44391122393246, 36.313771012150958 ], [ -86.443970661917305, 36.3156 ], [ -86.44391122393246, 36.31742894493776 ], [ -86.443733072893366, 36.31925283412869 ], [ -86.4434366970996, 36.321066668945321 ], [ -86.443022908896637, 36.32286547866341 ], [ -86.44249284244917, 36.324644334076758 ], [ -86.441847950632479, 36.326398360994723 ], [ -86.441090001050227, 36.328122753585163 ], [ -86.440221071189498, 36.329812787526926 ], [ -86.439243542726686, 36.331463832935626 ], [ -86.438160094999319, 36.333071367027728 ], [ -86.436973697662353, 36.334630986488527 ], [ -86.435687602548384, 36.336138419510441 ], [ -86.43430533475474, 36.337589537468773 ], [ -86.432830682981376, 36.338980366203543 ], [ -86.431267689146267, 36.340307096876806 ], [ -86.429620637306911, 36.341566096375871 ], [ -86.427894041917881, 36.342753917234589 ], [ -86.426092635457138, 36.343867307045755 ], [ -86.424221355454591, 36.344903217339258 ], [ -86.422285330958644, 36.345858811902048 ], [ -86.420289868477866, 36.346731474517554 ], [ -86.418240437436225, 36.347518816103651 ], [ -86.416142655181716, 36.348218681229987 ], [ -86.414002271589737, 36.348829153997173 ], [ -86.4118251533029, 36.349348563262019 ], [ -86.409617267651115, 36.349775487194798 ], [ -86.407384666295471, 36.350108757156256 ], [ -86.405133468641111, 36.350347460884002 ], [ -86.40286984506433, 36.350490944979711 ], [ -86.4006, 36.350538816690509 ], [ -86.398330154935664, 36.350490944979711 ], [ -86.396066531358883, 36.350347460884002 ], [ -86.393815333704524, 36.350108757156256 ], [ -86.391582732348894, 36.349775487194798 ], [ -86.389374846697123, 36.349348563262019 ], [ -86.387197728410271, 36.348829153997173 ], [ -86.385057344818293, 36.348218681229987 ], [ -86.382959562563784, 36.347518816103651 ], [ -86.380910131522143, 36.346731474517554 ], [ -86.378914669041365, 36.345858811902048 ], [ -86.376978644545403, 36.344903217339258 ], [ -86.375107364542856, 36.343867307045755 ], [ -86.373305958082128, 36.342753917234589 ], [ -86.371579362693097, 36.341566096375871 ], [ -86.369932310853727, 36.340307096876806 ], [ -86.368369317018633, 36.338980366203543 ], [ -86.366894665245269, 36.337589537468773 ], [ -86.36551239745161, 36.336138419510441 ], [ -86.36422630233767, 36.334630986488527 ], [ -86.363039905000676, 36.333071367027728 ], [ -86.361956457273322, 36.331463832935626 ], [ -86.360978928810496, 36.329812787526926 ], [ -86.360109998949781, 36.328122753585163 ], [ -86.359352049367516, 36.326398360994723 ], [ -86.358707157550839, 36.324644334076758 ], [ -86.358177091103371, 36.32286547866341 ], [ -86.357763302900395, 36.321066668945321 ], [ -86.357466927106643, 36.31925283412869 ], [ -86.357288776067548, 36.31742894493776 ], [ -86.357229338082718, 36.3156 ] ] ] ] } },
{ "type": "Feature", "properties": { "fclty__": "Grant Town Power Plant Boiler #1A and Boiler #1B", "plnt_nm": "Grant Town Power Plant", "utlty_n": "American Bituminous Power LP", "strt_dd": "228 ABPP Drive", "city": "Grant Town", "state": "West Virginia", "zip": 26574, "prm_src": "coal" }, "geometry": { "type": "MultiPolygon", "coordinates": [ [ [ [ -80.119767338082724, 39.561831 ], [ -80.119826776067541, 39.560081068772874 ], [ -80.120004927106649, 39.558335890013765 ], [ -80.120301302900401, 39.556600247678951 ], [ -80.120715091103364, 39.55487889994081 ], [ -80.121245157550845, 39.553176566136216 ], [ -80.121890049367522, 39.551497913817457 ], [ -80.122647998949788, 39.549847545941631 ], [ -80.123516928810503, 39.548229988233516 ], [ -80.124494457273315, 39.546649676756985 ], [ -80.125577905000682, 39.545110945729235 ], [ -80.126764302337662, 39.543618015611472 ], [ -80.128050397451617, 39.542174981509078 ], [ -80.129432665245275, 39.540785801913366 ], [ -80.130907317018639, 39.539454287816241 ], [ -80.132470310853734, 39.538184092227787 ], [ -80.134117362693104, 39.536978700126198 ], [ -80.135843958082134, 39.535841418867733 ], [ -80.137645364542863, 39.534775369083626 ], [ -80.139516644545409, 39.533783476089113 ], [ -80.141452669041357, 39.53286846182872 ], [ -80.143448131522149, 39.532032837380164 ], [ -80.14549756256379, 39.531278896037826 ], [ -80.147595344818299, 39.530608706995181 ], [ -80.149735728410278, 39.530024109643762 ], [ -80.151912846697115, 39.529526708504704 ], [ -80.154120732348886, 39.529117868806999 ], [ -80.15635333370453, 39.528798712724786 ], [ -80.15860453135889, 39.528570116284328 ], [ -80.16086815493567, 39.528432706949296 ], [ -80.163138, 39.52838686189115 ], [ -80.165407845064337, 39.528432706949296 ], [ -80.167671468641117, 39.528570116284328 ], [ -80.169922666295477, 39.528798712724786 ], [ -80.172155267651121, 39.529117868806999 ], [ -80.174363153302906, 39.529526708504704 ], [ -80.176540271589744, 39.530024109643762 ], [ -80.178680655181722, 39.530608706995181 ], [ -80.180778437436217, 39.531278896037826 ], [ -80.182827868477872, 39.532032837380164 ], [ -80.18482333095865, 39.53286846182872 ], [ -80.186759355454598, 39.533783476089113 ], [ -80.188630635457145, 39.534775369083626 ], [ -80.190432041917887, 39.535841418867733 ], [ -80.192158637306903, 39.536978700126198 ], [ -80.193805689146274, 39.538184092227787 ], [ -80.195368682981368, 39.539454287816241 ], [ -80.196843334754732, 39.540785801913366 ], [ -80.198225602548391, 39.542174981509078 ], [ -80.199511697662359, 39.543618015611472 ], [ -80.200698094999325, 39.545110945729235 ], [ -80.201781542726692, 39.546649676756985 ], [ -80.202759071189504, 39.548229988233516 ], [ -80.20362800105022, 39.549847545941631 ], [ -80.204385950632485, 39.551497913817457 ], [ -80.205030842449176, 39.553176566136216 ], [ -80.205560908896643, 39.55487889994081 ], [ -80.205974697099606, 39.556600247678951 ], [ -80.206271072893358, 39.558335890013765 ], [ -80.206449223932466, 39.560081068772874 ], [ -80.206508661917283, 39.561831 ], [ -80.206449223932466, 39.56358088707335 ], [ -80.206271072893358, 39.565325933854986 ], [ -80.205974697099606, 39.567061357834582 ], [ -80.205560908896643, 39.568782403232085 ], [ -80.205030842449176, 39.570484354023144 ], [ -80.204385950632485, 39.572162546851843 ], [ -80.20362800105022, 39.573812383795357 ], [ -80.202759071189504, 39.575429344945924 ], [ -80.201781542726692, 39.577009000775668 ], [ -80.200698094999325, 39.578547024250796 ], [ -80.199511697662359, 39.580039202662213 ], [ -80.198225602548391, 39.581481449140369 ], [ -80.196843334754732, 39.582869813823351 ], [ -80.195368682981368, 39.584200494647597 ], [ -80.193805689146274, 39.585469847732533 ], [ -80.192158637306903, 39.586674397330633 ], [ -80.190432041917887, 39.587810845316241 ], [ -80.188630635457145, 39.588876080187681 ], [ -80.186759355454598, 39.589867185558028 ], [ -80.18482333095865, 39.590781448112153 ], [ -80.182827868477872, 39.591616365008178 ], [ -80.180778437436217, 39.59236965070383 ], [ -80.178680655181722, 39.593039243189033 ], [ -80.176540271589744, 39.593623309608247 ], [ -80.174363153302906, 39.59412025125733 ], [ -80.172155267651121, 39.594528707941578 ], [ -80.169922666295477, 39.594847561683217 ], [ -80.167671468641117, 39.595075939768513 ], [ -80.165407845064337, 39.595213217126101 ], [ -80.163138, 39.595259018030518 ], [ -80.16086815493567, 39.595213217126101 ], [ -80.15860453135889, 39.595075939768513 ], [ -80.15635333370453, 39.594847561683217 ], [ -80.154120732348886, 39.594528707941578 ], [ -80.151912846697115, 39.59412025125733 ], [ -80.149735728410278, 39.593623309608247 ], [ -80.147595344818299, 39.593039243189033 ], [ -80.14549756256379, 39.59236965070383 ], [ -80.143448131522149, 39.591616365008178 ], [ -80.141452669041357, 39.590781448112153 ], [ -80.139516644545409, 39.589867185558028 ], [ -80.137645364542863, 39.588876080187681 ], [ -80.135843958082134, 39.587810845316241 ], [ -80.134117362693104, 39.586674397330633 ], [ -80.132470310853734, 39.585469847732533 ], [ -80.130907317018639, 39.584200494647597 ], [ -80.129432665245275, 39.582869813823351 ], [ -80.128050397451617, 39.581481449140369 ], [ -80.126764302337662, 39.580039202662213 ], [ -80.125577905000682, 39.578547024250796 ], [ -80.124494457273315, 39.577009000775668 ], [ -80.123516928810503, 39.575429344945924 ], [ -80.122647998949788, 39.573812383795357 ], [ -80.121890049367522, 39.572162546851843 ], [ -80.121245157550845, 39.570484354023144 ], [ -80.120715091103364, 39.568782403232085 ], [ -80.120301302900401, 39.567061357834582 ], [ -80.120004927106649, 39.565325933854993 ], [ -80.119826776067541, 39.56358088707335 ], [ -80.119767338082724, 39.561831 ] ] ] ] } },
{ "type": "Feature", "properties": { "fclty__": "Harrison Power Station", "plnt_nm": "FirstEnergy Harrison Power Station", "utlty_n": "Monongahela Power Co", "strt_dd": "PO Box 600", "city": "Haywood", "state": "West Virginia", "zip": 26366, "prm_src": "coal" }, "geometry": { "type": "MultiPolygon", "coordinates": [ [ [ [ -80.289129338082702, 39.384167 ], [ -80.289188776067547, 39.38241259439792 ], [ -80.289366927106627, 39.380662953581044 ], [ -80.289663302900408, 39.378922873735227 ], [ -80.29007709110337, 39.377197125194691 ], [ -80.290607157550838, 39.375490439357108 ], [ -80.291252049367515, 39.373807495701499 ], [ -80.29200999894978, 39.372152908944933 ], [ -80.292878928810495, 39.370531216373223 ], [ -80.293856457273321, 39.368946865380657 ], [ -80.294939905000689, 39.367404201253223 ], [ -80.296126302337655, 39.365907455228928 ], [ -80.297412397451623, 39.364460732868586 ], [ -80.298794665245268, 39.36306800276882 ], [ -80.300269317018632, 39.361733085649163 ], [ -80.301832310853726, 39.360459643843008 ], [ -80.303479362693096, 39.359251171221985 ], [ -80.305205958082126, 39.35811098358166 ], [ -80.307007364542869, 39.357042209515278 ], [ -80.308878644545402, 39.356047781801081 ], [ -80.310814669041363, 39.355130429327168 ], [ -80.312810131522141, 39.354292669576353 ], [ -80.314859562563782, 39.353536801692201 ], [ -80.316957344818292, 39.352864900145427 ], [ -80.319097728410256, 39.352278809018443 ], [ -80.321274846697108, 39.351780136924063 ], [ -80.323482732348893, 39.351370252572586 ], [ -80.325715333704522, 39.351050280999537 ], [ -80.327966531358882, 39.35082110046487 ], [ -80.330230154935663, 39.350683340032155 ], [ -80.3325, 39.350637377834481 ], [ -80.334769845064343, 39.350683340032155 ], [ -80.337033468641124, 39.35082110046487 ], [ -80.339284666295484, 39.351050280999537 ], [ -80.341517267651113, 39.351370252572586 ], [ -80.343725153302884, 39.351780136924063 ], [ -80.345902271589736, 39.352278809018443 ], [ -80.348042655181715, 39.352864900145427 ], [ -80.350140437436224, 39.353536801692201 ], [ -80.352189868477865, 39.354292669576353 ], [ -80.354185330958643, 39.355130429327168 ], [ -80.356121355454604, 39.356047781801081 ], [ -80.357992635457137, 39.357042209515278 ], [ -80.35979404191788, 39.35811098358166 ], [ -80.36152063730691, 39.359251171221985 ], [ -80.363167689146266, 39.360459643843008 ], [ -80.364730682981374, 39.361733085649163 ], [ -80.366205334754738, 39.36306800276882 ], [ -80.367587602548383, 39.364460732868586 ], [ -80.368873697662337, 39.365907455228928 ], [ -80.370060094999317, 39.367404201253223 ], [ -80.371143542726685, 39.368946865380657 ], [ -80.372121071189511, 39.370531216373223 ], [ -80.372990001050212, 39.372152908944933 ], [ -80.373747950632492, 39.373807495701499 ], [ -80.374392842449168, 39.375490439357108 ], [ -80.374922908896636, 39.377197125194691 ], [ -80.375336697099598, 39.378922873735227 ], [ -80.375633072893365, 39.380662953581044 ], [ -80.375811223932459, 39.38241259439792 ], [ -80.37587066191729, 39.384167 ], [ -80.375811223932459, 39.385921361501801 ], [ -80.375633072893365, 39.387670870500997 ], [ -80.375336697099598, 39.389410732255989 ], [ -80.374922908896636, 39.391136178821966 ], [ -80.374392842449168, 39.392842482109771 ], [ -80.373747950632492, 39.394524966831675 ], [ -80.372990001050212, 39.396179023298792 ], [ -80.372121071189511, 39.397800120035271 ], [ -80.371143542726685, 39.399383816174911 ], [ -80.370060094999317, 39.400925773606453 ], [ -80.368873697662337, 39.402421768834564 ], [ -80.367587602548383, 39.403867704524352 ], [ -80.366205334754738, 39.405259620698097 ], [ -80.364730682981374, 39.406593705553803 ], [ -80.363167689146266, 39.407866305876567 ], [ -80.36152063730691, 39.409073937014206 ], [ -80.35979404191788, 39.410213292390623 ], [ -80.357992635457137, 39.41128125253104 ], [ -80.356121355454604, 39.41227489357474 ], [ -80.354185330958643, 39.413191495252576 ], [ -80.352189868477865, 39.41402854830757 ], [ -80.350140437436224, 39.41478376133891 ], [ -80.348042655181715, 39.415455067050551 ], [ -80.345902271589736, 39.416040627888179 ], [ -80.343725153302884, 39.416538841048947 ], [ -80.341517267651113, 39.416948342850738 ], [ -80.339284666295484, 39.417268012449306 ], [ -80.337033468641124, 39.417496974893183 ], [ -80.334769845064343, 39.417634603508262 ], [ -80.3325, 39.417680521605654 ], [ -80.330230154935663, 39.417634603508262 ], [ -80.327966531358882, 39.417496974893183 ], [ -80.325715333704522, 39.417268012449306 ], [ -80.323482732348893, 39.416948342850738 ], [ -80.321274846697108, 39.416538841048947 ], [ -80.319097728410256, 39.416040627888179 ], [ -80.316957344818292, 39.415455067050551 ], [ -80.314859562563782, 39.41478376133891 ], [ -80.312810131522141, 39.41402854830757 ], [ -80.310814669041363, 39.413191495252576 ], [ -80.308878644545402, 39.41227489357474 ], [ -80.307007364542869, 39.41128125253104 ], [ -80.305205958082126, 39.410213292390623 ], [ -80.303479362693096, 39.409073937014206 ], [ -80.301832310853726, 39.407866305876567 ], [ -80.300269317018632, 39.406593705553803 ], [ -80.298794665245268, 39.405259620698097 ], [ -80.297412397451623, 39.403867704524352 ], [ -80.296126302337655, 39.402421768834564 ], [ -80.294939905000689, 39.400925773606453 ], [ -80.293856457273321, 39.399383816174911 ], [ -80.292878928810495, 39.397800120035271 ], [ -80.29200999894978, 39.396179023298792 ], [ -80.291252049367515, 39.394524966831675 ], [ -80.290607157550838, 39.392842482109771 ], [ -80.29007709110337, 39.391136178821966 ], [ -80.289663302900408, 39.389410732255989 ], [ -80.289366927106627, 39.387670870501012 ], [ -80.289188776067547, 39.385921361501801 ], [ -80.289129338082702, 39.384167 ] ] ] ] } },
{ "type": "Feature", "properties": { "fclty__": "Healy Power Plant Unit 1 and Unit 2", "plnt_nm": "Healy", "utlty_n": "Golden Valley Elec Assn Inc", "strt_dd": "2.5 Mile Healy Spur Road", "city": "Healy", "state": "Alaska", "zip": 99743, "prm_src": "coal" }, "geometry": { "type": "MultiPolygon", "coordinates": [ [ [ [ -148.906629338082695, 63.8542 ], [ -148.90668877606754, 63.853199759376679 ], [ -148.90686692710662, 63.852202224918052 ], [ -148.907163302900386, 63.851210131232534 ], [ -148.907577091103349, 63.850226198301634 ], [ -148.90810715755083, 63.849253124016798 ], [ -148.908752049367507, 63.848293576773713 ], [ -148.909509998949773, 63.847350188144567 ], [ -148.910378928810474, 63.846425545648451 ], [ -148.911356457273314, 63.845522185639894 ], [ -148.912439905000667, 63.844642586335304 ], [ -148.913626302337633, 63.843789160996515 ], [ -148.914912397451616, 63.842964251290653 ], [ -148.91629466524526, 63.842170120844465 ], [ -148.91776931701861, 63.841408949011331 ], [ -148.91933231085369, 63.840682824868217 ], [ -148.920979362693089, 63.839993741459551 ], [ -148.922705958082105, 63.839343590303741 ], [ -148.924507364542848, 63.838734156178127 ], [ -148.926378644545395, 63.838167112196842 ], [ -148.928314669041328, 63.837644015195288 ], [ -148.930310131522134, 63.837166301434465 ], [ -148.932359562563761, 63.836735282636916 ], [ -148.93445734481827, 63.836352142365762 ], [ -148.936597728410248, 63.836017932756846 ], [ -148.9387748466971, 63.83573357161319 ], [ -148.940982732348886, 63.835499839870181 ], [ -148.943215333704501, 63.835317379438358 ], [ -148.945466531358875, 63.835186691430053 ], [ -148.94773015493567, 63.835108134774956 ], [ -148.95, 63.83508192522833 ], [ -148.952269845064336, 63.835108134774956 ], [ -148.954533468641102, 63.835186691430053 ], [ -148.956784666295476, 63.835317379438358 ], [ -148.95901726765112, 63.835499839870181 ], [ -148.961225153302877, 63.83573357161319 ], [ -148.963402271589729, 63.836017932756846 ], [ -148.965542655181707, 63.836352142365762 ], [ -148.967640437436216, 63.836735282636916 ], [ -148.969689868477843, 63.837166301434465 ], [ -148.97168533095865, 63.837644015195288 ], [ -148.973621355454583, 63.838167112196842 ], [ -148.97549263545713, 63.838734156178127 ], [ -148.977294041917872, 63.839343590303741 ], [ -148.979020637306888, 63.839993741459551 ], [ -148.980667689146259, 63.840682824868217 ], [ -148.982230682981367, 63.841408949011331 ], [ -148.983705334754717, 63.842170120844465 ], [ -148.985087602548361, 63.842964251290653 ], [ -148.986373697662344, 63.843789160996515 ], [ -148.987560094999282, 63.844642586335304 ], [ -148.988643542726663, 63.845522185639894 ], [ -148.989621071189475, 63.846425545648451 ], [ -148.990490001050205, 63.847350188144567 ], [ -148.99124795063247, 63.848293576773713 ], [ -148.991892842449175, 63.849253124016798 ], [ -148.992422908896629, 63.850226198301634 ], [ -148.992836697099591, 63.851210131232534 ], [ -148.993133072893329, 63.852202224918052 ], [ -148.993311223932437, 63.853199759376679 ], [ -148.993370661917282, 63.8542 ], [ -148.993311223932437, 63.855200205052839 ], [ -148.993133072893329, 63.856197633189737 ], [ -148.992836697099591, 63.857189550967142 ], [ -148.992422908896629, 63.858173240330864 ], [ -148.991892842449175, 63.859146006057998 ], [ -148.99124795063247, 63.86010518313352 ], [ -148.990490001050205, 63.861048144040829 ], [ -148.989621071189475, 63.861972305947077 ], [ -148.988643542726663, 63.862875137763147 ], [ -148.987560094999282, 63.863754167059675 ], [ -148.986373697662344, 63.864606986819894 ], [ -148.985087602548361, 63.865431262011533 ], [ -148.983705334754717, 63.866224735959761 ], [ -148.982230682981367, 63.866985236503879 ], [ -148.980667689146259, 63.867710681921714 ], [ -148.979020637306888, 63.868399086605109 ], [ -148.977294041917872, 63.869048566471911 ], [ -148.97549263545713, 63.869657344099572 ], [ -148.973621355454583, 63.870223753566648 ], [ -148.97168533095865, 63.870746244989633 ], [ -148.969689868477843, 63.871223388742379 ], [ -148.967640437436216, 63.871653879347463 ], [ -148.965542655181707, 63.872036539028748 ], [ -148.963402271589729, 63.872370320915863 ], [ -148.961225153302877, 63.872654311891928 ], [ -148.95901726765112, 63.872887735077242 ], [ -148.956784666295476, 63.873069951941893 ], [ -148.954533468641102, 63.873200464042093 ], [ -148.952269845064336, 63.873278914375462 ], [ -148.95, 63.873305088351586 ], [ -148.94773015493567, 63.873278914375462 ], [ -148.945466531358875, 63.873200464042093 ], [ -148.943215333704501, 63.873069951941893 ], [ -148.940982732348886, 63.872887735077242 ], [ -148.9387748466971, 63.872654311891928 ], [ -148.936597728410248, 63.872370320915863 ], [ -148.93445734481827, 63.872036539028748 ], [ -148.932359562563761, 63.871653879347463 ], [ -148.930310131522134, 63.871223388742379 ], [ -148.928314669041328, 63.870746244989633 ], [ -148.926378644545395, 63.870223753566648 ], [ -148.924507364542848, 63.869657344099572 ], [ -148.922705958082105, 63.869048566471911 ], [ -148.920979362693089, 63.868399086605109 ], [ -148.91933231085369, 63.867710681921714 ], [ -148.91776931701861, 63.866985236503879 ], [ -148.91629466524526, 63.866224735959761 ], [ -148.914912397451616, 63.865431262011533 ], [ -148.913626302337633, 63.864606986819894 ], [ -148.912439905000667, 63.863754167059675 ], [ -148.911356457273314, 63.862875137763147 ], [ -148.910378928810474, 63.861972305947077 ], [ -148.909509998949773, 63.861048144040829 ], [ -148.908752049367507, 63.86010518313352 ], [ -148.90810715755083, 63.859146006057998 ], [ -148.907577091103349, 63.858173240330864 ], [ -148.907163302900386, 63.857189550967142 ], [ -148.90686692710662, 63.856197633189737 ], [ -148.90668877606754, 63.855200205052839 ], [ -148.906629338082695, 63.8542 ] ] ] ] } },
{ "type": "Feature", "properties": { "fclty__": "Holcomb Station", "plnt_nm": "Holcomb", "utlty_n": "Sunflower Electric Power Corp", "strt_dd": "2440 Holcomb Lane", "city": "Holcomb", "state": "Kansas", "zip": 67851, "prm_src": "coal" }, "geometry": { "type": "MultiPolygon", "coordinates": [ [ [ [ -100.929129338082703, 37.9308 ], [ -100.929188776067548, 37.929009629383025 ], [ -100.929366927106628, 37.927224122627798 ], [ -100.929663302900408, 37.925448374220203 ], [ -100.930077091103357, 37.923687252249458 ], [ -100.930607157550824, 37.921945585055411 ], [ -100.931252049367515, 37.920228147980822 ], [ -100.932009998949781, 37.918539650265487 ], [ -100.932878928810482, 37.916884722118155 ], [ -100.933856457273322, 37.91526790200178 ], [ -100.934939905000689, 37.913693624167443 ], [ -100.936126302337655, 37.912166206471184 ], [ -100.937412397451624, 37.910689838507665 ], [ -100.938794665245254, 37.90926857009336 ], [ -100.940269317018632, 37.907906300131295 ], [ -100.941832310853727, 37.906606765888185 ], [ -100.943479362693097, 37.905373532713888 ], [ -100.945205958082113, 37.904209984231535 ], [ -100.947007364542856, 37.903119313025876 ], [ -100.948878644545388, 37.90210451185559 ], [ -100.95081466904135, 37.901168365414136 ], [ -100.952810131522142, 37.900313442662146 ], [ -100.954859562563769, 37.899542089752636 ], [ -100.956957344818278, 37.898856423569008 ], [ -100.959097728410256, 37.898258325893671 ], [ -100.961274846697108, 37.89774943822367 ], [ -100.963482732348879, 37.897331157247962 ], [ -100.965715333704523, 37.897004630998708 ], [ -100.967966531358869, 37.896770755687605 ], [ -100.970230154935649, 37.896630173236041 ], [ -100.9725, 37.896583269505889 ], [ -100.97476984506433, 37.896630173236041 ], [ -100.97703346864111, 37.896770755687605 ], [ -100.979284666295484, 37.897004630998708 ], [ -100.9815172676511, 37.897331157247962 ], [ -100.983725153302885, 37.89774943822367 ], [ -100.985902271589737, 37.898258325893671 ], [ -100.988042655181715, 37.898856423569008 ], [ -100.99014043743621, 37.899542089752636 ], [ -100.992189868477851, 37.900313442662146 ], [ -100.994185330958629, 37.901168365414136 ], [ -100.996121355454591, 37.90210451185559 ], [ -100.997992635457138, 37.903119313025876 ], [ -100.99979404191788, 37.904209984231535 ], [ -101.001520637306896, 37.905373532713888 ], [ -101.003167689146267, 37.906606765888185 ], [ -101.004730682981361, 37.907906300131295 ], [ -101.006205334754739, 37.90926857009336 ], [ -101.007587602548384, 37.910689838507665 ], [ -101.008873697662338, 37.912166206471184 ], [ -101.010060094999304, 37.913693624167443 ], [ -101.011143542726671, 37.91526790200178 ], [ -101.012121071189497, 37.916884722118155 ], [ -101.012990001050213, 37.918539650265487 ], [ -101.013747950632478, 37.920228147980822 ], [ -101.014392842449155, 37.921945585055411 ], [ -101.014922908896622, 37.923687252249458 ], [ -101.015336697099599, 37.925448374220203 ], [ -101.015633072893365, 37.927224122627798 ], [ -101.015811223932445, 37.929009629383025 ], [ -101.01587066191729, 37.9308 ], [ -101.015811223932445, 37.9325903270175 ], [ -101.015633072893365, 37.934375703452062 ], [ -101.015336697099599, 37.9361512362456 ], [ -101.014922908896622, 37.937912059671199 ], [ -101.014392842449155, 37.939653348659945 ], [ -101.013747950632478, 37.941370332012788 ], [ -101.012990001050213, 37.943058305460973 ], [ -101.012121071189497, 37.944712644539756 ], [ -101.011143542726671, 37.946328817240136 ], [ -101.010060094999304, 37.947902396404267 ], [ -101.008873697662338, 37.949429071830878 ], [ -101.007587602548384, 37.950904662057766 ], [ -101.006205334754739, 37.952325125789521 ], [ -101.004730682981361, 37.953686572939368 ], [ -101.003167689146267, 37.954985275255517 ], [ -101.001520637306896, 37.95621767650286 ], [ -100.99979404191788, 37.95738040217303 ], [ -100.997992635457138, 37.958470268696182 ], [ -100.996121355454591, 37.959484292129922 ], [ -100.994185330958629, 37.960419696301813 ], [ -100.992189868477851, 37.961273920383697 ], [ -100.99014043743621, 37.962044625877319 ], [ -100.988042655181715, 37.962729702992497 ], [ -100.985902271589737, 37.963327276400804 ], [ -100.983725153302885, 37.963835710349144 ], [ -100.9815172676511, 37.964253613119638 ], [ -100.979284666295484, 37.964579840823824 ], [ -100.97703346864111, 37.964813500520926 ], [ -100.97476984506433, 37.964953952651861 ], [ -100.9725, 37.96500081278257 ], [ -100.970230154935649, 37.964953952651861 ], [ -100.967966531358869, 37.964813500520926 ], [ -100.965715333704523, 37.964579840823824 ], [ -100.963482732348879, 37.964253613119638 ], [ -100.961274846697108, 37.963835710349144 ], [ -100.959097728410256, 37.963327276400804 ], [ -100.956957344818278, 37.962729702992497 ], [ -100.954859562563769, 37.962044625877319 ], [ -100.952810131522142, 37.961273920383697 ], [ -100.95081466904135, 37.960419696301813 ], [ -100.948878644545388, 37.959484292129922 ], [ -100.947007364542856, 37.958470268696182 ], [ -100.945205958082113, 37.95738040217303 ], [ -100.943479362693097, 37.95621767650286 ], [ -100.941832310853727, 37.954985275255517 ], [ -100.940269317018632, 37.953686572939368 ], [ -100.938794665245254, 37.952325125789521 ], [ -100.937412397451624, 37.950904662057766 ], [ -100.936126302337655, 37.949429071830878 ], [ -100.934939905000689, 37.947902396404267 ], [ -100.933856457273322, 37.946328817240136 ], [ -100.932878928810482, 37.944712644539756 ], [ -100.932009998949781, 37.943058305460973 ], [ -100.931252049367515, 37.941370332012788 ], [ -100.930607157550824, 37.939653348659945 ], [ -100.930077091103357, 37.937912059671199 ], [ -100.929663302900408, 37.9361512362456 ], [ -100.929366927106628, 37.934375703452062 ], [ -100.929188776067548, 37.9325903270175 ], [ -100.929129338082703, 37.9308 ] ] ] ] } },
{ "type": "Feature", "properties": { "fclty__": "Hugo Generating Station HU-UNIT 1", "plnt_nm": "Hugo", "utlty_n": "Western Farmers Elec Coop, Inc", "strt_dd": "3 Miles West on Hyw. 70", "city": "Fort Towson", "state": "Oklahoma", "zip": 74735, "prm_src": "coal" }, "geometry": { "type": "MultiPolygon", "coordinates": [ [ [ [ -95.277229338082719, 34.0158 ], [ -95.27728877606755, 34.013918542400695 ], [ -95.277466927106644, 34.012042200221515 ], [ -95.277763302900411, 34.010176116898954 ], [ -95.278177091103373, 34.008325408085717 ], [ -95.278707157550841, 34.006495147619773 ], [ -95.279352049367517, 34.004690353604417 ], [ -95.280109998949797, 34.002915974637695 ], [ -95.280978928810498, 34.001176876229124 ], [ -95.281956457273338, 33.999477827441048 ], [ -95.283039905000692, 33.997823487791671 ], [ -95.284226302337672, 33.996218394455717 ], [ -95.285512397451626, 33.994666949798258 ], [ -95.286894665245271, 33.993173409276267 ], [ -95.288369317018635, 33.991741869741183 ], [ -95.289932310853743, 33.990376258175097 ], [ -95.291579362693099, 33.989080320891802 ], [ -95.293305958082129, 33.98785761323262 ], [ -95.295107364542872, 33.986711489785613 ], [ -95.296978644545405, 33.985645095155569 ], [ -95.298914669041366, 33.984661355310216 ], [ -95.300910131522144, 33.983762969526907 ], [ -95.302959562563785, 33.982952402962184 ], [ -95.305057344818294, 33.982231879864877 ], [ -95.307197728410273, 33.981603377451776 ], [ -95.309374846697125, 33.981068620462885 ], [ -95.311582732348896, 33.980629076411496 ], [ -95.313815333704525, 33.980285951542335 ], [ -95.316066531358885, 33.980040187508997 ], [ -95.318330154935666, 33.979892458780256 ], [ -95.3206, 33.979843170781955 ], [ -95.322869845064346, 33.979892458780256 ], [ -95.325133468641127, 33.980040187508997 ], [ -95.327384666295487, 33.980285951542335 ], [ -95.329617267651116, 33.980629076411496 ], [ -95.331825153302901, 33.981068620462885 ], [ -95.334002271589753, 33.981603377451776 ], [ -95.336142655181717, 33.982231879864877 ], [ -95.338240437436227, 33.982952402962184 ], [ -95.340289868477868, 33.983762969526907 ], [ -95.342285330958646, 33.984661355310216 ], [ -95.344221355454607, 33.985645095155569 ], [ -95.34609263545714, 33.986711489785613 ], [ -95.347894041917883, 33.98785761323262 ], [ -95.349620637306913, 33.989080320891802 ], [ -95.351267689146283, 33.990376258175097 ], [ -95.352830682981377, 33.991741869741183 ], [ -95.354305334754741, 33.993173409276267 ], [ -95.355687602548386, 33.994666949798258 ], [ -95.356973697662355, 33.996218394455717 ], [ -95.35816009499932, 33.997823487791671 ], [ -95.359243542726688, 33.999477827441048 ], [ -95.360221071189514, 34.001176876229124 ], [ -95.361090001050229, 34.002915974637695 ], [ -95.361847950632495, 34.004690353604417 ], [ -95.362492842449171, 34.006495147619773 ], [ -95.363022908896639, 34.008325408085717 ], [ -95.363436697099601, 34.010176116898954 ], [ -95.363733072893382, 34.012042200221515 ], [ -95.363911223932462, 34.013918542400695 ], [ -95.363970661917307, 34.0158 ], [ -95.363911223932462, 34.01768141590253 ], [ -95.363733072893382, 34.019557633448258 ], [ -95.363436697099601, 34.021423510566194 ], [ -95.363022908896639, 34.023273933862825 ], [ -95.362492842449171, 34.025103832628396 ], [ -95.361847950632495, 34.02690819272248 ], [ -95.361090001050229, 34.028682070301151 ], [ -95.360221071189514, 34.030420605348212 ], [ -95.359243542726688, 34.032119034973611 ], [ -95.35816009499932, 34.033772706442839 ], [ -95.356973697662355, 34.035377089901907 ], [ -95.355687602548386, 34.036927790763272 ], [ -95.354305334754741, 34.038420561719171 ], [ -95.352830682981377, 34.03985131434969 ], [ -95.351267689146283, 34.041216130294217 ], [ -95.349620637306913, 34.042511271955966 ], [ -95.347894041917883, 34.043733192710626 ], [ -95.34609263545714, 34.044878546591598 ], [ -95.344221355454607, 34.045944197425641 ], [ -95.342285330958646, 34.046927227394193 ], [ -95.340289868477868, 34.047824944997451 ], [ -95.338240437436227, 34.048634892399626 ], [ -95.336142655181717, 34.049354852135536 ], [ -95.334002271589753, 34.049982853160699 ], [ -95.331825153302901, 34.050517176228418 ], [ -95.329617267651116, 34.050956358579533 ], [ -95.327384666295487, 34.051299197932195 ], [ -95.325133468641127, 34.051544755760943 ], [ -95.322869845064346, 34.051692359856268 ], [ -95.3206, 34.051741606157826 ], [ -95.318330154935666, 34.051692359856268 ], [ -95.316066531358885, 34.051544755760943 ], [ -95.313815333704525, 34.051299197932195 ], [ -95.311582732348896, 34.050956358579533 ], [ -95.309374846697125, 34.050517176228418 ], [ -95.307197728410273, 34.049982853160699 ], [ -95.305057344818294, 34.049354852135536 ], [ -95.302959562563785, 34.048634892399626 ], [ -95.300910131522144, 34.047824944997451 ], [ -95.298914669041366, 34.046927227394193 ], [ -95.296978644545405, 34.045944197425641 ], [ -95.295107364542872, 34.044878546591598 ], [ -95.293305958082129, 34.043733192710626 ], [ -95.291579362693099, 34.042511271955966 ], [ -95.289932310853743, 34.041216130294217 ], [ -95.288369317018635, 34.03985131434969 ], [ -95.286894665245271, 34.038420561719171 ], [ -95.285512397451626, 34.036927790763272 ], [ -95.284226302337672, 34.035377089901907 ], [ -95.283039905000692, 34.033772706442839 ], [ -95.281956457273338, 34.032119034973611 ], [ -95.280978928810498, 34.030420605348212 ], [ -95.280109998949797, 34.028682070301151 ], [ -95.279352049367517, 34.02690819272248 ], [ -95.278707157550841, 34.025103832628396 ], [ -95.278177091103373, 34.023273933862825 ], [ -95.277763302900411, 34.021423510566194 ], [ -95.277466927106644, 34.019557633448258 ], [ -95.27728877606755, 34.01768141590253 ], [ -95.277229338082719, 34.0158 ] ] ] ] } },
{ "type": "Feature", "properties": { "fclty__": "John B. Rich Memorial Power Station CFB Boiler 1 (CU031) and CFB Boiler 2 (CU032)", "plnt_nm": "John B Rich Memorial Power Station", "utlty_n": "Gilberton Power Co", "strt_dd": "81 Eleanor Avenue", "city": "Frackville", "state": "Pennsylvania", "zip": 17931, "prm_src": "coal" }, "geometry": { "type": "MultiPolygon", "coordinates": [ [ [ [ -76.154929338082709, 40.7903 ], [ -76.15498877606754, 40.788581465200437 ], [ -76.155166927106634, 40.786867596491547 ], [ -76.155463302900401, 40.785163092014812 ], [ -76.155877091103363, 40.783472624602354 ], [ -76.156407157550831, 40.781800828959206 ], [ -76.157052049367522, 40.780152288946098 ], [ -76.157809998949787, 40.778531524998115 ], [ -76.158678928810502, 40.77694298171361 ], [ -76.159656457273314, 40.775391015647848 ], [ -76.160739905000682, 40.773879883344897 ], [ -76.161926302337648, 40.772413729641016 ], [ -76.163212397451616, 40.770996576271926 ], [ -76.164594665245261, 40.769632310815339 ], [ -76.166069317018625, 40.768324675999786 ], [ -76.167632310853719, 40.767077259408993 ], [ -76.169279362693104, 40.765893483610917 ], [ -76.171005958082105, 40.764776596738471 ], [ -76.172807364542848, 40.763729663548403 ], [ -76.174678644545409, 40.76275555698335 ], [ -76.176614669041342, 40.761856950260231 ], [ -76.178610131522134, 40.761036309507581 ], [ -76.180659562563775, 40.760295886971882 ], [ -76.18275734481827, 40.759637714812328 ], [ -76.184897728410263, 40.759063599501076 ], [ -76.187074846697101, 40.758575116844774 ], [ -76.189282732348886, 40.758173607641375 ], [ -76.191515333704515, 40.757860173984227 ], [ -76.193766531358889, 40.757635676223977 ], [ -76.19603015493567, 40.757500730596732 ], [ -76.1983, 40.757455707525061 ], [ -76.200569845064337, 40.757500730596732 ], [ -76.202833468641117, 40.757635676223977 ], [ -76.205084666295477, 40.757860173984227 ], [ -76.207317267651106, 40.758173607641375 ], [ -76.209525153302891, 40.758575116844774 ], [ -76.211702271589729, 40.759063599501076 ], [ -76.213842655181708, 40.759637714812328 ], [ -76.215940437436217, 40.760295886971882 ], [ -76.217989868477858, 40.761036309507581 ], [ -76.21998533095865, 40.761856950260231 ], [ -76.221921355454597, 40.76275555698335 ], [ -76.223792635457144, 40.763729663548403 ], [ -76.225594041917873, 40.764776596738471 ], [ -76.227320637306889, 40.765893483610917 ], [ -76.228967689146273, 40.767077259408993 ], [ -76.230530682981353, 40.768324675999786 ], [ -76.232005334754732, 40.769632310815339 ], [ -76.233387602548376, 40.770996576271926 ], [ -76.23467369766233, 40.772413729641016 ], [ -76.23586009499931, 40.773879883344897 ], [ -76.236943542726678, 40.775391015647848 ], [ -76.237921071189504, 40.77694298171361 ], [ -76.238790001050205, 40.778531524998115 ], [ -76.23954795063247, 40.780152288946098 ], [ -76.240192842449162, 40.781800828959206 ], [ -76.240722908896643, 40.783472624602354 ], [ -76.241136697099591, 40.785163092014812 ], [ -76.241433072893358, 40.786867596491547 ], [ -76.241611223932452, 40.788581465200437 ], [ -76.241670661917283, 40.7903 ], [ -76.241611223932452, 40.792018490322725 ], [ -76.241433072893358, 40.793732226088387 ], [ -76.241136697099591, 40.795436510612085 ], [ -76.240722908896643, 40.797126673471503 ], [ -76.240192842449162, 40.798798083298401 ], [ -76.23954795063247, 40.80044616045911 ], [ -76.238790001050205, 40.802066389589676 ], [ -76.237921071189504, 40.803654331951279 ], [ -76.236943542726678, 40.805205637572534 ], [ -76.23586009499931, 40.806716057145323 ], [ -76.23467369766233, 40.808181453642213 ], [ -76.233387602548376, 40.809597813623597 ], [ -76.232005334754732, 40.810961258204287 ], [ -76.230530682981353, 40.812268053649461 ], [ -76.228967689146273, 40.813514621571677 ], [ -76.227320637306889, 40.81469754870119 ], [ -76.225594041917873, 40.815813596203292 ], [ -76.223792635457144, 40.816859708517505 ], [ -76.221921355454597, 40.817833021694931 ], [ -76.21998533095865, 40.818730871211137 ], [ -76.217989868477858, 40.81955079923371 ], [ -76.215940437436217, 40.820290561324995 ], [ -76.213842655181708, 40.82094813256176 ], [ -76.211702271589729, 40.821521713055674 ], [ -76.209525153302891, 40.822009732859676 ], [ -76.207317267651106, 40.822410856246897 ], [ -76.205084666295477, 40.822723985351082 ], [ -76.202833468641117, 40.822948263158331 ], [ -76.200569845064337, 40.823083075842391 ], [ -76.1983, 40.823128054437227 ], [ -76.19603015493567, 40.823083075842391 ], [ -76.193766531358889, 40.822948263158331 ], [ -76.191515333704515, 40.822723985351082 ], [ -76.189282732348886, 40.822410856246897 ], [ -76.187074846697101, 40.822009732859676 ], [ -76.184897728410263, 40.821521713055674 ], [ -76.18275734481827, 40.82094813256176 ], [ -76.180659562563775, 40.820290561324995 ], [ -76.178610131522134, 40.81955079923371 ], [ -76.176614669041342, 40.818730871211137 ], [ -76.174678644545409, 40.817833021694931 ], [ -76.172807364542848, 40.816859708517505 ], [ -76.171005958082105, 40.815813596203292 ], [ -76.169279362693104, 40.81469754870119 ], [ -76.167632310853719, 40.813514621571677 ], [ -76.166069317018625, 40.812268053649461 ], [ -76.164594665245261, 40.810961258204287 ], [ -76.163212397451616, 40.809597813623597 ], [ -76.161926302337648, 40.808181453642213 ], [ -76.160739905000682, 40.806716057145323 ], [ -76.159656457273314, 40.805205637572534 ], [ -76.158678928810502, 40.803654331951279 ], [ -76.157809998949787, 40.802066389589676 ], [ -76.157052049367522, 40.80044616045911 ], [ -76.156407157550831, 40.798798083298401 ], [ -76.155877091103363, 40.797126673471503 ], [ -76.155463302900401, 40.795436510612085 ], [ -76.155166927106634, 40.793732226088395 ], [ -76.15498877606754, 40.792018490322725 ], [ -76.154929338082709, 40.7903 ] ] ] ] } },
{ "type": "Feature", "properties": { "fclty__": "John Twitty Energy Center", "plnt_nm": "John Twitty Energy Center", "utlty_n": "City Utilities of Springfield - (MO)", "strt_dd": "5100 W Farm Road 164", "city": "Springfield", "state": "Missouri", "zip": 65807, "prm_src": "coal" }, "geometry": { "type": "MultiPolygon", "coordinates": [ [ [ [ -93.34466933808271, 37.151706 ], [ -93.344728776067541, 37.149896822761129 ], [ -93.344906927106635, 37.148092561245171 ], [ -93.345203302900401, 37.14629816133975 ], [ -93.34561709110335, 37.144518542250232 ], [ -93.346147157550831, 37.14275858300698 ], [ -93.346792049367522, 37.14102310907883 ], [ -93.347549998949788, 37.139316879129971 ], [ -93.348418928810489, 37.13764457195645 ], [ -93.349396457273315, 37.136010773638475 ], [ -93.350479905000682, 37.13441996494403 ], [ -93.351666302337648, 37.132876509018381 ], [ -93.352952397451617, 37.131384639393843 ], [ -93.354334665245261, 37.129948448352778 ], [ -93.35580931701864, 37.128571875676201 ], [ -93.357372310853719, 37.127258697809147 ], [ -93.359019362693104, 37.126012517472944 ], [ -93.36074595808212, 37.124836753753293 ], [ -93.362547364542849, 37.12373463269158 ], [ -93.364418644545395, 37.122709178405806 ], [ -93.366354669041343, 37.12176320476572 ], [ -93.368350131522135, 37.120899307645544 ], [ -93.370399562563776, 37.12011985777562 ], [ -93.372497344818271, 37.119426994213271 ], [ -93.374637728410264, 37.118822618450864 ], [ -93.376814846697101, 37.118308389177649 ], [ -93.379022732348872, 37.117885717710017 ], [ -93.381255333704516, 37.117555764102896 ], [ -93.383506531358876, 37.117319433953227 ], [ -93.385770154935656, 37.117177375904539 ], [ -93.38804, 37.1171299798593 ], [ -93.390309845064323, 37.117177375904539 ], [ -93.392573468641103, 37.117319433953227 ], [ -93.394824666295477, 37.117555764102896 ], [ -93.397057267651107, 37.117885717710017 ], [ -93.399265153302892, 37.118308389177649 ], [ -93.40144227158973, 37.118822618450864 ], [ -93.403582655181722, 37.119426994213271 ], [ -93.405680437436203, 37.12011985777562 ], [ -93.407729868477858, 37.120899307645544 ], [ -93.409725330958636, 37.12176320476572 ], [ -93.411661355454584, 37.122709178405806 ], [ -93.413532635457145, 37.12373463269158 ], [ -93.415334041917873, 37.124836753753293 ], [ -93.417060637306889, 37.126012517472944 ], [ -93.418707689146274, 37.127258697809147 ], [ -93.420270682981354, 37.128571875676201 ], [ -93.421745334754732, 37.129948448352778 ], [ -93.423127602548377, 37.131384639393843 ], [ -93.424413697662345, 37.132876509018381 ], [ -93.425600094999311, 37.13441996494403 ], [ -93.426683542726678, 37.136010773638475 ], [ -93.42766107118949, 37.13764457195645 ], [ -93.428530001050206, 37.139316879129971 ], [ -93.429287950632471, 37.14102310907883 ], [ -93.429932842449162, 37.14275858300698 ], [ -93.430462908896629, 37.144518542250232 ], [ -93.430876697099592, 37.14629816133975 ], [ -93.431173072893358, 37.148092561245171 ], [ -93.431351223932452, 37.149896822761129 ], [ -93.431410661917283, 37.151706 ], [ -93.431351223932452, 37.153515133954194 ], [ -93.431173072893358, 37.155319266090309 ], [ -93.430876697099592, 37.157113451938265 ], [ -93.430462908896629, 37.158892774637941 ], [ -93.429932842449162, 37.160652358406296 ], [ -93.429287950632471, 37.162387381888259 ], [ -93.428530001050206, 37.164093091354843 ], [ -93.42766107118949, 37.165764813712514 ], [ -93.426683542726678, 37.167397969288416 ], [ -93.425600094999311, 37.168988084356599 ], [ -93.424413697662345, 37.170530803371307 ], [ -93.423127602548377, 37.172021900873979 ], [ -93.421745334754732, 37.173457293041771 ], [ -93.420270682981354, 37.174833048846303 ], [ -93.418707689146274, 37.176145400792372 ], [ -93.417060637306889, 37.17739075520759 ], [ -93.415334041917873, 37.178565702055238 ], [ -93.413532635457145, 37.179667024243734 ], [ -93.411661355454584, 37.180691706407721 ], [ -93.409725330958636, 37.181636943136951 ], [ -93.407729868477858, 37.182500146630957 ], [ -93.405680437436203, 37.183278953758929 ], [ -93.403582655181722, 37.183971232505527 ], [ -93.40144227158973, 37.184575087785774 ], [ -93.399265153302892, 37.185088866612901 ], [ -93.397057267651107, 37.185511162605728 ], [ -93.394824666295477, 37.185840819823078 ], [ -93.392573468641103, 37.186076935915331 ], [ -93.390309845064323, 37.186218864584234 ], [ -93.38804, 37.18626621734478 ], [ -93.385770154935656, 37.186218864584234 ], [ -93.383506531358876, 37.186076935915331 ], [ -93.381255333704516, 37.185840819823078 ], [ -93.379022732348872, 37.185511162605728 ], [ -93.376814846697101, 37.185088866612901 ], [ -93.374637728410264, 37.184575087785774 ], [ -93.372497344818271, 37.183971232505527 ], [ -93.370399562563776, 37.183278953758929 ], [ -93.368350131522135, 37.182500146630957 ], [ -93.366354669041343, 37.181636943136951 ], [ -93.364418644545395, 37.180691706407721 ], [ -93.362547364542849, 37.179667024243734 ], [ -93.36074595808212, 37.178565702055238 ], [ -93.359019362693104, 37.17739075520759 ], [ -93.357372310853719, 37.176145400792372 ], [ -93.35580931701864, 37.174833048846303 ], [ -93.354334665245261, 37.173457293041771 ], [ -93.352952397451617, 37.172021900873979 ], [ -93.351666302337648, 37.170530803371307 ], [ -93.350479905000682, 37.168988084356599 ], [ -93.349396457273315, 37.167397969288416 ], [ -93.348418928810489, 37.165764813712514 ], [ -93.347549998949788, 37.164093091354843 ], [ -93.346792049367522, 37.162387381888259 ], [ -93.346147157550831, 37.160652358406296 ], [ -93.34561709110335, 37.158892774637941 ], [ -93.345203302900401, 37.157113451938265 ], [ -93.344906927106635, 37.155319266090309 ], [ -93.344728776067541, 37.153515133954194 ], [ -93.34466933808271, 37.151706 ] ] ] ] } },
{ "type": "Feature", "properties": { "fclty__": "Keystone Station Unit 1 and Unit 2", "plnt_nm": "Keystone", "utlty_n": "KeyCon Operating LLC", "strt_dd": "313 Keystone Drive", "city": "Shelocta", "state": "Pennsylvania", "zip": 15774, "prm_src": "coal" }, "geometry": { "type": "MultiPolygon", "coordinates": [ [ [ [ -79.297729338082704, 40.6604 ], [ -79.297788776067534, 40.658678107692005 ], [ -79.297966927106629, 40.656960890707587 ], [ -79.298263302900395, 40.655253056365247 ], [ -79.298677091103357, 40.653559286623441 ], [ -79.299207157550839, 40.651884225237794 ], [ -79.299852049367516, 40.650232465019158 ], [ -79.300609998949781, 40.64860853522768 ], [ -79.301478928810496, 40.64701688913761 ], [ -79.302456457273323, 40.645461891807066 ], [ -79.303539905000676, 40.643947808086779 ], [ -79.304726302337656, 40.642478790900654 ], [ -79.30601239745161, 40.641058869830879 ], [ -79.307394665245255, 40.639691940039022 ], [ -79.308869317018633, 40.638381751554057 ], [ -79.310432310853713, 40.637131898956817 ], [ -79.312079362693098, 40.635945811489776 ], [ -79.313805958082114, 40.634826743619584 ], [ -79.315607364542842, 40.633777766078609 ], [ -79.317478644545403, 40.632801757410583 ], [ -79.31941466904135, 40.63190139604373 ], [ -79.321410131522143, 40.631079152913813 ], [ -79.32345956256377, 40.630337284657308 ], [ -79.325557344818279, 40.629677827394183 ], [ -79.327697728410257, 40.629102591117253 ], [ -79.329874846697109, 40.628613154704162 ], [ -79.332082732348894, 40.628210861565748 ], [ -79.334315333704509, 40.627896815942961 ], [ -79.336566531358869, 40.627671879862959 ], [ -79.338830154935664, 40.62753667076263 ], [ -79.3411, 40.627491559786321 ], [ -79.343369845064331, 40.62753667076263 ], [ -79.345633468641111, 40.627671879862959 ], [ -79.347884666295471, 40.627896815942961 ], [ -79.350117267651115, 40.628210861565748 ], [ -79.352325153302885, 40.628613154704162 ], [ -79.354502271589723, 40.629102591117253 ], [ -79.356642655181716, 40.629677827394183 ], [ -79.358740437436225, 40.630337284657308 ], [ -79.360789868477852, 40.631079152913813 ], [ -79.362785330958644, 40.63190139604373 ], [ -79.364721355454591, 40.632801757410583 ], [ -79.366592635457138, 40.633777766078609 ], [ -79.368394041917881, 40.634826743619584 ], [ -79.370120637306897, 40.635945811489776 ], [ -79.371767689146267, 40.637131898956817 ], [ -79.373330682981361, 40.638381751554057 ], [ -79.37480533475474, 40.639691940039022 ], [ -79.37618760254837, 40.641058869830879 ], [ -79.377473697662339, 40.642478790900654 ], [ -79.378660094999304, 40.643947808086779 ], [ -79.379743542726672, 40.645461891807066 ], [ -79.380721071189484, 40.64701688913761 ], [ -79.381590001050213, 40.64860853522768 ], [ -79.382347950632465, 40.650232465019158 ], [ -79.382992842449156, 40.651884225237794 ], [ -79.383522908896637, 40.653559286623441 ], [ -79.383936697099585, 40.655253056365247 ], [ -79.384233072893352, 40.656960890707587 ], [ -79.384411223932446, 40.658678107692005 ], [ -79.384470661917291, 40.6604 ], [ -79.384411223932446, 40.662121847861457 ], [ -79.384233072893352, 40.663838931993247 ], [ -79.383936697099585, 40.665546546532426 ], [ -79.383522908896637, 40.66724001192874 ], [ -79.382992842449156, 40.668914687761031 ], [ -79.382347950632465, 40.670565985442664 ], [ -79.381590001050213, 40.672189380781155 ], [ -79.380721071189484, 40.673780426357823 ], [ -79.379743542726672, 40.675334763693897 ], [ -79.378660094999304, 40.676848135169692 ], [ -79.377473697662339, 40.678316395664801 ], [ -79.37618760254837, 40.679735523887516 ], [ -79.37480533475474, 40.681101633362843 ], [ -79.373330682981361, 40.682410983049387 ], [ -79.371767689146267, 40.683659987556361 ], [ -79.370120637306897, 40.684845226933149 ], [ -79.368394041917881, 40.685963456004949 ], [ -79.366592635457138, 40.687011613229444 ], [ -79.364721355454591, 40.687986829050466 ], [ -79.362785330958644, 40.688886433726381 ], [ -79.360789868477852, 40.689707964611898 ], [ -79.358740437436225, 40.690449172874025 ], [ -79.356642655181716, 40.691108029623848 ], [ -79.354502271589723, 40.691682731447884 ], [ -79.352325153302885, 40.692171705324064 ], [ -79.350117267651115, 40.692573612909221 ], [ -79.347884666295471, 40.692887354186574 ], [ -79.345633468641111, 40.693112070463457 ], [ -79.343369845064331, 40.693247146711187 ], [ -79.3411, 40.693292213240973 ], [ -79.338830154935664, 40.693247146711187 ], [ -79.336566531358869, 40.693112070463457 ], [ -79.334315333704509, 40.692887354186574 ], [ -79.332082732348894, 40.692573612909221 ], [ -79.329874846697109, 40.692171705324064 ], [ -79.327697728410257, 40.691682731447884 ], [ -79.325557344818279, 40.691108029623848 ], [ -79.32345956256377, 40.690449172874025 ], [ -79.321410131522143, 40.689707964611898 ], [ -79.31941466904135, 40.688886433726381 ], [ -79.317478644545403, 40.687986829050466 ], [ -79.315607364542842, 40.687011613229444 ], [ -79.313805958082114, 40.685963456004949 ], [ -79.312079362693098, 40.684845226933149 ], [ -79.310432310853713, 40.683659987556361 ], [ -79.308869317018633, 40.682410983049387 ], [ -79.307394665245255, 40.681101633362843 ], [ -79.30601239745161, 40.679735523887516 ], [ -79.304726302337656, 40.678316395664801 ], [ -79.303539905000676, 40.676848135169692 ], [ -79.302456457273323, 40.675334763693897 ], [ -79.301478928810496, 40.673780426357823 ], [ -79.300609998949781, 40.672189380781155 ], [ -79.299852049367516, 40.670565985442664 ], [ -79.299207157550839, 40.668914687761031 ], [ -79.298677091103357, 40.66724001192874 ], [ -79.298263302900395, 40.665546546532426 ], [ -79.297966927106629, 40.663838931993247 ], [ -79.297788776067534, 40.662121847861457 ], [ -79.297729338082704, 40.6604 ] ] ] ] } },
{ "type": "Feature", "properties": { "fclty__": "Kincaid Power Plant Unit 1 and Unit 2", "plnt_nm": "Kincaid Generation LLC", "utlty_n": "Dynegy Kincaid Generation", "strt_dd": "4 Miles West of Kincaid Rt 104", "city": "Kincaid", "state": "Illinois", "zip": 62540, "prm_src": "coal" }, "geometry": { "type": "MultiPolygon", "coordinates": [ [ [ [ -89.453018338082686, 39.590556 ], [ -89.453077776067531, 39.588806793778318 ], [ -89.453255927106625, 39.587062338028986 ], [ -89.453552302900391, 39.585327414726699 ], [ -89.453966091103354, 39.583606780073183 ], [ -89.454496157550821, 39.581905151451018 ], [ -89.455141049367512, 39.580227194479946 ], [ -89.455898998949763, 39.578577510211524 ], [ -89.456767928810493, 39.576960622497225 ], [ -89.457745457273305, 39.575380965564982 ], [ -89.458828905000672, 39.573842871838465 ], [ -89.460015302337638, 39.572350560032625 ], [ -89.461301397451606, 39.570908123558695 ], [ -89.462683665245251, 39.569519519270543 ], [ -89.464158317018615, 39.568188556583848 ], [ -89.465721310853709, 39.566918886997975 ], [ -89.46736836269308, 39.56571399405005 ], [ -89.46909495808211, 39.564577183728844 ], [ -89.470896364542853, 39.56351157537545 ], [ -89.472767644545399, 39.562520093095834 ], [ -89.474703669041347, 39.561605457709383 ], [ -89.476699131522125, 39.560770179255968 ], [ -89.478748562563766, 39.560016550082146 ], [ -89.480846344818275, 39.5593466385263 ], [ -89.482986728410239, 39.55876228321987 ], [ -89.485163846697091, 39.558265088020988 ], [ -89.487371732348876, 39.557856417594536 ], [ -89.48960433370452, 39.557537393650989 ], [ -89.491855531358866, 39.557308891854667 ], [ -89.494119154935646, 39.557171539410021 ], [ -89.496389, 39.55712571333266 ], [ -89.498658845064327, 39.557171539410021 ], [ -89.500922468641107, 39.557308891854667 ], [ -89.503173666295467, 39.557537393650989 ], [ -89.505406267651097, 39.557856417594536 ], [ -89.507614153302868, 39.558265088020988 ], [ -89.509791271589719, 39.55876228321987 ], [ -89.511931655181698, 39.5593466385263 ], [ -89.514029437436207, 39.560016550082146 ], [ -89.516078868477848, 39.560770179255968 ], [ -89.518074330958626, 39.561605457709383 ], [ -89.520010355454588, 39.562520093095834 ], [ -89.521881635457135, 39.56351157537545 ], [ -89.523683041917863, 39.564577183728844 ], [ -89.525409637306893, 39.56571399405005 ], [ -89.527056689146264, 39.566918886997975 ], [ -89.528619682981358, 39.568188556583848 ], [ -89.530094334754722, 39.569519519270543 ], [ -89.531476602548381, 39.570908123558695 ], [ -89.532762697662321, 39.572350560032625 ], [ -89.533949094999315, 39.573842871838465 ], [ -89.535032542726654, 39.575380965564982 ], [ -89.536010071189494, 39.576960622497225 ], [ -89.536879001050195, 39.578577510211524 ], [ -89.537636950632475, 39.580227194479946 ], [ -89.538281842449152, 39.581905151451018 ], [ -89.538811908896619, 39.583606780073183 ], [ -89.539225697099596, 39.585327414726699 ], [ -89.539522072893348, 39.587062338028986 ], [ -89.539700223932442, 39.588806793778318 ], [ -89.539759661917273, 39.590556 ], [ -89.539700223932442, 39.592305162059446 ], [ -89.539522072893348, 39.59404948580594 ], [ -89.539225697099596, 39.595784190711051 ], [ -89.538811908896619, 39.597504522965842 ], [ -89.538281842449152, 39.599205768500873 ], [ -89.537636950632475, 39.600883265893586 ], [ -89.536879001050195, 39.602532419127677 ], [ -89.536010071189494, 39.604148710169795 ], [ -89.535032542726654, 39.605727711329259 ], [ -89.533949094999315, 39.607265097367197 ], [ -89.532762697662321, 39.608756657322246 ], [ -89.531476602548381, 39.6101983060206 ], [ -89.530094334754722, 39.611586095239417 ], [ -89.528619682981358, 39.612916224493119 ], [ -89.527056689146264, 39.614185051413592 ], [ -89.525409637306893, 39.615389101696124 ], [ -89.523683041917863, 39.61652507858436 ], [ -89.521881635457135, 39.617589871868489 ], [ -89.520010355454588, 39.618580566372607 ], [ -89.518074330958626, 39.619494449908331 ], [ -89.516078868477848, 39.620329020673282 ], [ -89.514029437436207, 39.621081994074416 ], [ -89.511931655181698, 39.621751308958181 ], [ -89.509791271589719, 39.622335133230379 ], [ -89.507614153302868, 39.622831868851002 ], [ -89.505406267651097, 39.623240156190406 ], [ -89.503173666295467, 39.623558877735285 ], [ -89.500922468641107, 39.623787161134473 ], [ -89.498658845064327, 39.623924381576316 ], [ -89.496389, 39.623970163491457 ], [ -89.494119154935646, 39.623924381576316 ], [ -89.491855531358866, 39.623787161134473 ], [ -89.48960433370452, 39.623558877735285 ], [ -89.487371732348876, 39.623240156190406 ], [ -89.485163846697091, 39.622831868851002 ], [ -89.482986728410239, 39.622335133230379 ], [ -89.480846344818275, 39.621751308958181 ], [ -89.478748562563766, 39.621081994074416 ], [ -89.476699131522125, 39.620329020673282 ], [ -89.474703669041347, 39.619494449908331 ], [ -89.472767644545399, 39.618580566372607 ], [ -89.470896364542853, 39.617589871868489 ], [ -89.46909495808211, 39.61652507858436 ], [ -89.46736836269308, 39.615389101696124 ], [ -89.465721310853709, 39.614185051413592 ], [ -89.464158317018615, 39.612916224493119 ], [ -89.462683665245251, 39.611586095239417 ], [ -89.461301397451606, 39.6101983060206 ], [ -89.460015302337638, 39.608756657322246 ], [ -89.458828905000672, 39.607265097367197 ], [ -89.457745457273305, 39.605727711329259 ], [ -89.456767928810493, 39.604148710169795 ], [ -89.455898998949763, 39.602532419127677 ], [ -89.455141049367512, 39.600883265893586 ], [ -89.454496157550821, 39.599205768500873 ], [ -89.453966091103354, 39.597504522965842 ], [ -89.453552302900391, 39.595784190711051 ], [ -89.453255927106625, 39.594049485805947 ], [ -89.453077776067531, 39.592305162059446 ], [ -89.453018338082686, 39.590556 ] ] ] ] } },
{ "type": "Feature", "properties": { "fclty__": "Kingston Fossil Plant", "plnt_nm": "Kingston", "utlty_n": "Tennessee Valley Authority", "strt_dd": "Swan Pond Rd. PO Box 2000", "city": "Kingston", "state": "Tennessee", "zip": 37763, "prm_src": "coal" }, "geometry": { "type": "MultiPolygon", "coordinates": [ [ [ [ -84.476029338082725, 35.8992 ], [ -84.476088776067542, 35.897361291041115 ], [ -84.47626692710665, 35.895527579320337 ], [ -84.476563302900402, 35.89370389143933 ], [ -84.476977091103365, 35.891895226868257 ], [ -84.477507157550832, 35.890106544233127 ], [ -84.478152049367523, 35.888342747711263 ], [ -84.478909998949803, 35.886608673572731 ], [ -84.479778928810504, 35.884909076904307 ], [ -84.480756457273316, 35.883248618553083 ], [ -84.481839905000683, 35.881631852325405 ], [ -84.483026302337663, 35.880063212476628 ], [ -84.484312397451617, 35.878547001526371 ], [ -84.485694665245276, 35.877087378432869 ], [ -84.48716931701864, 35.875688347159254 ], [ -84.488732310853734, 35.87435374566352 ], [ -84.490379362693105, 35.873087235342716 ], [ -84.492105958082121, 35.87189229096056 ], [ -84.493907364542864, 35.870772191086793 ], [ -84.49577864454541, 35.869730009074502 ], [ -84.497714669041358, 35.868768604600888 ], [ -84.499710131522136, 35.867890615794785 ], [ -84.501759562563791, 35.867098451973028 ], [ -84.503857344818286, 35.86639428700591 ], [ -84.505997728410279, 35.865780053330262 ], [ -84.508174846697116, 35.865257436626742 ], [ -84.510382732348887, 35.86482787117653 ], [ -84.512615333704531, 35.86449253590996 ], [ -84.514866531358891, 35.864252351158562 ], [ -84.517130154935671, 35.864107976119342 ], [ -84.5194, 35.864059807038451 ], [ -84.521669845064338, 35.864107976119342 ], [ -84.523933468641118, 35.864252351158562 ], [ -84.526184666295478, 35.86449253590996 ], [ -84.528417267651122, 35.86482787117653 ], [ -84.530625153302907, 35.865257436626742 ], [ -84.532802271589745, 35.865780053330262 ], [ -84.534942655181709, 35.86639428700591 ], [ -84.537040437436218, 35.867098451973028 ], [ -84.539089868477859, 35.867890615794785 ], [ -84.541085330958651, 35.868768604600888 ], [ -84.543021355454599, 35.869730009074502 ], [ -84.544892635457146, 35.870772191086793 ], [ -84.546694041917874, 35.87189229096056 ], [ -84.548420637306904, 35.873087235342716 ], [ -84.550067689146289, 35.87435374566352 ], [ -84.551630682981369, 35.875688347159254 ], [ -84.553105334754733, 35.877087378432869 ], [ -84.554487602548392, 35.878547001526371 ], [ -84.555773697662346, 35.880063212476628 ], [ -84.556960094999326, 35.881631852325405 ], [ -84.558043542726693, 35.883248618553083 ], [ -84.559021071189505, 35.884909076904307 ], [ -84.559890001050221, 35.886608673572731 ], [ -84.560647950632486, 35.888342747711263 ], [ -84.561292842449163, 35.890106544233127 ], [ -84.561822908896644, 35.891895226868257 ], [ -84.562236697099607, 35.89370389143933 ], [ -84.562533072893373, 35.895527579320337 ], [ -84.562711223932467, 35.897361291041115 ], [ -84.562770661917298, 35.8992 ], [ -84.562711223932467, 35.901038666247203 ], [ -84.562533072893373, 35.902872250300902 ], [ -84.562236697099607, 35.904695726958181 ], [ -84.561822908896644, 35.906504099063085 ], [ -84.561292842449163, 35.908292411193933 ], [ -84.560647950632486, 35.910055763232712 ], [ -84.559890001050221, 35.911789323779225 ], [ -84.559021071189505, 35.913488343373707 ], [ -84.558043542726693, 35.91514816749163 ], [ -84.556960094999326, 35.91676424927541 ], [ -84.555773697662346, 35.918332161968635 ], [ -84.554487602548392, 35.919847611018525 ], [ -84.553105334754733, 35.92130644581443 ], [ -84.551630682981369, 35.922704671029933 ], [ -84.550067689146289, 35.92403845753838 ], [ -84.548420637306904, 35.925304152871931 ], [ -84.546694041917874, 35.926498291196012 ], [ -84.544892635457146, 35.927617602772237 ], [ -84.543021355454599, 35.928659022884247 ], [ -84.541085330958651, 35.929619700202394 ], [ -84.539089868477859, 35.930497004564707 ], [ -84.537040437436218, 35.931288534153268 ], [ -84.534942655181709, 35.931992122046552 ], [ -84.532802271589745, 35.9326058421303 ], [ -84.530625153302907, 35.933128014350849 ], [ -84.528417267651122, 35.933557209296872 ], [ -84.526184666295478, 35.933892252097344 ], [ -84.523933468641118, 35.934132225625071 ], [ -84.521669845064338, 35.93427647299724 ], [ -84.5194, 35.934324599366477 ], [ -84.517130154935671, 35.93427647299724 ], [ -84.514866531358891, 35.934132225625071 ], [ -84.512615333704531, 35.933892252097344 ], [ -84.510382732348887, 35.933557209296872 ], [ -84.508174846697116, 35.933128014350849 ], [ -84.505997728410279, 35.9326058421303 ], [ -84.503857344818286, 35.931992122046552 ], [ -84.501759562563791, 35.931288534153268 ], [ -84.499710131522136, 35.930497004564707 ], [ -84.497714669041358, 35.929619700202394 ], [ -84.49577864454541, 35.928659022884247 ], [ -84.493907364542864, 35.927617602772237 ], [ -84.492105958082121, 35.926498291196012 ], [ -84.490379362693105, 35.925304152871931 ], [ -84.488732310853734, 35.92403845753838 ], [ -84.48716931701864, 35.922704671029933 ], [ -84.485694665245276, 35.92130644581443 ], [ -84.484312397451617, 35.919847611018525 ], [ -84.483026302337663, 35.918332161968635 ], [ -84.481839905000683, 35.91676424927541 ], [ -84.480756457273316, 35.91514816749163 ], [ -84.479778928810504, 35.913488343373707 ], [ -84.478909998949803, 35.911789323779225 ], [ -84.478152049367523, 35.910055763232712 ], [ -84.477507157550832, 35.908292411193933 ], [ -84.476977091103365, 35.906504099063085 ], [ -84.476563302900402, 35.904695726958181 ], [ -84.47626692710665, 35.902872250300902 ], [ -84.476088776067542, 35.901038666247203 ], [ -84.476029338082725, 35.8992 ] ] ] ] } },
{ "type": "Feature", "properties": { "fclty__": "Labadie Energy Center", "plnt_nm": "Labadie", "utlty_n": "Union Electric Co - (MO)", "strt_dd": "226 Labadie Power Plant Road", "city": "Labadie", "state": "Missouri", "zip": 63055, "prm_src": "coal" }, "geometry": { "type": "MultiPolygon", "coordinates": [ [ [ [ -90.794315338082711, 38.562244 ], [ -90.794374776067542, 38.560469114913786 ], [ -90.794552927106636, 38.558699051013974 ], [ -90.794849302900388, 38.556938660461441 ], [ -90.795263091103365, 38.555192769255235 ], [ -90.795793157550833, 38.553466163995182 ], [ -90.796438049367509, 38.551763578748528 ], [ -90.797195998949775, 38.550089682057106 ], [ -90.79806492881049, 38.548449064120661 ], [ -90.799042457273316, 38.546846224191675 ], [ -90.800125905000669, 38.545285558216605 ], [ -90.801312302337649, 38.543771346757573 ], [ -90.802598397451604, 38.542307743228051 ], [ -90.803980665245263, 38.540898762475045 ], [ -90.805455317018627, 38.539548269739548 ], [ -90.807018310853735, 38.538259970025692 ], [ -90.808665362693091, 38.537037397908435 ], [ -90.810391958082121, 38.535883907807907 ], [ -90.812193364542864, 38.534802664757528 ], [ -90.814064644545397, 38.533796635691658 ], [ -90.816000669041358, 38.532868581277043 ], [ -90.817996131522136, 38.532021048310895 ], [ -90.820045562563777, 38.53125636270665 ], [ -90.822143344818286, 38.530576623087263 ], [ -90.824283728410251, 38.529983695003736 ], [ -90.826460846697103, 38.529479205795141 ], [ -90.828668732348888, 38.529064540104464 ], [ -90.830901333704517, 38.528740836062944 ], [ -90.833152531358877, 38.528508982153326 ], [ -90.835416154935658, 38.52836961476121 ], [ -90.837686, 38.528323116420943 ], [ -90.839955845064338, 38.52836961476121 ], [ -90.842219468641119, 38.528508982153326 ], [ -90.844470666295464, 38.528740836062944 ], [ -90.846703267651108, 38.529064540104464 ], [ -90.848911153302879, 38.529479205795141 ], [ -90.851088271589731, 38.529983695003736 ], [ -90.853228655181709, 38.530576623087263 ], [ -90.855326437436219, 38.53125636270665 ], [ -90.85737586847786, 38.532021048310895 ], [ -90.859371330958638, 38.532868581277043 ], [ -90.861307355454599, 38.533796635691658 ], [ -90.863178635457132, 38.534802664757528 ], [ -90.864980041917875, 38.535883907807907 ], [ -90.866706637306905, 38.537037397908435 ], [ -90.868353689146261, 38.538259970025692 ], [ -90.869916682981369, 38.539548269739548 ], [ -90.871391334754733, 38.540898762475045 ], [ -90.872773602548378, 38.542307743228051 ], [ -90.874059697662346, 38.543771346757573 ], [ -90.875246094999312, 38.545285558216605 ], [ -90.87632954272668, 38.546846224191675 ], [ -90.877307071189506, 38.548449064120661 ], [ -90.878176001050221, 38.550089682057106 ], [ -90.878933950632472, 38.551763578748528 ], [ -90.879578842449163, 38.553466163995182 ], [ -90.880108908896631, 38.555192769255235 ], [ -90.880522697099593, 38.556938660461441 ], [ -90.88081907289336, 38.558699051013974 ], [ -90.880997223932454, 38.560469114913786 ], [ -90.881056661917285, 38.562244 ], [ -90.880997223932454, 38.56401884125529 ], [ -90.88081907289336, 38.56578877414259 ], [ -90.880522697099593, 38.567548947936416 ], [ -90.880108908896631, 38.56929453901256 ], [ -90.879578842449163, 38.571020764059483 ], [ -90.878933950632472, 38.572722893175666 ], [ -90.878176001050221, 38.574396262816705 ], [ -90.877307071189506, 38.576036288557347 ], [ -90.87632954272668, 38.577638477633343 ], [ -90.875246094999312, 38.579198441229089 ], [ -90.874059697662346, 38.580711906477909 ], [ -90.872773602548378, 38.58217472814195 ], [ -90.871391334754733, 38.583582899940488 ], [ -90.869916682981369, 38.58493256549562 ], [ -90.868353689146261, 38.586220028865974 ], [ -90.866706637306905, 38.587441764639721 ], [ -90.864980041917875, 38.588594427559919 ], [ -90.863178635457132, 38.589674861655887 ], [ -90.861307355454599, 38.590680108856354 ], [ -90.859371330958638, 38.591607417060835 ], [ -90.85737586847786, 38.592454247647758 ], [ -90.855326437436219, 38.593218282399107 ], [ -90.853228655181709, 38.593897429822796 ], [ -90.851088271589731, 38.594489830856048 ], [ -90.848911153302879, 38.59499386393427 ], [ -90.846703267651108, 38.595408149411909 ], [ -90.844470666295464, 38.595731553323439 ], [ -90.842219468641119, 38.5959631904744 ], [ -90.839955845064338, 38.596102426854038 ], [ -90.837686, 38.596148881363405 ], [ -90.835416154935658, 38.596102426854038 ], [ -90.833152531358877, 38.5959631904744 ], [ -90.830901333704517, 38.595731553323439 ], [ -90.828668732348888, 38.595408149411909 ], [ -90.826460846697103, 38.59499386393427 ], [ -90.824283728410251, 38.594489830856048 ], [ -90.822143344818286, 38.593897429822796 ], [ -90.820045562563777, 38.593218282399107 ], [ -90.817996131522136, 38.592454247647758 ], [ -90.816000669041358, 38.591607417060835 ], [ -90.814064644545397, 38.590680108856354 ], [ -90.812193364542864, 38.589674861655887 ], [ -90.810391958082121, 38.588594427559919 ], [ -90.808665362693091, 38.587441764639721 ], [ -90.807018310853735, 38.586220028865974 ], [ -90.805455317018627, 38.58493256549562 ], [ -90.803980665245263, 38.583582899940488 ], [ -90.802598397451604, 38.58217472814195 ], [ -90.801312302337649, 38.580711906477909 ], [ -90.800125905000669, 38.579198441229089 ], [ -90.799042457273316, 38.577638477633343 ], [ -90.79806492881049, 38.576036288557347 ], [ -90.797195998949775, 38.574396262816705 ], [ -90.796438049367509, 38.572722893175666 ], [ -90.795793157550833, 38.571020764059483 ], [ -90.795263091103365, 38.56929453901256 ], [ -90.794849302900388, 38.567548947936416 ], [ -90.794552927106636, 38.56578877414259 ], [ -90.794374776067542, 38.56401884125529 ], [ -90.794315338082711, 38.562244 ] ] ] ] } },
{ "type": "Feature", "properties": { "fclty__": "Laramie River Station Units 1, 2, and 3", "plnt_nm": "Laramie River Station", "utlty_n": "Basin Electric Power Coop", "strt_dd": "Hwy 320", "city": "Wheatland", "state": "Wyoming", "zip": 82201, "prm_src": "coal" }, "geometry": { "type": "MultiPolygon", "coordinates": [ [ [ [ -104.839129338082685, 42.108889 ], [ -104.839188776067516, 42.10720504354358 ], [ -104.83936692710661, 42.105525658146128 ], [ -104.839663302900377, 42.103855447435784 ], [ -104.840077091103339, 42.102198990252923 ], [ -104.840607157550807, 42.100560828089968 ], [ -104.841252049367498, 42.098945452629643 ], [ -104.842009998949763, 42.097357293416152 ], [ -104.842878928810478, 42.095800705693115 ], [ -104.84385645727329, 42.094279958441952 ], [ -104.844939905000658, 42.09279922265371 ], [ -104.846126302337623, 42.091362559866745 ], [ -104.847412397451592, 42.089973911002119 ], [ -104.848794665245251, 42.088637085527459 ], [ -104.850269317018601, 42.087355750979626 ], [ -104.851832310853695, 42.086133422875079 ], [ -104.853479362693079, 42.084973455036085 ], [ -104.855205958082095, 42.083879030359739 ], [ -104.857007364542838, 42.082853152055428 ], [ -104.858878644545385, 42.081898635375303 ], [ -104.860814669041332, 42.08101809986065 ], [ -104.86281013152211, 42.080213962126088 ], [ -104.864859562563751, 42.079488429201433 ], [ -104.86695734481826, 42.078843492450233 ], [ -104.869097728410239, 42.078280922081611 ], [ -104.871274846697077, 42.077802262271099 ], [ -104.873482732348862, 42.077408826903905 ], [ -104.875715333704505, 42.077101695952777 ], [ -104.877966531358865, 42.076881712500331 ], [ -104.880230154935646, 42.076749480414541 ], [ -104.8825, 42.076705362683484 ], [ -104.884769845064312, 42.076749480414541 ], [ -104.887033468641093, 42.076881712500331 ], [ -104.889284666295453, 42.077101695952777 ], [ -104.891517267651082, 42.077408826903905 ], [ -104.893725153302867, 42.077802262271099 ], [ -104.895902271589705, 42.078280922081611 ], [ -104.898042655181683, 42.078843492450233 ], [ -104.900140437436193, 42.079488429201433 ], [ -104.902189868477834, 42.080213962126088 ], [ -104.904185330958626, 42.08101809986065 ], [ -104.906121355454573, 42.081898635375303 ], [ -104.90799263545712, 42.082853152055428 ], [ -104.909794041917849, 42.083879030359739 ], [ -104.911520637306879, 42.084973455036085 ], [ -104.913167689146249, 42.086133422875079 ], [ -104.914730682981343, 42.087355750979626 ], [ -104.916205334754707, 42.088637085527459 ], [ -104.917587602548366, 42.089973911002119 ], [ -104.918873697662306, 42.091362559866745 ], [ -104.9200600949993, 42.09279922265371 ], [ -104.921143542726668, 42.094279958441952 ], [ -104.92212107118948, 42.095800705693115 ], [ -104.922990001050181, 42.097357293416152 ], [ -104.92374795063246, 42.098945452629643 ], [ -104.924392842449137, 42.100560828089968 ], [ -104.924922908896619, 42.102198990252923 ], [ -104.925336697099581, 42.103855447435784 ], [ -104.925633072893334, 42.105525658146128 ], [ -104.925811223932442, 42.10720504354358 ], [ -104.925870661917259, 42.108889 ], [ -104.925811223932442, 42.110572911723779 ], [ -104.925633072893334, 42.112252163413423 ], [ -104.925336697099581, 42.113922152905729 ], [ -104.924922908896619, 42.115578303784027 ], [ -104.924392842449137, 42.117216077911834 ], [ -104.92374795063246, 42.118830987857805 ], [ -104.922990001050181, 42.120418609178031 ], [ -104.92212107118948, 42.121974592522157 ], [ -104.921143542726668, 42.123494675530473 ], [ -104.9200600949993, 42.124974694489509 ], [ -104.918873697662306, 42.126410595714631 ], [ -104.917587602548366, 42.127798446628638 ], [ -104.916205334754707, 42.129134446506391 ], [ -104.914730682981343, 42.130414936856454 ], [ -104.913167689146249, 42.131636411411577 ], [ -104.911520637306879, 42.132795525701162 ], [ -104.909794041917849, 42.133889106179765 ], [ -104.90799263545712, 42.134914158887213 ], [ -104.906121355454573, 42.135867877616782 ], [ -104.904185330958626, 42.136747651569678 ], [ -104.902189868477834, 42.137551072475119 ], [ -104.900140437436193, 42.138275941157012 ], [ -104.898042655181683, 42.138920273529394 ], [ -104.895902271589705, 42.139482306004837 ], [ -104.893725153302867, 42.1399605003011 ], [ -104.891517267651082, 42.140353547633218 ], [ -104.889284666295453, 42.140660372279839 ], [ -104.887033468641093, 42.140880134514283 ], [ -104.884769845064312, 42.141012232892315 ], [ -104.8825, 42.141056305890736 ], [ -104.880230154935646, 42.141012232892315 ], [ -104.877966531358865, 42.140880134514283 ], [ -104.875715333704505, 42.140660372279839 ], [ -104.873482732348862, 42.140353547633218 ], [ -104.871274846697077, 42.1399605003011 ], [ -104.869097728410239, 42.139482306004837 ], [ -104.86695734481826, 42.138920273529394 ], [ -104.864859562563751, 42.138275941157012 ], [ -104.86281013152211, 42.137551072475119 ], [ -104.860814669041332, 42.136747651569678 ], [ -104.858878644545385, 42.135867877616782 ], [ -104.857007364542838, 42.134914158887213 ], [ -104.855205958082095, 42.133889106179765 ], [ -104.853479362693079, 42.132795525701162 ], [ -104.851832310853695, 42.131636411411577 ], [ -104.850269317018601, 42.130414936856454 ], [ -104.848794665245251, 42.129134446506391 ], [ -104.847412397451592, 42.127798446628638 ], [ -104.846126302337623, 42.126410595714631 ], [ -104.844939905000658, 42.124974694489509 ], [ -104.84385645727329, 42.123494675530473 ], [ -104.842878928810478, 42.121974592522157 ], [ -104.842009998949763, 42.120418609178031 ], [ -104.841252049367498, 42.118830987857805 ], [ -104.840607157550807, 42.117216077911834 ], [ -104.840077091103339, 42.115578303784027 ], [ -104.839663302900377, 42.113922152905729 ], [ -104.83936692710661, 42.11225216341343 ], [ -104.839188776067516, 42.110572911723779 ], [ -104.839129338082685, 42.108889 ] ] ] ] } },
{ "type": "Feature", "properties": { "fclty__": "Leland Olds Station Units 1 and 2", "plnt_nm": "Leland Olds", "utlty_n": "Basin Electric Power Coop", "strt_dd": "Hwy 200", "city": "Stanton", "state": "North Dakota", "zip": 58571, "prm_src": "coal" }, "geometry": { "type": "MultiPolygon", "coordinates": [ [ [ [ -101.277842338082706, 47.280769 ], [ -101.277901776067537, 47.27922910039532 ], [ -101.278079927106617, 47.277693376913341 ], [ -101.278376302900398, 47.276166039415507 ], [ -101.27879009110336, 47.274651275137956 ], [ -101.279320157550828, 47.27315323720476 ], [ -101.279965049367519, 47.271676033230598 ], [ -101.28072299894977, 47.270223714044619 ], [ -101.281591928810485, 47.268800262566394 ], [ -101.282569457273311, 47.267409582864786 ], [ -101.283652905000679, 47.266055489429874 ], [ -101.284839302337645, 47.264741696687778 ], [ -101.286125397451613, 47.263471808787372 ], [ -101.287507665245258, 47.262249309687192 ], [ -101.288982317018622, 47.261077553570153 ], [ -101.29054531085373, 47.25995975561279 ], [ -101.292192362693086, 47.258898983134571 ], [ -101.293918958082116, 47.257898147152119 ], [ -101.295720364542859, 47.256959994361793 ], [ -101.297591644545392, 47.256087099573179 ], [ -101.299527669041353, 47.25528185861441 ], [ -101.301523131522131, 47.254546481729435 ], [ -101.303572562563772, 47.253882987485554 ], [ -101.305670344818282, 47.253293197208251 ], [ -101.307810728410246, 47.252778729959253 ], [ -101.309987846697098, 47.252340998071411 ], [ -101.312195732348883, 47.251981203253408 ], [ -101.314428333704527, 47.251700333274947 ], [ -101.316679531358872, 47.251499159241831 ], [ -101.318943154935653, 47.2513782334686 ], [ -101.321213, 47.25133788795474 ], [ -101.323482845064333, 47.2513782334686 ], [ -101.325746468641114, 47.251499159241831 ], [ -101.327997666295474, 47.251700333274947 ], [ -101.330230267651103, 47.251981203253408 ], [ -101.332438153302874, 47.252340998071411 ], [ -101.334615271589726, 47.252778729959253 ], [ -101.336755655181705, 47.253293197208251 ], [ -101.338853437436214, 47.253882987485554 ], [ -101.340902868477855, 47.254546481729435 ], [ -101.342898330958633, 47.25528185861441 ], [ -101.344834355454594, 47.256087099573179 ], [ -101.346705635457127, 47.256959994361793 ], [ -101.34850704191787, 47.257898147152119 ], [ -101.3502336373069, 47.258898983134571 ], [ -101.351880689146256, 47.25995975561279 ], [ -101.353443682981364, 47.261077553570153 ], [ -101.354918334754728, 47.262249309687192 ], [ -101.356300602548387, 47.263471808787372 ], [ -101.357586697662327, 47.264741696687778 ], [ -101.358773094999322, 47.266055489429874 ], [ -101.359856542726675, 47.267409582864786 ], [ -101.360834071189501, 47.268800262566394 ], [ -101.361703001050216, 47.270223714044619 ], [ -101.362460950632482, 47.271676033230598 ], [ -101.363105842449158, 47.27315323720476 ], [ -101.363635908896626, 47.274651275137956 ], [ -101.364049697099603, 47.276166039415507 ], [ -101.364346072893355, 47.277693376913341 ], [ -101.364524223932449, 47.27922910039532 ], [ -101.36458366191728, 47.280769 ], [ -101.364524223932449, 47.282308854785676 ], [ -101.364346072893355, 47.283844444301749 ], [ -101.364049697099603, 47.28537156015453 ], [ -101.363635908896626, 47.286886017536261 ], [ -101.363105842449158, 47.288383666685277 ], [ -101.362460950632482, 47.289860404246511 ], [ -101.361703001050216, 47.291312184500931 ], [ -101.360834071189501, 47.292735030433604 ], [ -101.359856542726675, 47.294125044610176 ], [ -101.358773094999322, 47.295478419832186 ], [ -101.357586697662327, 47.29679144954239 ], [ -101.356300602548387, 47.298060537951869 ], [ -101.354918334754728, 47.299282209861502 ], [ -101.353443682981364, 47.300453120151197 ], [ -101.351880689146256, 47.301570062911516 ], [ -101.3502336373069, 47.302629980192691 ], [ -101.34850704191787, 47.303629970347835 ], [ -101.346705635457127, 47.304567295947635 ], [ -101.344834355454594, 47.305439391245372 ], [ -101.342898330958633, 47.306243869172313 ], [ -101.340902868477855, 47.306978527844436 ], [ -101.338853437436214, 47.307641356563359 ], [ -101.336755655181705, 47.308230541295181 ], [ -101.334615271589726, 47.308744469612691 ], [ -101.332438153302874, 47.30918173508767 ], [ -101.330230267651103, 47.309541141121557 ], [ -101.327997666295474, 47.309821704204239 ], [ -101.325746468641114, 47.310022656592338 ], [ -101.323482845064333, 47.310143448399685 ], [ -101.321213, 47.310183749094577 ], [ -101.318943154935653, 47.310143448399685 ], [ -101.316679531358872, 47.310022656592338 ], [ -101.314428333704527, 47.309821704204239 ], [ -101.312195732348883, 47.309541141121557 ], [ -101.309987846697098, 47.30918173508767 ], [ -101.307810728410246, 47.308744469612691 ], [ -101.305670344818282, 47.308230541295181 ], [ -101.303572562563772, 47.307641356563359 ], [ -101.301523131522131, 47.306978527844436 ], [ -101.299527669041353, 47.306243869172313 ], [ -101.297591644545392, 47.305439391245372 ], [ -101.295720364542859, 47.304567295947635 ], [ -101.293918958082116, 47.303629970347835 ], [ -101.292192362693086, 47.302629980192691 ], [ -101.29054531085373, 47.301570062911516 ], [ -101.288982317018622, 47.300453120151197 ], [ -101.287507665245258, 47.299282209861502 ], [ -101.286125397451613, 47.298060537951869 ], [ -101.284839302337645, 47.29679144954239 ], [ -101.283652905000679, 47.295478419832186 ], [ -101.282569457273311, 47.294125044610176 ], [ -101.281591928810485, 47.292735030433604 ], [ -101.28072299894977, 47.291312184500931 ], [ -101.279965049367519, 47.289860404246511 ], [ -101.279320157550828, 47.288383666685277 ], [ -101.27879009110336, 47.286886017536261 ], [ -101.278376302900398, 47.28537156015453 ], [ -101.278079927106617, 47.283844444301756 ], [ -101.277901776067537, 47.282308854785676 ], [ -101.277842338082706, 47.280769 ] ] ] ] } },
{ "type": "Feature", "properties": { "fclty__": "Limestone Generating Station", "plnt_nm": "Limestone", "utlty_n": "NRG Texas Power LLC", "strt_dd": "Route1, Box 85", "city": "Jewett", "state": "Texas", "zip": 75846, "prm_src": "coal" }, "geometry": { "type": "MultiPolygon", "coordinates": [ [ [ [ -96.209129338082704, 31.4219 ], [ -96.209188776067549, 31.419963004100872 ], [ -96.209366927106629, 31.418031277533483 ], [ -96.20966330290041, 31.416110115518578 ], [ -96.210077091103358, 31.414204784641662 ], [ -96.210607157550825, 31.412320508408612 ], [ -96.211252049367516, 31.410462452916125 ], [ -96.212009998949782, 31.408635712676134 ], [ -96.212878928810483, 31.406845296633342 ], [ -96.213856457273323, 31.405096114414423 ], [ -96.214939905000691, 31.403392962846681 ], [ -96.216126302337656, 31.401740512783583 ], [ -96.217412397451625, 31.400143296273395 ], [ -96.218794665245255, 31.398605694106525 ], [ -96.220269317018634, 31.397131923775966 ], [ -96.221832310853728, 31.395726027884205 ], [ -96.223479362693098, 31.394391863028783 ], [ -96.225205958082114, 31.393133089197349 ], [ -96.227007364542857, 31.391953159701451 ], [ -96.228878644545389, 31.390855311677402 ], [ -96.230814669041351, 31.389842557180273 ], [ -96.232810131522129, 31.388917674895985 ], [ -96.23485956256377, 31.388083202494489 ], [ -96.236957344818279, 31.38734142964541 ], [ -96.239097728410258, 31.386694391715487 ], [ -96.24127484669711, 31.386143864165497 ], [ -96.24348273234888, 31.385691357662193 ], [ -96.245715333704524, 31.38533811391903 ], [ -96.24796653135887, 31.385085102277031 ], [ -96.25023015493565, 31.384933017035657 ], [ -96.2525, 31.384882275540821 ], [ -96.254769845064331, 31.384933017035657 ], [ -96.257033468641112, 31.385085102277031 ], [ -96.259284666295486, 31.38533811391903 ], [ -96.261517267651101, 31.385691357662193 ], [ -96.263725153302886, 31.386143864165497 ], [ -96.265902271589738, 31.386694391715487 ], [ -96.268042655181716, 31.38734142964541 ], [ -96.270140437436211, 31.388083202494489 ], [ -96.272189868477852, 31.388917674895985 ], [ -96.27418533095863, 31.389842557180273 ], [ -96.276121355454592, 31.390855311677402 ], [ -96.277992635457139, 31.391953159701451 ], [ -96.279794041917881, 31.393133089197349 ], [ -96.281520637306897, 31.394391863028783 ], [ -96.283167689146268, 31.395726027884205 ], [ -96.284730682981362, 31.397131923775966 ], [ -96.286205334754726, 31.398605694106525 ], [ -96.287587602548385, 31.400143296273395 ], [ -96.288873697662339, 31.401740512783583 ], [ -96.290060094999305, 31.403392962846681 ], [ -96.291143542726672, 31.405096114414423 ], [ -96.292121071189499, 31.406845296633342 ], [ -96.292990001050214, 31.408635712676134 ], [ -96.293747950632479, 31.410462452916125 ], [ -96.294392842449156, 31.412320508408612 ], [ -96.294922908896623, 31.414204784641662 ], [ -96.2953366970996, 31.416110115518578 ], [ -96.295633072893366, 31.418031277533483 ], [ -96.295811223932446, 31.419963004100872 ], [ -96.295870661917291, 31.4219 ], [ -96.295811223932446, 31.423836955894014 ], [ -96.295633072893366, 31.425768562884404 ], [ -96.2953366970996, 31.427689527060512 ], [ -96.294922908896623, 31.42959458400442 ], [ -96.294392842449156, 31.431478513211495 ], [ -96.293747950632479, 31.433336152387152 ], [ -96.292990001050214, 31.435162411580698 ], [ -96.292121071189499, 31.436952287117876 ], [ -96.291143542726672, 31.438700875293925 ], [ -96.290060094999305, 31.440403385789992 ], [ -96.288873697662339, 31.442055154776323 ], [ -96.287587602548385, 31.443651657666681 ], [ -96.286205334754726, 31.445188521489211 ], [ -96.284730682981362, 31.446661536840399 ], [ -96.283167689146268, 31.448066669389458 ], [ -96.281520637306897, 31.449400070902175 ], [ -96.279794041917881, 31.450658089754281 ], [ -96.277992635457139, 31.451837280905906 ], [ -96.276121355454592, 31.452934415310192 ], [ -96.27418533095863, 31.453946488730654 ], [ -96.272189868477852, 31.454870729943384 ], [ -96.270140437436211, 31.455704608302124 ], [ -96.268042655181716, 31.456445840645721 ], [ -96.265902271589738, 31.457092397529323 ], [ -96.263725153302886, 31.4576425087626 ], [ -96.261517267651101, 31.458094668240026 ], [ -96.259284666295486, 31.458447638050256 ], [ -96.257033468641112, 31.458700451853524 ], [ -96.254769845064331, 31.458852417517939 ], [ -96.2525, 31.458903119007683 ], [ -96.25023015493565, 31.458852417517939 ], [ -96.24796653135887, 31.458700451853524 ], [ -96.245715333704524, 31.458447638050256 ], [ -96.24348273234888, 31.458094668240026 ], [ -96.24127484669711, 31.4576425087626 ], [ -96.239097728410258, 31.457092397529323 ], [ -96.236957344818279, 31.456445840645721 ], [ -96.23485956256377, 31.455704608302124 ], [ -96.232810131522129, 31.454870729943384 ], [ -96.230814669041351, 31.453946488730654 ], [ -96.228878644545389, 31.452934415310192 ], [ -96.227007364542857, 31.451837280905906 ], [ -96.225205958082114, 31.450658089754281 ], [ -96.223479362693098, 31.449400070902175 ], [ -96.221832310853728, 31.448066669389458 ], [ -96.220269317018634, 31.446661536840399 ], [ -96.218794665245255, 31.445188521489211 ], [ -96.217412397451625, 31.443651657666681 ], [ -96.216126302337656, 31.442055154776323 ], [ -96.214939905000691, 31.440403385789992 ], [ -96.213856457273323, 31.438700875293925 ], [ -96.212878928810483, 31.436952287117876 ], [ -96.212009998949782, 31.435162411580698 ], [ -96.211252049367516, 31.433336152387152 ], [ -96.210607157550825, 31.431478513211495 ], [ -96.210077091103358, 31.42959458400442 ], [ -96.20966330290041, 31.427689527060512 ], [ -96.209366927106629, 31.425768562884404 ], [ -96.209188776067549, 31.423836955894014 ], [ -96.209129338082704, 31.4219 ] ] ] ] } },
{ "type": "Feature", "properties": { "fclty__": "Martin Lake Steam Electric Station Unit 1, Unit 2, and Unit 3", "plnt_nm": "Martin Lake", "utlty_n": "Luminant Generation Company LLC", "strt_dd": "PO Box 651", "city": "Tatum", "state": "Texas", "zip": 75691, "prm_src": "coal" }, "geometry": { "type": "MultiPolygon", "coordinates": [ [ [ [ -94.527229338082705, 32.2606 ], [ -94.527288776067536, 32.258680532698932 ], [ -94.52746692710663, 32.256766286103677 ], [ -94.527763302900397, 32.254862507530682 ], [ -94.528177091103359, 32.252974415930417 ], [ -94.528707157550841, 32.251107187573417 ], [ -94.529352049367517, 32.249265941850084 ], [ -94.530109998949783, 32.247455727222807 ], [ -94.530978928810498, 32.245681507369532 ], [ -94.531956457273324, 32.24394814755663 ], [ -94.533039905000678, 32.242260401278863 ], [ -94.534226302337657, 32.240622897203295 ], [ -94.535512397451612, 32.239040126453077 ], [ -94.536894665245256, 32.237516430266588 ], [ -94.538369317018635, 32.23605598806575 ], [ -94.539932310853715, 32.23466280596687 ], [ -94.541579362693099, 32.233340705765677 ], [ -94.543305958082115, 32.23209331442721 ], [ -94.545107364542844, 32.230924054109757 ], [ -94.546978644545405, 32.229836132750442 ], [ -94.548914669041352, 32.228832535238908 ], [ -94.550910131522144, 32.227916015203299 ], [ -94.552959562563771, 32.227089087431743 ], [ -94.55505734481828, 32.226354020950218 ], [ -94.557197728410259, 32.225712832776267 ], [ -94.559374846697111, 32.225167282365781 ], [ -94.561582732348882, 32.224718866768555 ], [ -94.563815333704511, 32.224368816505979 ], [ -94.566066531358871, 32.224118092182465 ], [ -94.568330154935651, 32.223967381839934 ], [ -94.5706, 32.223917099063023 ], [ -94.572869845064332, 32.223967381839934 ], [ -94.575133468641113, 32.224118092182465 ], [ -94.577384666295472, 32.224368816505979 ], [ -94.579617267651116, 32.224718866768555 ], [ -94.581825153302887, 32.225167282365781 ], [ -94.584002271589725, 32.225712832776267 ], [ -94.586142655181717, 32.226354020950218 ], [ -94.588240437436227, 32.227089087431743 ], [ -94.590289868477853, 32.227916015203299 ], [ -94.592285330958646, 32.228832535238908 ], [ -94.594221355454579, 32.229836132750442 ], [ -94.59609263545714, 32.230924054109757 ], [ -94.597894041917883, 32.23209331442721 ], [ -94.599620637306899, 32.233340705765677 ], [ -94.601267689146269, 32.23466280596687 ], [ -94.602830682981363, 32.23605598806575 ], [ -94.604305334754741, 32.237516430266588 ], [ -94.605687602548372, 32.239040126453077 ], [ -94.60697369766234, 32.240622897203295 ], [ -94.608160094999306, 32.242260401278863 ], [ -94.609243542726674, 32.24394814755663 ], [ -94.610221071189486, 32.245681507369532 ], [ -94.611090001050215, 32.247455727222807 ], [ -94.611847950632466, 32.249265941850084 ], [ -94.612492842449157, 32.251107187573417 ], [ -94.613022908896639, 32.252974415930417 ], [ -94.613436697099587, 32.254862507530682 ], [ -94.613733072893353, 32.256766286103677 ], [ -94.613911223932448, 32.258680532698932 ], [ -94.613970661917293, 32.2606 ], [ -94.613911223932448, 32.262519426712409 ], [ -94.613733072893353, 32.2644335519864 ], [ -94.613436697099587, 32.266337129834724 ], [ -94.613022908896639, 32.268224943506127 ], [ -94.612492842449157, 32.270091819775104 ], [ -94.611847950632466, 32.271932643108805 ], [ -94.611090001050215, 32.273742369672632 ], [ -94.610221071189486, 32.275516041135973 ], [ -94.609243542726674, 32.277248798240727 ], [ -94.608160094999306, 32.278935894095532 ], [ -94.60697369766234, 32.280572707159493 ], [ -94.605687602548372, 32.282154753880327 ], [ -94.604305334754741, 32.283677700952289 ], [ -94.602830682981363, 32.285137377160893 ], [ -94.601267689146269, 32.286529784782218 ], [ -94.599620637306899, 32.287851110505869 ], [ -94.597894041917883, 32.289097735852138 ], [ -94.59609263545714, 32.290266247055129 ], [ -94.594221355454579, 32.291353444385138 ], [ -94.592285330958646, 32.292356350885164 ], [ -94.590289868477853, 32.293272220497926 ], [ -94.588240437436227, 32.294098545561461 ], [ -94.586142655181717, 32.294833063653158 ], [ -94.584002271589725, 32.295473763763781 ], [ -94.581825153302887, 32.29601889178474 ], [ -94.579617267651116, 32.296466955294051 ], [ -94.577384666295472, 32.296816727627828 ], [ -94.575133468641113, 32.297067251226757 ], [ -94.572869845064332, 32.297217840248059 ], [ -94.5706, 32.297268082436332 ], [ -94.568330154935651, 32.297217840248059 ], [ -94.566066531358871, 32.297067251226757 ], [ -94.563815333704511, 32.296816727627828 ], [ -94.561582732348882, 32.296466955294051 ], [ -94.559374846697111, 32.29601889178474 ], [ -94.557197728410259, 32.295473763763781 ], [ -94.55505734481828, 32.294833063653158 ], [ -94.552959562563771, 32.294098545561461 ], [ -94.550910131522144, 32.293272220497926 ], [ -94.548914669041352, 32.292356350885164 ], [ -94.546978644545405, 32.291353444385138 ], [ -94.545107364542844, 32.290266247055129 ], [ -94.543305958082115, 32.289097735852138 ], [ -94.541579362693099, 32.287851110505869 ], [ -94.539932310853715, 32.286529784782218 ], [ -94.538369317018635, 32.285137377160893 ], [ -94.536894665245256, 32.283677700952289 ], [ -94.535512397451612, 32.282154753880327 ], [ -94.534226302337657, 32.280572707159493 ], [ -94.533039905000678, 32.278935894095532 ], [ -94.531956457273324, 32.277248798240727 ], [ -94.530978928810498, 32.275516041135973 ], [ -94.530109998949783, 32.273742369672632 ], [ -94.529352049367517, 32.271932643108805 ], [ -94.528707157550841, 32.270091819775104 ], [ -94.528177091103359, 32.268224943506127 ], [ -94.527763302900397, 32.266337129834724 ], [ -94.52746692710663, 32.2644335519864 ], [ -94.527288776067536, 32.262519426712409 ], [ -94.527229338082705, 32.2606 ] ] ] ] } },
{ "type": "Feature", "properties": { "fclty__": "Merom Generating Station", "plnt_nm": "Merom", "utlty_n": "Hallador Power Company, LLC", "strt_dd": "5500 W. Old 54", "city": "Sullivan", "state": "Indiana", "zip": 47882, "prm_src": "coal" }, "geometry": { "type": "MultiPolygon", "coordinates": [ [ [ [ -87.467429338082709, 39.0694 ], [ -87.467488776067555, 39.06763770860217 ], [ -87.467666927106634, 39.06588020370247 ], [ -87.467963302900401, 39.064132303040488 ], [ -87.468377091103363, 39.062398798384763 ], [ -87.468907157550831, 39.060684442389189 ], [ -87.469552049367522, 39.058993935552664 ], [ -87.470309998949787, 39.057331913318201 ], [ -87.471178928810488, 39.055702933346872 ], [ -87.472156457273329, 39.054111463001753 ], [ -87.473239905000682, 39.052561867076435 ], [ -87.474426302337662, 39.051058395802031 ], [ -87.475712397451616, 39.049605173165851 ], [ -87.477094665245261, 39.048206185574095 ], [ -87.478569317018625, 39.046865270890109 ], [ -87.480132310853733, 39.045586107878535 ], [ -87.481779362693104, 39.044372206084638 ], [ -87.483505958082119, 39.04322689617721 ], [ -87.485307364542862, 39.042153320781573 ], [ -87.487178644545395, 39.041154425828566 ], [ -87.489114669041356, 39.040232952443382 ], [ -87.491110131522134, 39.039391429397035 ], [ -87.493159562563775, 39.038632166141483 ], [ -87.495257344818285, 39.037957246447839 ], [ -87.497397728410263, 39.037368522665538 ], [ -87.499574846697115, 39.036867610618422 ], [ -87.501782732348886, 39.036455885152058 ], [ -87.50401533370453, 39.036134476344827 ], [ -87.506266531358875, 39.035904266393231 ], [ -87.508530154935656, 39.035765887180382 ], [ -87.5108, 39.035719718534182 ], [ -87.513069845064337, 39.035765887180382 ], [ -87.515333468641117, 39.035904266393231 ], [ -87.517584666295477, 39.036134476344827 ], [ -87.519817267651106, 39.036455885152058 ], [ -87.522025153302891, 39.036867610618422 ], [ -87.524202271589743, 39.037368522665538 ], [ -87.526342655181722, 39.037957246447839 ], [ -87.528440437436217, 39.038632166141483 ], [ -87.530489868477858, 39.039391429397035 ], [ -87.532485330958636, 39.040232952443382 ], [ -87.534421355454597, 39.041154425828566 ], [ -87.53629263545713, 39.042153320781573 ], [ -87.538094041917873, 39.04322689617721 ], [ -87.539820637306903, 39.044372206084638 ], [ -87.541467689146273, 39.045586107878535 ], [ -87.543030682981367, 39.046865270890109 ], [ -87.544505334754732, 39.048206185574095 ], [ -87.545887602548376, 39.049605173165851 ], [ -87.547173697662345, 39.051058395802031 ], [ -87.54836009499931, 39.052561867076435 ], [ -87.549443542726678, 39.054111463001753 ], [ -87.550421071189504, 39.055702933346872 ], [ -87.551290001050219, 39.057331913318201 ], [ -87.552047950632485, 39.058993935552664 ], [ -87.552692842449162, 39.060684442389189 ], [ -87.553222908896629, 39.062398798384763 ], [ -87.553636697099606, 39.064132303040488 ], [ -87.553933072893372, 39.06588020370247 ], [ -87.554111223932452, 39.06763770860217 ], [ -87.554170661917297, 39.0694 ], [ -87.554111223932452, 39.071162247396423 ], [ -87.553933072893372, 39.072919620774002 ], [ -87.553636697099606, 39.074667303834161 ], [ -87.553222908896629, 39.07640050719241 ], [ -87.552692842449162, 39.078114481495966 ], [ -87.552047950632485, 39.079804530427801 ], [ -87.551290001050219, 39.081466023561831 ], [ -87.550421071189504, 39.083094409033905 ], [ -87.549443542726678, 39.08468522599442 ], [ -87.54836009499931, 39.086234116808392 ], [ -87.547173697662345, 39.087736838970052 ], [ -87.545887602548376, 39.08918927669955 ], [ -87.544505334754732, 39.090587452190277 ], [ -87.543030682981367, 39.091927536476419 ], [ -87.541467689146273, 39.093205859891384 ], [ -87.539820637306903, 39.094418922088671 ], [ -87.538094041917873, 39.095563401598291 ], [ -87.53629263545713, 39.096636164892949 ], [ -87.534421355454597, 39.097634274939331 ], [ -87.532485330958636, 39.098554999211871 ], [ -87.530489868477858, 39.099395817146956 ], [ -87.528440437436217, 39.100154427018012 ], [ -87.526342655181722, 39.1008287522125 ], [ -87.524202271589743, 39.101416946894467 ], [ -87.522025153302891, 39.101917401036999 ], [ -87.519817267651106, 39.102328744811423 ], [ -87.517584666295477, 39.102649852321264 ], [ -87.515333468641117, 39.102879844671072 ], [ -87.513069845064337, 39.10301809236185 ], [ -87.5108, 39.103064217006661 ], [ -87.508530154935656, 39.10301809236185 ], [ -87.506266531358875, 39.102879844671072 ], [ -87.50401533370453, 39.102649852321264 ], [ -87.501782732348886, 39.102328744811423 ], [ -87.499574846697115, 39.101917401036999 ], [ -87.497397728410263, 39.101416946894467 ], [ -87.495257344818285, 39.1008287522125 ], [ -87.493159562563775, 39.100154427018012 ], [ -87.491110131522134, 39.099395817146956 ], [ -87.489114669041356, 39.098554999211871 ], [ -87.487178644545395, 39.097634274939331 ], [ -87.485307364542862, 39.096636164892949 ], [ -87.483505958082119, 39.095563401598291 ], [ -87.481779362693104, 39.094418922088671 ], [ -87.480132310853733, 39.093205859891384 ], [ -87.478569317018625, 39.091927536476419 ], [ -87.477094665245261, 39.090587452190277 ], [ -87.475712397451616, 39.08918927669955 ], [ -87.474426302337662, 39.087736838970052 ], [ -87.473239905000682, 39.086234116808392 ], [ -87.472156457273329, 39.08468522599442 ], [ -87.471178928810488, 39.083094409033905 ], [ -87.470309998949787, 39.081466023561831 ], [ -87.469552049367522, 39.079804530427801 ], [ -87.468907157550831, 39.078114481495966 ], [ -87.468377091103363, 39.07640050719241 ], [ -87.467963302900401, 39.074667303834161 ], [ -87.467666927106634, 39.072919620774002 ], [ -87.467488776067555, 39.071162247396423 ], [ -87.467429338082709, 39.0694 ] ] ] ] } },
{ "type": "Feature", "properties": { "fclty__": "Merrimack Station in Bow, New Hampshire", "plnt_nm": "Merrimack", "utlty_n": "Granite Shore Power", "strt_dd": "97 River Rd.", "city": "Bow", "state": "New Hampshire", "zip": 3301, "prm_src": "coal" }, "geometry": { "type": "MultiPolygon", "coordinates": [ [ [ [ -71.425829338082707, 43.1411 ], [ -71.425888776067524, 43.139443735279166 ], [ -71.426066927106632, 43.137791965582487 ], [ -71.426363302900398, 43.136149218846938 ], [ -71.426777091103347, 43.13451999863868 ], [ -71.427307157550828, 43.132908771799194 ], [ -71.427952049367519, 43.131319956188037 ], [ -71.428709998949785, 43.129757908556385 ], [ -71.4295789288105, 43.12822691258441 ], [ -71.430556457273312, 43.126731167115722 ], [ -71.431639905000665, 43.125274774621374 ], [ -71.432826302337645, 43.123861729925295 ], [ -71.434112397451614, 43.122495909222366 ], [ -71.435494665245258, 43.121181059419662 ], [ -71.436969317018622, 43.119920787830466 ], [ -71.438532310853731, 43.118718552249582 ], [ -71.440179362693101, 43.117577651437642 ], [ -71.441905958082103, 43.116501216040938 ], [ -71.443707364542846, 43.11549219997196 ], [ -71.445578644545392, 43.114553372274919 ], [ -71.44751466904134, 43.113687309498616 ], [ -71.449510131522118, 43.112896388598358 ], [ -71.451559562563773, 43.112182780386483 ], [ -71.453657344818268, 43.111548443549992 ], [ -71.455797728410261, 43.110995119251925 ], [ -71.457974846697084, 43.110524326331671 ], [ -71.460182732348869, 43.110137357117665 ], [ -71.462415333704527, 43.109835273864221 ], [ -71.464666531358873, 43.109618905822394 ], [ -71.466930154935667, 43.10948884695329 ], [ -71.4692, 43.109445454290075 ], [ -71.47146984506432, 43.10948884695329 ], [ -71.473733468641115, 43.109618905822394 ], [ -71.47598466629546, 43.109835273864221 ], [ -71.478217267651104, 43.110137357117665 ], [ -71.480425153302889, 43.110524326331671 ], [ -71.482602271589727, 43.110995119251925 ], [ -71.484742655181705, 43.111548443549992 ], [ -71.4868404374362, 43.112182780386483 ], [ -71.488889868477855, 43.112896388598358 ], [ -71.490885330958648, 43.113687309498616 ], [ -71.492821355454581, 43.114553372274919 ], [ -71.494692635457142, 43.11549219997196 ], [ -71.49649404191787, 43.116501216040938 ], [ -71.498220637306886, 43.117577651437642 ], [ -71.499867689146257, 43.118718552249582 ], [ -71.501430682981351, 43.119920787830466 ], [ -71.502905334754729, 43.121181059419662 ], [ -71.504287602548374, 43.122495909222366 ], [ -71.505573697662328, 43.123861729925295 ], [ -71.506760094999322, 43.125274774621374 ], [ -71.507843542726661, 43.126731167115722 ], [ -71.508821071189487, 43.12822691258441 ], [ -71.509690001050188, 43.129757908556385 ], [ -71.510447950632454, 43.131319956188037 ], [ -71.511092842449145, 43.132908771799194 ], [ -71.511622908896641, 43.13451999863868 ], [ -71.512036697099589, 43.136149218846938 ], [ -71.512333072893355, 43.137791965582487 ], [ -71.512511223932464, 43.139443735279166 ], [ -71.51257066191728, 43.1411 ], [ -71.512511223932464, 43.14275621985405 ], [ -71.512333072893355, 43.144407855441962 ], [ -71.512036697099589, 43.146050380296096 ], [ -71.511622908896641, 43.14767929328125 ], [ -71.511092842449145, 43.149290130921969 ], [ -71.510447950632454, 43.150878479622811 ], [ -71.509690001050188, 43.152439987748174 ], [ -71.508821071189487, 43.153970377528857 ], [ -71.507843542726661, 43.155465456762784 ], [ -71.506760094999322, 43.156921130278313 ], [ -71.505573697662328, 43.158333411128815 ], [ -71.504287602548374, 43.159698431488252 ], [ -71.502905334754729, 43.161012453218284 ], [ -71.501430682981351, 43.162271878078158 ], [ -71.499867689146257, 43.163473257550017 ], [ -71.498220637306886, 43.164613302252945 ], [ -71.49649404191787, 43.165688890920357 ], [ -71.494692635457142, 43.166697078916705 ], [ -71.492821355454581, 43.167635106270311 ], [ -71.490885330958648, 43.168500405201115 ], [ -71.488889868477855, 43.169290607122647 ], [ -71.4868404374362, 43.170003549099853 ], [ -71.484742655181705, 43.170637279745129 ], [ -71.482602271589727, 43.171190064537001 ], [ -71.480425153302889, 43.171660390547025 ], [ -71.478217267651104, 43.17204697056232 ], [ -71.47598466629546, 43.172348746592725 ], [ -71.473733468641115, 43.172564892753179 ], [ -71.47146984506432, 43.172694817513545 ], [ -71.4692, 43.172738165309987 ], [ -71.466930154935667, 43.172694817513545 ], [ -71.464666531358887, 43.172564892753179 ], [ -71.462415333704527, 43.172348746592725 ], [ -71.460182732348869, 43.17204697056232 ], [ -71.457974846697084, 43.171660390547025 ], [ -71.455797728410261, 43.171190064537001 ], [ -71.453657344818268, 43.170637279745129 ], [ -71.451559562563773, 43.170003549099853 ], [ -71.449510131522118, 43.169290607122647 ], [ -71.44751466904134, 43.168500405201115 ], [ -71.445578644545392, 43.167635106270311 ], [ -71.443707364542846, 43.166697078916705 ], [ -71.441905958082103, 43.165688890920357 ], [ -71.440179362693101, 43.164613302252945 ], [ -71.438532310853731, 43.163473257550017 ], [ -71.436969317018622, 43.162271878078158 ], [ -71.435494665245258, 43.161012453218284 ], [ -71.434112397451614, 43.159698431488252 ], [ -71.432826302337645, 43.158333411128815 ], [ -71.431639905000665, 43.156921130278313 ], [ -71.430556457273312, 43.155465456762784 ], [ -71.4295789288105, 43.153970377528857 ], [ -71.428709998949785, 43.152439987748174 ], [ -71.427952049367519, 43.150878479622811 ], [ -71.427307157550828, 43.149290130921969 ], [ -71.426777091103347, 43.14767929328125 ], [ -71.426363302900398, 43.146050380296096 ], [ -71.426066927106632, 43.144407855441969 ], [ -71.425888776067524, 43.14275621985405 ], [ -71.425829338082707, 43.1411 ] ] ] ] } },
{ "type": "Feature", "properties": { "fclty__": "Miami Fort Power Plant Unit 1 (B015) and Unit 2 (B016)", "plnt_nm": "Miami Fort", "utlty_n": "Luminant Miami Fort", "strt_dd": "11021 Brower Rd.", "city": "North Bend", "state": "Ohio", "zip": 45052, "prm_src": "coal" }, "geometry": { "type": "MultiPolygon", "coordinates": [ [ [ [ -84.760229338082709, 39.1128 ], [ -84.76028877606754, 39.111038792737894 ], [ -84.760466927106634, 39.109282368988481 ], [ -84.760763302900401, 39.107535543528151 ], [ -84.761177091103363, 39.105803105178687 ], [ -84.761707157550845, 39.104089803671684 ], [ -84.762352049367522, 39.102400336616256 ], [ -84.763109998949787, 39.100739336606047 ], [ -84.763978928810502, 39.09911135850097 ], [ -84.764956457273314, 39.097520866918806 ], [ -84.766039905000682, 39.09597222397133 ], [ -84.767226302337662, 39.094469677278468 ], [ -84.768512397451616, 39.09301734829431 ], [ -84.769894665245275, 39.091619220976646 ], [ -84.771369317018639, 39.090279130831952 ], [ -84.772932310853719, 39.089000754365898 ], [ -84.774579362693103, 39.08778759896903 ], [ -84.776305958082119, 39.086642993265386 ], [ -84.778107364542848, 39.085570077951196 ], [ -84.779978644545409, 39.084571797149145 ], [ -84.781914669041356, 39.083650890302088 ], [ -84.783910131522134, 39.082809884629185 ], [ -84.785959562563789, 39.082051088165237 ], [ -84.788057344818284, 39.081376583402758 ], [ -84.790197728410263, 39.080788221554677 ], [ -84.792374846697101, 39.080287617453465 ], [ -84.794582732348886, 39.07987614510126 ], [ -84.796815333704515, 39.079554933883173 ], [ -84.799066531358889, 39.079324865454495 ], [ -84.80133015493567, 39.07918657131075 ], [ -84.8036, 39.079140431046831 ], [ -84.805869845064336, 39.07918657131075 ], [ -84.808133468641117, 39.079324865454495 ], [ -84.810384666295477, 39.079554933883173 ], [ -84.81261726765112, 39.07987614510126 ], [ -84.814825153302891, 39.080287617453465 ], [ -84.817002271589729, 39.080788221554677 ], [ -84.819142655181722, 39.081376583402758 ], [ -84.821240437436217, 39.082051088165237 ], [ -84.823289868477872, 39.082809884629185 ], [ -84.82528533095865, 39.083650890302088 ], [ -84.827221355454597, 39.084571797149145 ], [ -84.829092635457144, 39.085570077951196 ], [ -84.830894041917887, 39.086642993265386 ], [ -84.832620637306889, 39.08778759896903 ], [ -84.834267689146273, 39.089000754365898 ], [ -84.835830682981367, 39.090279130831952 ], [ -84.837305334754731, 39.091619220976646 ], [ -84.838687602548376, 39.09301734829431 ], [ -84.839973697662344, 39.094469677278468 ], [ -84.84116009499931, 39.09597222397133 ], [ -84.842243542726678, 39.097520866918806 ], [ -84.843221071189504, 39.09911135850097 ], [ -84.844090001050205, 39.100739336606047 ], [ -84.84484795063247, 39.102400336616256 ], [ -84.845492842449161, 39.104089803671684 ], [ -84.846022908896643, 39.105803105178687 ], [ -84.846436697099591, 39.107535543528151 ], [ -84.846733072893358, 39.109282368988481 ], [ -84.846911223932452, 39.111038792737894 ], [ -84.846970661917283, 39.1128 ], [ -84.846911223932452, 39.114561163246748 ], [ -84.846733072893358, 39.116317455432352 ], [ -84.846436697099591, 39.118064063221873 ], [ -84.846022908896643, 39.119796200178349 ], [ -84.845492842449161, 39.121509119872314 ], [ -84.84484795063247, 39.123198128877895 ], [ -84.844090001050205, 39.124858599619934 ], [ -84.843221071189504, 39.126485983037284 ], [ -84.842243542726678, 39.128075821027686 ], [ -84.84116009499931, 39.129623758640285 ], [ -84.839973697662344, 39.131125555982912 ], [ -84.838687602548376, 39.132577099811542 ], [ -84.837305334754731, 39.133974414770705 ], [ -84.835830682981367, 39.135313674254313 ], [ -84.834267689146273, 39.136591210857567 ], [ -84.832620637306889, 39.137803526391643 ], [ -84.830894041917887, 39.138947301434236 ], [ -84.829092635457144, 39.140019404389967 ], [ -84.827221355454597, 39.141016900036568 ], [ -84.82528533095865, 39.141937057533482 ], [ -84.823289868477872, 39.14277735787158 ], [ -84.821240437436217, 39.143535500743894 ], [ -84.819142655181722, 39.144209410818746 ], [ -84.817002271589729, 39.144797243398763 ], [ -84.814825153302891, 39.145297389450214 ], [ -84.81261726765112, 39.145708479989466 ], [ -84.810384666295477, 39.146029389814636 ], [ -84.808133468641117, 39.14625924057254 ], [ -84.805869845064336, 39.14639740315252 ], [ -84.8036, 39.146443499401094 ], [ -84.80133015493567, 39.14639740315252 ], [ -84.799066531358889, 39.14625924057254 ], [ -84.796815333704515, 39.146029389814636 ], [ -84.794582732348886, 39.145708479989466 ], [ -84.792374846697101, 39.145297389450214 ], [ -84.790197728410263, 39.144797243398763 ], [ -84.788057344818284, 39.144209410818746 ], [ -84.785959562563789, 39.143535500743894 ], [ -84.783910131522134, 39.14277735787158 ], [ -84.781914669041356, 39.141937057533482 ], [ -84.779978644545409, 39.141016900036568 ], [ -84.778107364542848, 39.140019404389967 ], [ -84.776305958082119, 39.138947301434236 ], [ -84.774579362693103, 39.137803526391643 ], [ -84.772932310853719, 39.136591210857567 ], [ -84.771369317018639, 39.135313674254313 ], [ -84.769894665245275, 39.133974414770705 ], [ -84.768512397451616, 39.132577099811542 ], [ -84.767226302337662, 39.131125555982912 ], [ -84.766039905000682, 39.129623758640285 ], [ -84.764956457273314, 39.128075821027686 ], [ -84.763978928810502, 39.126485983037284 ], [ -84.763109998949787, 39.124858599619934 ], [ -84.762352049367522, 39.123198128877895 ], [ -84.761707157550845, 39.121509119872314 ], [ -84.761177091103363, 39.119796200178349 ], [ -84.760763302900401, 39.118064063221873 ], [ -84.760466927106634, 39.116317455432359 ], [ -84.76028877606754, 39.114561163246748 ], [ -84.760229338082709, 39.1128 ] ] ] ] } },
{ "type": "Feature", "properties": { "fclty__": "Miller Steam Electric Generating Facility Unit 1, Unit 2, Unit 3, and Unit 4", "plnt_nm": "James H Miller Jr", "utlty_n": "Alabama Power Co", "strt_dd": "42050 Porter Road", "city": "Quinton", "state": "Alabama", "zip": 35073, "prm_src": "coal" }, "geometry": { "type": "MultiPolygon", "coordinates": [ [ [ [ -87.016329338082713, 33.6319 ], [ -87.016388776067558, 33.63001007674572 ], [ -87.016566927106638, 33.628125292343555 ], [ -87.016863302900418, 33.626250813366795 ], [ -87.017277091103367, 33.624391778475434 ], [ -87.017807157550834, 33.62255328432223 ], [ -87.018452049367525, 33.620740371570285 ], [ -87.01920999894979, 33.618958011060805 ], [ -87.020078928810491, 33.617211090168837 ], [ -87.021056457273332, 33.615504399384939 ], [ -87.022139905000699, 33.613842619159506 ], [ -87.023326302337665, 33.612230307046282 ], [ -87.024612397451634, 33.610671885180494 ], [ -87.025994665245264, 33.609171628126354 ], [ -87.027469317018642, 33.607733651127447 ], [ -87.029032310853736, 33.606361898792748 ], [ -87.030679362693107, 33.605060134249456 ], [ -87.032405958082123, 33.603831928793035 ], [ -87.034207364542866, 33.602680652062816 ], [ -87.036078644545398, 33.60160946277098 ], [ -87.03801466904136, 33.600621300010253 ], [ -87.040010131522138, 33.599718875164847 ], [ -87.042059562563779, 33.598904664446934 ], [ -87.044157344818288, 33.598180902079712 ], [ -87.046297728410266, 33.597549574145845 ], [ -87.048474846697118, 33.59701241311852 ], [ -87.050682732348889, 33.596570893090515 ], [ -87.052915333704533, 33.596226225714361 ], [ -87.055166531358879, 33.595979356865136 ], [ -87.057430154935659, 33.595830964035116 ], [ -87.0597, 33.595781454467598 ], [ -87.06196984506434, 33.595830964035116 ], [ -87.06423346864112, 33.595979356865136 ], [ -87.066484666295494, 33.596226225714361 ], [ -87.06871726765111, 33.596570893090515 ], [ -87.070925153302895, 33.59701241311852 ], [ -87.073102271589747, 33.597549574145845 ], [ -87.075242655181725, 33.598180902079712 ], [ -87.07734043743622, 33.598904664446934 ], [ -87.079389868477861, 33.599718875164847 ], [ -87.081385330958639, 33.600621300010253 ], [ -87.083321355454601, 33.60160946277098 ], [ -87.085192635457148, 33.602680652062816 ], [ -87.08699404191789, 33.603831928793035 ], [ -87.088720637306906, 33.605060134249456 ], [ -87.090367689146277, 33.606361898792748 ], [ -87.091930682981371, 33.607733651127447 ], [ -87.093405334754735, 33.609171628126354 ], [ -87.094787602548394, 33.610671885180494 ], [ -87.096073697662348, 33.612230307046282 ], [ -87.097260094999314, 33.613842619159506 ], [ -87.098343542726681, 33.615504399384939 ], [ -87.099321071189507, 33.617211090168837 ], [ -87.100190001050223, 33.618958011060805 ], [ -87.100947950632488, 33.620740371570285 ], [ -87.101592842449165, 33.62255328432223 ], [ -87.102122908896632, 33.624391778475434 ], [ -87.102536697099609, 33.626250813366795 ], [ -87.102833072893375, 33.628125292343555 ], [ -87.103011223932455, 33.63001007674572 ], [ -87.1030706619173, 33.6319 ], [ -87.103011223932455, 33.633789881786655 ], [ -87.102833072893375, 33.635674542240253 ], [ -87.102536697099609, 33.637548816145525 ], [ -87.102122908896632, 33.639407567089272 ], [ -87.101592842449165, 33.641245701529741 ], [ -87.100947950632488, 33.643058182744902 ], [ -87.100190001050223, 33.644840044621574 ], [ -87.099321071189507, 33.646586405247838 ], [ -87.098343542726681, 33.648292480271508 ], [ -87.097260094999314, 33.649953595988606 ], [ -87.096073697662348, 33.65156520212588 ], [ -87.094787602548394, 33.653122884282915 ], [ -87.093405334754735, 33.654622375999914 ], [ -87.091930682981371, 33.656059570418485 ], [ -87.090367689146277, 33.657430531503771 ], [ -87.088720637306906, 33.658731504797643 ], [ -87.08699404191789, 33.65995892767377 ], [ -87.085192635457148, 33.661109439066905 ], [ -87.083321355454601, 33.66217988865008 ], [ -87.081385330958639, 33.663167345434935 ], [ -87.079389868477861, 33.664069105772128 ], [ -87.07734043743622, 33.664882700729933 ], [ -87.075242655181725, 33.665605902831558 ], [ -87.073102271589747, 33.666236732132738 ], [ -87.070925153302895, 33.666773461623393 ], [ -87.06871726765111, 33.667214621938754 ], [ -87.066484666295494, 33.66755900536738 ], [ -87.06423346864112, 33.667805669145174 ], [ -87.06196984506434, 33.667953938026663 ], [ -87.0597, 33.668003406126559 ], [ -87.057430154935659, 33.667953938026663 ], [ -87.055166531358879, 33.667805669145174 ], [ -87.052915333704533, 33.66755900536738 ], [ -87.050682732348889, 33.667214621938754 ], [ -87.048474846697118, 33.666773461623393 ], [ -87.046297728410266, 33.666236732132738 ], [ -87.044157344818288, 33.665605902831558 ], [ -87.042059562563779, 33.664882700729933 ], [ -87.040010131522138, 33.664069105772128 ], [ -87.03801466904136, 33.663167345434935 ], [ -87.036078644545398, 33.66217988865008 ], [ -87.034207364542866, 33.661109439066905 ], [ -87.032405958082123, 33.65995892767377 ], [ -87.030679362693107, 33.658731504797643 ], [ -87.029032310853736, 33.657430531503771 ], [ -87.027469317018642, 33.656059570418485 ], [ -87.025994665245264, 33.654622375999914 ], [ -87.024612397451634, 33.653122884282915 ], [ -87.023326302337665, 33.65156520212588 ], [ -87.022139905000699, 33.649953595988606 ], [ -87.021056457273332, 33.648292480271508 ], [ -87.020078928810491, 33.646586405247838 ], [ -87.01920999894979, 33.644840044621574 ], [ -87.018452049367525, 33.643058182744902 ], [ -87.017807157550834, 33.641245701529741 ], [ -87.017277091103367, 33.639407567089272 ], [ -87.016863302900418, 33.637548816145525 ], [ -87.016566927106638, 33.635674542240253 ], [ -87.016388776067558, 33.633789881786655 ], [ -87.016329338082713, 33.6319 ] ] ] ] } },
{ "type": "Feature", "properties": { "fclty__": "Milton R. Young Station Unit 1 and Unit 2", "plnt_nm": "Milton R Young", "utlty_n": "Minnkota Power Coop, Inc", "strt_dd": "3401 24th Street S.W.", "city": "Center", "state": "North Dakota", "zip": 58530, "prm_src": "coal" }, "geometry": { "type": "MultiPolygon", "coordinates": [ [ [ [ -101.169722338082707, 47.065854 ], [ -101.169781776067538, 47.064307856009563 ], [ -101.169959927106632, 47.062765905231814 ], [ -101.170256302900398, 47.06123237459709 ], [ -101.170670091103361, 47.059711468317055 ], [ -101.171200157550828, 47.058207356351311 ], [ -101.171845049367505, 47.056724162963938 ], [ -101.172602998949785, 47.055265955401786 ], [ -101.173471928810486, 47.053836732725323 ], [ -101.174449457273312, 47.052440414823266 ], [ -101.175532905000679, 47.051080831641201 ], [ -101.176719302337659, 47.049761712653918 ], [ -101.178005397451614, 47.048486676610985 ], [ -101.179387665245258, 47.047259221583467 ], [ -101.180862317018622, 47.046082715340084 ], [ -101.182425310853731, 47.044960386079111 ], [ -101.184072362693087, 47.043895313541988 ], [ -101.185798958082117, 47.042890420533496 ], [ -101.18760036454286, 47.041948464871993 ], [ -101.189471644545392, 47.041072031792375 ], [ -101.191407669041354, 47.040263526822862 ], [ -101.193403131522132, 47.039525169155588 ], [ -101.195452562563773, 47.038858985529636 ], [ -101.197550344818282, 47.038266804643442 ], [ -101.19969072841026, 47.03775025211263 ], [ -101.201867846697112, 47.037310745986915 ], [ -101.204075732348883, 47.036949492839113 ], [ -101.206308333704513, 47.036667484437018 ], [ -101.208559531358873, 47.036465495007462 ], [ -101.210823154935653, 47.036344079100488 ], [ -101.213093, 47.036303570059253 ], [ -101.215362845064334, 47.036344079100488 ], [ -101.217626468641114, 47.036465495007462 ], [ -101.219877666295474, 47.036667484437018 ], [ -101.222110267651104, 47.036949492839113 ], [ -101.224318153302889, 47.037310745986915 ], [ -101.226495271589741, 47.03775025211263 ], [ -101.228635655181705, 47.038266804643442 ], [ -101.230733437436214, 47.038858985529636 ], [ -101.232782868477855, 47.039525169155588 ], [ -101.234778330958633, 47.040263526822862 ], [ -101.236714355454595, 47.041072031792375 ], [ -101.238585635457127, 47.041948464871993 ], [ -101.24038704191787, 47.042890420533496 ], [ -101.2421136373069, 47.043895313541988 ], [ -101.243760689146271, 47.044960386079111 ], [ -101.245323682981365, 47.046082715340084 ], [ -101.246798334754729, 47.047259221583467 ], [ -101.248180602548373, 47.048486676610985 ], [ -101.249466697662342, 47.049761712653918 ], [ -101.250653094999308, 47.051080831641201 ], [ -101.251736542726675, 47.052440414823266 ], [ -101.252714071189502, 47.053836732725323 ], [ -101.253583001050217, 47.055265955401786 ], [ -101.254340950632482, 47.056724162963938 ], [ -101.254985842449159, 47.058207356351311 ], [ -101.255515908896626, 47.059711468317055 ], [ -101.255929697099589, 47.06123237459709 ], [ -101.256226072893369, 47.062765905231814 ], [ -101.256404223932449, 47.064307856009563 ], [ -101.256463661917294, 47.065854 ], [ -101.256404223932449, 47.067400099145893 ], [ -101.256226072893369, 47.068941915881332 ], [ -101.255929697099589, 47.070475224744584 ], [ -101.255515908896626, 47.071995823953735 ], [ -101.254985842449159, 47.07349954691356 ], [ -101.254340950632482, 47.074982273621956 ], [ -101.253583001050217, 47.076439941945154 ], [ -101.252714071189502, 47.077868558730692 ], [ -101.251736542726675, 47.079264210728105 ], [ -101.250653094999308, 47.080623075287619 ], [ -101.249466697662342, 47.081941430807781 ], [ -101.248180602548373, 47.083215666903797 ], [ -101.246798334754729, 47.084442294268946 ], [ -101.245323682981365, 47.085617954202533 ], [ -101.243760689146271, 47.086739427778681 ], [ -101.2421136373069, 47.087803644630974 ], [ -101.24038704191787, 47.08880769132972 ], [ -101.238585635457127, 47.089748819328882 ], [ -101.236714355454595, 47.090624452461611 ], [ -101.234778330958633, 47.091432193964081 ], [ -101.232782868477855, 47.092169833008853 ], [ -101.230733437436214, 47.092835350730255 ], [ -101.228635655181705, 47.093426925725574 ], [ -101.226495271589741, 47.093942939017502 ], [ -101.224318153302889, 47.094381978464334 ], [ -101.222110267651104, 47.094742842606252 ], [ -101.219877666295474, 47.095024543937519 ], [ -101.217626468641114, 47.095226311595624 ], [ -101.215362845064334, 47.095347593460332 ], [ -101.213093, 47.095388057657011 ], [ -101.210823154935653, 47.095347593460332 ], [ -101.208559531358873, 47.095226311595624 ], [ -101.206308333704513, 47.095024543937519 ], [ -101.204075732348883, 47.094742842606252 ], [ -101.201867846697112, 47.094381978464334 ], [ -101.19969072841026, 47.093942939017502 ], [ -101.197550344818282, 47.093426925725574 ], [ -101.195452562563773, 47.092835350730255 ], [ -101.193403131522132, 47.092169833008853 ], [ -101.191407669041354, 47.091432193964081 ], [ -101.189471644545392, 47.090624452461611 ], [ -101.18760036454286, 47.089748819328882 ], [ -101.185798958082117, 47.08880769132972 ], [ -101.184072362693087, 47.087803644630974 ], [ -101.182425310853731, 47.086739427778681 ], [ -101.180862317018622, 47.085617954202533 ], [ -101.179387665245258, 47.084442294268946 ], [ -101.178005397451614, 47.083215666903797 ], [ -101.176719302337659, 47.081941430807781 ], [ -101.175532905000679, 47.080623075287619 ], [ -101.174449457273312, 47.079264210728105 ], [ -101.173471928810486, 47.077868558730692 ], [ -101.172602998949785, 47.076439941945154 ], [ -101.171845049367505, 47.074982273621956 ], [ -101.171200157550828, 47.07349954691356 ], [ -101.170670091103361, 47.071995823953735 ], [ -101.170256302900398, 47.070475224744584 ], [ -101.169959927106632, 47.068941915881339 ], [ -101.169781776067538, 47.067400099145893 ], [ -101.169722338082707, 47.065854 ] ] ] ] } },
{ "type": "Feature", "properties": { "fclty__": "Mount Carmel Cogen Power Plant", "plnt_nm": "Foster Wheeler Mt Carmel Cogen", "utlty_n": "Mount Carmel Cogen Inc", "strt_dd": "Marion Heights Road & Rt 54", "city": "Marion Heights", "state": "Pennsylvania", "zip": 17832, "prm_src": "coal" }, "geometry": { "type": "MultiPolygon", "coordinates": [ [ [ [ -76.409580338082719, 40.811189 ], [ -76.40963977606755, 40.809471005940651 ], [ -76.409817927106644, 40.807757676485068 ], [ -76.410114302900396, 40.806053708296751 ], [ -76.410528091103373, 40.804363772737972 ], [ -76.411058157550841, 40.802692503056115 ], [ -76.411703049367517, 40.80104448167048 ], [ -76.412460998949783, 40.799424227594812 ], [ -76.413329928810498, 40.797836184030203 ], [ -76.414307457273324, 40.796284706162439 ], [ -76.415390905000692, 40.794774049197805 ], [ -76.416577302337672, 40.793308356669996 ], [ -76.417863397451626, 40.791891649051003 ], [ -76.419245665245271, 40.790527812697128 ], [ -76.420720317018635, 40.789220589161125 ], [ -76.422283310853743, 40.787973564899808 ], [ -76.423930362693099, 40.786790161406152 ], [ -76.425656958082129, 40.785673625792988 ], [ -76.427458364542872, 40.784627021854682 ], [ -76.429329644545405, 40.783653221631752 ], [ -76.431265669041366, 40.782754897501817 ], [ -76.433261131522144, 40.781934514819184 ], [ -76.435310562563785, 40.781194325123288 ], [ -76.437408344818294, 40.780536359935446 ], [ -76.439548728410273, 40.779962425160754 ], [ -76.441725846697125, 40.779474096111286 ], [ -76.443933732348896, 40.779072713164155 ], [ -76.446166333704525, 40.778759378066837 ], [ -76.448417531358885, 40.778534950899974 ], [ -76.450681154935666, 40.778400047706263 ], [ -76.452951, 40.778355038792029 ], [ -76.455220845064346, 40.778400047706263 ], [ -76.457484468641127, 40.778534950899974 ], [ -76.459735666295472, 40.778759378066837 ], [ -76.461968267651116, 40.779072713164155 ], [ -76.464176153302901, 40.779474096111286 ], [ -76.466353271589753, 40.779962425160754 ], [ -76.468493655181717, 40.780536359935446 ], [ -76.470591437436227, 40.781194325123288 ], [ -76.472640868477868, 40.781934514819184 ], [ -76.474636330958646, 40.782754897501817 ], [ -76.476572355454607, 40.783653221631752 ], [ -76.47844363545714, 40.784627021854682 ], [ -76.480245041917883, 40.785673625792988 ], [ -76.481971637306913, 40.786790161406152 ], [ -76.483618689146269, 40.787973564899808 ], [ -76.485181682981377, 40.789220589161125 ], [ -76.486656334754741, 40.790527812697128 ], [ -76.488038602548386, 40.791891649051003 ], [ -76.489324697662354, 40.793308356669996 ], [ -76.49051109499932, 40.794774049197805 ], [ -76.491594542726688, 40.796284706162439 ], [ -76.492572071189514, 40.797836184030203 ], [ -76.493441001050229, 40.799424227594812 ], [ -76.49419895063248, 40.80104448167048 ], [ -76.494843842449171, 40.802692503056115 ], [ -76.495373908896639, 40.804363772737972 ], [ -76.495787697099601, 40.806053708296751 ], [ -76.496084072893382, 40.807757676485068 ], [ -76.496262223932462, 40.809471005940651 ], [ -76.496321661917307, 40.811189 ], [ -76.496262223932462, 40.812906949577723 ], [ -76.496084072893382, 40.814620146075768 ], [ -76.495787697099601, 40.816323894287372 ], [ -76.495373908896639, 40.818013525260326 ], [ -76.494843842449171, 40.819684409084388 ], [ -76.49419895063248, 40.821331967567808 ], [ -76.493441001050229, 40.822951686768462 ], [ -76.492572071189514, 40.824539129345496 ], [ -76.491594542726688, 40.826089946697635 ], [ -76.49051109499932, 40.827599890855375 ], [ -76.489324697662354, 40.829064826094672 ], [ -76.488038602548386, 40.830480740240539 ], [ -76.486656334754741, 40.831843755630146 ], [ -76.485181682981377, 40.833150139705396 ], [ -76.483618689146269, 40.834396315206781 ], [ -76.481971637306913, 40.835578869940498 ], [ -76.480245041917883, 40.836694566092937 ], [ -76.47844363545714, 40.837740349067033 ], [ -76.476572355454607, 40.838713355816914 ], [ -76.474636330958646, 40.839610922658416 ], [ -76.472640868477868, 40.840430592534247 ], [ -76.470591437436227, 40.841170121714619 ], [ -76.468493655181717, 40.841827485914983 ], [ -76.466353271589753, 40.842400885814754 ], [ -76.464176153302901, 40.842888751962093 ], [ -76.461968267651116, 40.843289749051507 ], [ -76.459735666295472, 40.843602779563071 ], [ -76.457484468641127, 40.843826986753257 ], [ -76.455220845064346, 40.843961756989465 ], [ -76.452951, 40.844006721422083 ], [ -76.450681154935666, 40.843961756989465 ], [ -76.448417531358885, 40.843826986753257 ], [ -76.446166333704525, 40.843602779563071 ], [ -76.443933732348896, 40.843289749051507 ], [ -76.441725846697125, 40.842888751962093 ], [ -76.439548728410273, 40.842400885814754 ], [ -76.437408344818294, 40.841827485914983 ], [ -76.435310562563785, 40.841170121714619 ], [ -76.433261131522144, 40.840430592534247 ], [ -76.431265669041366, 40.839610922658416 ], [ -76.429329644545405, 40.838713355816914 ], [ -76.427458364542872, 40.837740349067033 ], [ -76.425656958082129, 40.836694566092937 ], [ -76.423930362693099, 40.835578869940498 ], [ -76.422283310853743, 40.834396315206781 ], [ -76.420720317018635, 40.833150139705396 ], [ -76.419245665245271, 40.831843755630146 ], [ -76.417863397451626, 40.830480740240539 ], [ -76.416577302337672, 40.829064826094672 ], [ -76.415390905000692, 40.827599890855375 ], [ -76.414307457273324, 40.826089946697635 ], [ -76.413329928810498, 40.824539129345496 ], [ -76.412460998949783, 40.822951686768462 ], [ -76.411703049367517, 40.821331967567808 ], [ -76.411058157550841, 40.819684409084388 ], [ -76.410528091103373, 40.818013525260326 ], [ -76.410114302900396, 40.816323894287372 ], [ -76.409817927106644, 40.814620146075768 ], [ -76.40963977606755, 40.812906949577723 ], [ -76.409580338082719, 40.811189 ] ] ] ] } },
{ "type": "Feature", "properties": { "fclty__": "Mount Storm Power Station", "plnt_nm": "Mt Storm", "utlty_n": "Virginia Electric & Power Co", "strt_dd": "HC 76, Box 430", "city": "Mount Storm", "state": "West Virginia", "zip": 26739, "prm_src": "coal" }, "geometry": { "type": "MultiPolygon", "coordinates": [ [ [ [ -79.220229338082703, 39.2008 ], [ -79.220288776067534, 39.199040994086694 ], [ -79.220466927106628, 39.197286765624483 ], [ -79.220763302900394, 39.195542123372931 ], [ -79.221177091103357, 39.19381185017037 ], [ -79.221707157550824, 39.192100689814673 ], [ -79.222352049367515, 39.190413334047179 ], [ -79.223109998949781, 39.18875440967583 ], [ -79.223978928810482, 39.187128465872746 ], [ -79.224956457273308, 39.185539961681371 ], [ -79.226039905000675, 39.183993253767866 ], [ -79.227226302337655, 39.182492584450237 ], [ -79.22851239745161, 39.181042070038757 ], [ -79.229894665245254, 39.179645689519653 ], [ -79.231369317018618, 39.178307273613662 ], [ -79.232932310853727, 39.177030494239673 ], [ -79.234579362693083, 39.175818854412903 ], [ -79.236305958082113, 39.17467567860551 ], [ -79.238107364542856, 39.173604103596681 ], [ -79.239978644545388, 39.172607069837511 ], [ -79.24191466904135, 39.171687313354873 ], [ -79.243910131522128, 39.170847358216839 ], [ -79.245959562563769, 39.170089509580578 ], [ -79.248057344818278, 39.169415847342428 ], [ -79.250197728410257, 39.168828220407548 ], [ -79.252374846697109, 39.168328241595482 ], [ -79.254582732348879, 39.167917283195685 ], [ -79.256815333704523, 39.167596473185547 ], [ -79.259066531358869, 39.16736669212149 ], [ -79.261330154935649, 39.167228570711941 ], [ -79.2636, 39.167182488078709 ], [ -79.26586984506433, 39.167228570711941 ], [ -79.268133468641111, 39.16736669212149 ], [ -79.27038466629547, 39.167596473185547 ], [ -79.2726172676511, 39.167917283195685 ], [ -79.274825153302885, 39.168328241595482 ], [ -79.277002271589737, 39.168828220407548 ], [ -79.279142655181701, 39.169415847342428 ], [ -79.28124043743621, 39.170089509580578 ], [ -79.283289868477851, 39.170847358216839 ], [ -79.285285330958629, 39.171687313354873 ], [ -79.287221355454591, 39.172607069837511 ], [ -79.289092635457123, 39.173604103596681 ], [ -79.290894041917866, 39.17467567860551 ], [ -79.292620637306896, 39.175818854412903 ], [ -79.294267689146267, 39.177030494239673 ], [ -79.295830682981361, 39.178307273613662 ], [ -79.297305334754725, 39.179645689519653 ], [ -79.298687602548384, 39.181042070038757 ], [ -79.299973697662338, 39.182492584450237 ], [ -79.301160094999318, 39.183993253767866 ], [ -79.302243542726671, 39.185539961681371 ], [ -79.303221071189498, 39.187128465872746 ], [ -79.304090001050213, 39.18875440967583 ], [ -79.304847950632478, 39.190413334047179 ], [ -79.305492842449155, 39.192100689814673 ], [ -79.306022908896622, 39.19381185017037 ], [ -79.306436697099599, 39.195542123372931 ], [ -79.306733072893365, 39.197286765624483 ], [ -79.306911223932445, 39.199040994086694 ], [ -79.30697066191729, 39.2008 ], [ -79.306911223932445, 39.202558961869968 ], [ -79.306733072893365, 39.204313058684754 ], [ -79.306436697099599, 39.206057483127147 ], [ -79.306022908896622, 39.207787454745151 ], [ -79.305492842449155, 39.209498233045146 ], [ -79.304847950632478, 39.211185130471662 ], [ -79.304090001050213, 39.212843525238448 ], [ -79.303221071189498, 39.214468873975839 ], [ -79.302243542726671, 39.216056724160048 ], [ -79.301160094999318, 39.217602726290366 ], [ -79.299973697662338, 39.219102645781504 ], [ -79.298687602548384, 39.220552374538428 ], [ -79.297305334754725, 39.221947942182723 ], [ -79.295830682981361, 39.223285526899666 ], [ -79.294267689146267, 39.224561465877059 ], [ -79.292620637306896, 39.225772265307242 ], [ -79.290894041917866, 39.226914609925622 ], [ -79.289092635457123, 39.227985372059699 ], [ -79.287221355454591, 39.228981620164376 ], [ -79.285285330958629, 39.229900626820601 ], [ -79.283289868477851, 39.230739876175548 ], [ -79.28124043743621, 39.23149707080475 ], [ -79.279142655181701, 39.232170137977313 ], [ -79.277002271589737, 39.232757235307723 ], [ -79.274825153302885, 39.23325675577891 ], [ -79.2726172676511, 39.23366733212309 ], [ -79.27038466629547, 39.23398784054875 ], [ -79.268133468641111, 39.23421740380369 ], [ -79.26586984506433, 39.234355393565842 ], [ -79.2636, 39.234401432155771 ], [ -79.261330154935649, 39.234355393565842 ], [ -79.259066531358869, 39.23421740380369 ], [ -79.256815333704523, 39.23398784054875 ], [ -79.254582732348879, 39.23366733212309 ], [ -79.252374846697109, 39.23325675577891 ], [ -79.250197728410257, 39.232757235307723 ], [ -79.248057344818278, 39.232170137977313 ], [ -79.245959562563769, 39.23149707080475 ], [ -79.243910131522128, 39.230739876175548 ], [ -79.24191466904135, 39.229900626820601 ], [ -79.239978644545388, 39.228981620164376 ], [ -79.238107364542856, 39.227985372059699 ], [ -79.236305958082113, 39.226914609925622 ], [ -79.234579362693083, 39.225772265307242 ], [ -79.232932310853727, 39.224561465877059 ], [ -79.231369317018618, 39.223285526899666 ], [ -79.229894665245254, 39.221947942182723 ], [ -79.22851239745161, 39.220552374538428 ], [ -79.227226302337655, 39.219102645781504 ], [ -79.226039905000675, 39.217602726290366 ], [ -79.224956457273308, 39.216056724160048 ], [ -79.223978928810482, 39.214468873975839 ], [ -79.223109998949781, 39.212843525238448 ], [ -79.222352049367515, 39.211185130471662 ], [ -79.221707157550824, 39.209498233045146 ], [ -79.221177091103357, 39.207787454745151 ], [ -79.220763302900394, 39.206057483127147 ], [ -79.220466927106628, 39.204313058684761 ], [ -79.220288776067534, 39.202558961869968 ], [ -79.220229338082703, 39.2008 ] ] ] ] } },
{ "type": "Feature", "properties": { "fclty__": "Muskogee Unit 6", "plnt_nm": "Muskogee", "utlty_n": "Oklahoma Gas & Electric Co", "strt_dd": "5501 Three Forks Road", "city": "Fort Gibson", "state": "Oklahoma", "zip": 74434, "prm_src": "natural gas" }, "geometry": { "type": "MultiPolygon", "coordinates": [ [ [ [ -95.243949338082686, 35.76135 ], [ -95.244008776067517, 35.759508094221928 ], [ -95.244186927106625, 35.757671194512042 ], [ -95.244483302900377, 35.755844336209229 ], [ -95.24489709110334, 35.754032527472184 ], [ -95.245427157550807, 35.752240735542962 ], [ -95.246072049367498, 35.750473873118835 ], [ -95.246829998949764, 35.748736784870367 ], [ -95.247698928810479, 35.747034234142482 ], [ -95.248676457273291, 35.745370889875353 ], [ -95.249759905000658, 35.743751313781267 ], [ -95.250946302337638, 35.742179947812758 ], [ -95.252232397451593, 35.740661101956789 ], [ -95.253614665245237, 35.739198942388683 ], [ -95.255089317018601, 35.737797480018713 ], [ -95.25665231085371, 35.736460559463083 ], [ -95.258299362693066, 35.73519184846981 ], [ -95.260025958082096, 35.733994827829235 ], [ -95.261827364542839, 35.732872781796623 ], [ -95.263698644545386, 35.731828789054227 ], [ -95.265634669041333, 35.730865714237304 ], [ -95.267630131522111, 35.729986200048209 ], [ -95.269679562563752, 35.729192659980242 ], [ -95.271777344818261, 35.728487271671746 ], [ -95.27391772841024, 35.727871970908836 ], [ -95.276094846697092, 35.727348446293618 ], [ -95.278302732348862, 35.726918134592864 ], [ -95.280535333704506, 35.726582216779903 ], [ -95.282786531358866, 35.726341614781056 ], [ -95.285050154935647, 35.726196988935598 ], [ -95.28732, 35.726148736176249 ], [ -95.289589845064313, 35.726196988935598 ], [ -95.291853468641094, 35.726341614781056 ], [ -95.294104666295453, 35.726582216779903 ], [ -95.296337267651083, 35.726918134592864 ], [ -95.298545153302868, 35.727348446293618 ], [ -95.30072227158972, 35.727871970908836 ], [ -95.302862655181684, 35.728487271671746 ], [ -95.304960437436193, 35.729192659980242 ], [ -95.307009868477834, 35.729986200048209 ], [ -95.309005330958612, 35.730865714237304 ], [ -95.310941355454574, 35.731828789054227 ], [ -95.312812635457121, 35.732872781796623 ], [ -95.314614041917849, 35.733994827829235 ], [ -95.31634063730688, 35.73519184846981 ], [ -95.31798768914625, 35.736460559463083 ], [ -95.319550682981344, 35.737797480018713 ], [ -95.321025334754708, 35.739198942388683 ], [ -95.322407602548367, 35.740661101956789 ], [ -95.323693697662321, 35.742179947812758 ], [ -95.324880094999301, 35.743751313781267 ], [ -95.325963542726655, 35.745370889875353 ], [ -95.326941071189481, 35.747034234142482 ], [ -95.327810001050196, 35.748736784870367 ], [ -95.328567950632461, 35.750473873118835 ], [ -95.329212842449138, 35.752240735542962 ], [ -95.329742908896606, 35.754032527472184 ], [ -95.330156697099582, 35.755844336209229 ], [ -95.330453072893349, 35.757671194512042 ], [ -95.330631223932443, 35.759508094221928 ], [ -95.330690661917274, 35.76135 ], [ -95.330631223932443, 35.763191863134459 ], [ -95.330453072893349, 35.765028635380745 ], [ -95.330156697099582, 35.766855282796485 ], [ -95.329742908896606, 35.768666799533477 ], [ -95.329212842449138, 35.770458221548928 ], [ -95.328567950632461, 35.772224640198374 ], [ -95.327810001050196, 35.773961215673374 ], [ -95.326941071189481, 35.775663190247059 ], [ -95.325963542726655, 35.777325901291711 ], [ -95.324880094999301, 35.778944794032761 ], [ -95.323693697662321, 35.780515434004641 ], [ -95.322407602548367, 35.782033519174561 ], [ -95.321025334754708, 35.783494891701437 ], [ -95.319550682981344, 35.784895549297971 ], [ -95.31798768914625, 35.786231656165249 ], [ -95.31634063730688, 35.78749955347017 ], [ -95.314614041917849, 35.788695769337352 ], [ -95.312812635457121, 35.789817028328784 ], [ -95.310941355454574, 35.790860260385202 ], [ -95.309005330958612, 35.791822609205603 ], [ -95.307009868477834, 35.79270144004176 ], [ -95.304960437436193, 35.793494346887357 ], [ -95.302862655181684, 35.794199159041753 ], [ -95.30072227158972, 35.794813947031315 ], [ -95.298545153302868, 35.795337027871966 ], [ -95.296337267651083, 35.795766969659041 ], [ -95.294104666295453, 35.796102595472036 ], [ -95.291853468641094, 35.796342986583845 ], [ -95.289589845064313, 35.796487484965745 ], [ -95.28732, 35.796535695081488 ], [ -95.285050154935647, 35.796487484965745 ], [ -95.282786531358866, 35.796342986583845 ], [ -95.280535333704506, 35.796102595472036 ], [ -95.278302732348862, 35.795766969659041 ], [ -95.276094846697092, 35.795337027871966 ], [ -95.27391772841024, 35.794813947031315 ], [ -95.271777344818261, 35.794199159041753 ], [ -95.269679562563752, 35.793494346887357 ], [ -95.267630131522111, 35.79270144004176 ], [ -95.265634669041333, 35.791822609205603 ], [ -95.263698644545386, 35.790860260385202 ], [ -95.261827364542839, 35.789817028328784 ], [ -95.260025958082096, 35.788695769337352 ], [ -95.258299362693066, 35.78749955347017 ], [ -95.25665231085371, 35.786231656165249 ], [ -95.255089317018601, 35.784895549297971 ], [ -95.253614665245237, 35.783494891701437 ], [ -95.252232397451593, 35.782033519174561 ], [ -95.250946302337638, 35.780515434004641 ], [ -95.249759905000658, 35.778944794032761 ], [ -95.248676457273291, 35.777325901291711 ], [ -95.247698928810479, 35.775663190247059 ], [ -95.246829998949764, 35.773961215673374 ], [ -95.246072049367498, 35.772224640198374 ], [ -95.245427157550807, 35.770458221548928 ], [ -95.24489709110334, 35.768666799533477 ], [ -95.244483302900377, 35.766855282796485 ], [ -95.244186927106625, 35.765028635380752 ], [ -95.244008776067517, 35.763191863134459 ], [ -95.243949338082686, 35.76135 ] ] ] ] } },
{ "type": "Feature", "properties": { "fclty__": "New Madrid Power Plant Unit 1 and Unit 2 Coal Fired Cyclone Boilers", "plnt_nm": "New Madrid", "utlty_n": "Associated Electric Coop, Inc", "strt_dd": "41 St. Jude Industrial Park", "city": "New Madrid", "state": "Missouri", "zip": 63869, "prm_src": "coal" }, "geometry": { "type": "MultiPolygon", "coordinates": [ [ [ [ -89.518329338082708, 36.5147 ], [ -89.518388776067553, 36.512875694431422 ], [ -89.518566927106633, 36.511056346331529 ], [ -89.5188633029004, 36.509246942935832 ], [ -89.519277091103376, 36.507452444567569 ], [ -89.519807157550844, 36.505677771032325 ], [ -89.52045204936752, 36.503927788119817 ], [ -89.521209998949786, 36.502207294250375 ], [ -89.522078928810501, 36.500521007302609 ], [ -89.523056457273327, 36.498873551658754 ], [ -89.524139905000681, 36.49726944550342 ], [ -89.52532630233766, 36.495713088410795 ], [ -89.526612397451615, 36.494208749254746 ], [ -89.527994665245259, 36.492760554475112 ], [ -89.529469317018638, 36.491372476732991 ], [ -89.531032310853732, 36.490048323986173 ], [ -89.532679362693102, 36.48879172901529 ], [ -89.534405958082118, 36.487606139429758 ], [ -89.536207364542861, 36.486494808181092 ], [ -89.538078644545408, 36.485460784610417 ], [ -89.540014669041369, 36.484506906054648 ], [ -89.542010131522147, 36.483635790035081 ], [ -89.544059562563788, 36.482849827049989 ], [ -89.546157344818283, 36.482151173991483 ], [ -89.548297728410262, 36.481541748204862 ], [ -89.550474846697114, 36.481023222207199 ], [ -89.552682732348899, 36.480597019079845 ], [ -89.554915333704514, 36.480264308547689 ], [ -89.557166531358888, 36.480026003756286 ], [ -89.559430154935669, 36.479882758755764 ], [ -89.5617, 36.47983496669849 ], [ -89.563969845064335, 36.479882758755764 ], [ -89.56623346864113, 36.480026003756286 ], [ -89.568484666295475, 36.480264308547689 ], [ -89.570717267651119, 36.480597019079845 ], [ -89.57292515330289, 36.481023222207199 ], [ -89.575102271589742, 36.481541748204862 ], [ -89.57724265518172, 36.482151173991483 ], [ -89.57934043743623, 36.482849827049989 ], [ -89.581389868477856, 36.483635790035081 ], [ -89.583385330958649, 36.484506906054648 ], [ -89.585321355454596, 36.485460784610417 ], [ -89.587192635457143, 36.486494808181092 ], [ -89.588994041917886, 36.487606139429758 ], [ -89.590720637306902, 36.48879172901529 ], [ -89.592367689146272, 36.490048323986173 ], [ -89.593930682981366, 36.491372476732991 ], [ -89.595405334754744, 36.492760554475112 ], [ -89.596787602548375, 36.494208749254746 ], [ -89.598073697662343, 36.495713088410795 ], [ -89.599260094999309, 36.49726944550342 ], [ -89.600343542726677, 36.498873551658754 ], [ -89.601321071189503, 36.500521007302609 ], [ -89.602190001050218, 36.502207294250375 ], [ -89.602947950632469, 36.503927788119817 ], [ -89.603592842449174, 36.505677771032325 ], [ -89.604122908896642, 36.507452444567569 ], [ -89.60453669709959, 36.509246942935832 ], [ -89.604833072893371, 36.511056346331529 ], [ -89.605011223932451, 36.512875694431422 ], [ -89.605070661917296, 36.5147 ], [ -89.605011223932451, 36.516524262565035 ], [ -89.604833072893371, 36.518343482125459 ], [ -89.60453669709959, 36.520152672854088 ], [ -89.604122908896642, 36.521946876757696 ], [ -89.603592842449174, 36.523721177256917 ], [ -89.602947950632469, 36.525470712649074 ], [ -89.602190001050218, 36.527190689417004 ], [ -89.601321071189503, 36.528876395347545 ], [ -89.600343542726677, 36.530523212424228 ], [ -89.599260094999309, 36.532126629458709 ], [ -89.598073697662343, 36.533682254426942 ], [ -89.596787602548375, 36.535185826476393 ], [ -89.595405334754744, 36.536633227571784 ], [ -89.593930682981366, 36.538020493747801 ], [ -89.592367689146272, 36.539343825938353 ], [ -89.590720637306902, 36.540599600352962 ], [ -89.588994041917886, 36.541784378372448 ], [ -89.587192635457143, 36.542894915936927 ], [ -89.585321355454596, 36.543928172401067 ], [ -89.583385330958649, 36.544881318832545 ], [ -89.581389868477856, 36.545751745731351 ], [ -89.57934043743623, 36.546537070149377 ], [ -89.57724265518172, 36.547235142190779 ], [ -89.575102271589742, 36.547844050875987 ], [ -89.57292515330289, 36.548362129353414 ], [ -89.570717267651119, 36.548787959444837 ], [ -89.568484666295475, 36.549120375512409 ], [ -89.56623346864113, 36.549358467636793 ], [ -89.563969845064335, 36.549501584097897 ], [ -89.5617, 36.549549333151639 ], [ -89.559430154935669, 36.549501584097897 ], [ -89.557166531358888, 36.549358467636793 ], [ -89.554915333704514, 36.549120375512409 ], [ -89.552682732348899, 36.548787959444837 ], [ -89.550474846697114, 36.548362129353414 ], [ -89.548297728410262, 36.547844050875987 ], [ -89.546157344818283, 36.547235142190779 ], [ -89.544059562563788, 36.546537070149377 ], [ -89.542010131522147, 36.545751745731351 ], [ -89.540014669041369, 36.544881318832545 ], [ -89.538078644545408, 36.543928172401067 ], [ -89.536207364542861, 36.542894915936927 ], [ -89.534405958082118, 36.541784378372448 ], [ -89.532679362693102, 36.540599600352962 ], [ -89.531032310853732, 36.539343825938353 ], [ -89.529469317018638, 36.538020493747801 ], [ -89.527994665245259, 36.536633227571784 ], [ -89.526612397451615, 36.535185826476393 ], [ -89.52532630233766, 36.533682254426942 ], [ -89.524139905000681, 36.532126629458709 ], [ -89.523056457273327, 36.530523212424228 ], [ -89.522078928810501, 36.528876395347545 ], [ -89.521209998949786, 36.527190689417004 ], [ -89.52045204936752, 36.525470712649074 ], [ -89.519807157550844, 36.523721177256917 ], [ -89.519277091103376, 36.521946876757696 ], [ -89.5188633029004, 36.520152672854088 ], [ -89.518566927106633, 36.518343482125466 ], [ -89.518388776067553, 36.516524262565035 ], [ -89.518329338082708, 36.5147 ] ] ] ] } },
{ "type": "Feature", "properties": { "fclty__": "Newton Power Station Unit 1", "plnt_nm": "Newton", "utlty_n": "Illinois Power Generating Co", "strt_dd": "6725 N. 500th", "city": "Newton", "state": "Illinois", "zip": 62448, "prm_src": "coal" }, "geometry": { "type": "MultiPolygon", "coordinates": [ [ [ [ -88.234729338082701, 38.9361 ], [ -88.234788776067546, 38.934334385081875 ], [ -88.234966927106626, 38.932573565814735 ], [ -88.235263302900393, 38.930822369022074 ], [ -88.235677091103355, 38.929085595506059 ], [ -88.236207157550837, 38.927368006879078 ], [ -88.236852049367513, 38.925674312498892 ], [ -88.237609998949779, 38.924009156543534 ], [ -88.238478928810494, 38.922377105261226 ], [ -88.23945645727332, 38.920782634430878 ], [ -88.240539905000674, 38.919230117067578 ], [ -88.241726302337653, 38.917723811407015 ], [ -88.243012397451608, 38.916267849202328 ], [ -88.244394665245252, 38.914866224365468 ], [ -88.245869317018631, 38.91352278198503 ], [ -88.247432310853725, 38.912241207750476 ], [ -88.249079362693095, 38.911025017812683 ], [ -88.250805958082111, 38.909877549108636 ], [ -88.25260736454284, 38.90880195017742 ], [ -88.254478644545401, 38.90780117249291 ], [ -88.256414669041348, 38.906877962337546 ], [ -88.25841013152214, 38.90603485323966 ], [ -88.260459562563767, 38.905274158995574 ], [ -88.262557344818276, 38.904597967295999 ], [ -88.264697728410255, 38.904008133974401 ], [ -88.266874846697107, 38.903506277893641 ], [ -88.269082732348878, 38.903093776484958 ], [ -88.271315333704507, 38.902771761951975 ], [ -88.273566531358867, 38.902541118150211 ], [ -88.275830154935647, 38.902402478151046 ], [ -88.2781, 38.902356222496635 ], [ -88.280369845064328, 38.902402478151046 ], [ -88.282633468641109, 38.902541118150211 ], [ -88.284884666295468, 38.902771761951975 ], [ -88.287117267651098, 38.903093776484958 ], [ -88.289325153302883, 38.903506277893641 ], [ -88.291502271589735, 38.904008133974401 ], [ -88.293642655181714, 38.904597967295999 ], [ -88.295740437436223, 38.905274158995574 ], [ -88.297789868477849, 38.90603485323966 ], [ -88.299785330958642, 38.906877962337546 ], [ -88.301721355454589, 38.90780117249291 ], [ -88.303592635457136, 38.90880195017742 ], [ -88.305394041917879, 38.909877549108636 ], [ -88.307120637306895, 38.911025017812683 ], [ -88.308767689146265, 38.912241207750476 ], [ -88.310330682981359, 38.91352278198503 ], [ -88.311805334754737, 38.914866224365468 ], [ -88.313187602548368, 38.916267849202328 ], [ -88.314473697662336, 38.917723811407015 ], [ -88.315660094999302, 38.919230117067578 ], [ -88.31674354272667, 38.920782634430878 ], [ -88.317721071189496, 38.922377105261226 ], [ -88.318590001050211, 38.924009156543534 ], [ -88.319347950632462, 38.925674312498892 ], [ -88.319992842449153, 38.927368006879078 ], [ -88.320522908896635, 38.929085595506059 ], [ -88.320936697099583, 38.930822369022074 ], [ -88.321233072893364, 38.932573565814735 ], [ -88.321411223932444, 38.934334385081875 ], [ -88.321470661917289, 38.9361 ], [ -88.321411223932444, 38.937865570960199 ], [ -88.321233072893364, 38.939626258835183 ], [ -88.320936697099583, 38.941377238241017 ], [ -88.320522908896635, 38.943113710757281 ], [ -88.319992842449153, 38.944830918069385 ], [ -88.319347950632462, 38.946524154997327 ], [ -88.318590001050211, 38.948188782375048 ], [ -88.317721071189496, 38.94982023974552 ], [ -88.31674354272667, 38.951414057836857 ], [ -88.315660094999302, 38.952965870785519 ], [ -88.314473697662336, 38.954471428073525 ], [ -88.313187602548368, 38.955926606147088 ], [ -88.311805334754737, 38.957327419685328 ], [ -88.310330682981359, 38.958670032488435 ], [ -88.308767689146265, 38.959950767955959 ], [ -88.307120637306895, 38.961166119126737 ], [ -88.305394041917879, 38.962312758253475 ], [ -88.303592635457136, 38.963387545886143 ], [ -88.301721355454589, 38.964387539439578 ], [ -88.299785330958642, 38.965310001222484 ], [ -88.297789868477849, 38.966152405905824 ], [ -88.295740437436223, 38.966912447411005 ], [ -88.293642655181714, 38.967588045198845 ], [ -88.291502271589735, 38.968177349942899 ], [ -88.289325153302883, 38.96867874857152 ], [ -88.287117267651098, 38.969090868665404 ], [ -88.284884666295468, 38.969412582198707 ], [ -88.282633468641109, 38.969643008613694 ], [ -88.280369845064328, 38.969781517220738 ], [ -88.2781, 38.969827728917231 ], [ -88.275830154935647, 38.969781517220738 ], [ -88.273566531358867, 38.969643008613694 ], [ -88.271315333704507, 38.969412582198707 ], [ -88.269082732348878, 38.969090868665404 ], [ -88.266874846697107, 38.96867874857152 ], [ -88.264697728410255, 38.968177349942899 ], [ -88.262557344818276, 38.967588045198845 ], [ -88.260459562563767, 38.966912447411005 ], [ -88.25841013152214, 38.966152405905824 ], [ -88.256414669041348, 38.965310001222484 ], [ -88.254478644545401, 38.964387539439578 ], [ -88.25260736454284, 38.963387545886143 ], [ -88.250805958082111, 38.962312758253475 ], [ -88.249079362693095, 38.961166119126737 ], [ -88.247432310853725, 38.959950767955959 ], [ -88.245869317018631, 38.958670032488435 ], [ -88.244394665245252, 38.957327419685328 ], [ -88.243012397451608, 38.955926606147088 ], [ -88.241726302337653, 38.954471428073525 ], [ -88.240539905000674, 38.952965870785519 ], [ -88.23945645727332, 38.951414057836857 ], [ -88.238478928810494, 38.94982023974552 ], [ -88.237609998949779, 38.948188782375048 ], [ -88.236852049367513, 38.946524154997327 ], [ -88.236207157550837, 38.944830918069385 ], [ -88.235677091103355, 38.943113710757281 ], [ -88.235263302900393, 38.941377238241017 ], [ -88.234966927106626, 38.93962625883519 ], [ -88.234788776067546, 38.937865570960199 ], [ -88.234729338082701, 38.9361 ] ] ] ] } },
{ "type": "Feature", "properties": { "fclty__": "Northampton Generating Station Generating Unit 1", "plnt_nm": "Northampton Generating Company LP", "utlty_n": "EIF Northampton GP, LLC", "strt_dd": "1 Horwith Drive", "city": "Northampton", "state": "Pennsylvania", "zip": 18067, "prm_src": "coal" }, "geometry": { "type": "MultiPolygon", "coordinates": [ [ [ [ -75.435829338082712, 40.6917 ], [ -75.435888776067543, 40.689978915890286 ], [ -75.436066927106651, 40.688262504881564 ], [ -75.436363302900403, 40.68655547208332 ], [ -75.436777091103366, 40.684862497257157 ], [ -75.437307157550833, 40.683188221980124 ], [ -75.437952049367524, 40.681537236908646 ], [ -75.43870999894979, 40.679914069178565 ], [ -75.439578928810505, 40.678323169975727 ], [ -75.440556457273317, 40.676768902311508 ], [ -75.441639905000685, 40.675255529037123 ], [ -75.442826302337664, 40.67378720112967 ], [ -75.444112397451619, 40.672367946282591 ], [ -75.445494665245278, 40.671001657831937 ], [ -75.446969317018628, 40.669692084049366 ], [ -75.448532310853736, 40.668442817831412 ], [ -75.450179362693106, 40.667257286813921 ], [ -75.451905958082122, 40.666138743938937 ], [ -75.453707364542865, 40.665090258500427 ], [ -75.455578644545412, 40.664114707693862 ], [ -75.457514669041359, 40.663214768693038 ], [ -75.459510131522137, 40.662392911276577 ], [ -75.461559562563778, 40.661651391024222 ], [ -75.463657344818287, 40.660992243102527 ], [ -75.46579772841028, 40.660417276656872 ], [ -75.467974846697118, 40.659928069825646 ], [ -75.470182732348889, 40.659525965390742 ], [ -75.472415333704532, 40.659212067076169 ], [ -75.474666531358892, 40.658987236505517 ], [ -75.476930154935673, 40.658852090826635 ], [ -75.4792, 40.658807001010132 ], [ -75.481469845064339, 40.658852090826635 ], [ -75.48373346864112, 40.658987236505517 ], [ -75.485984666295479, 40.659212067076169 ], [ -75.488217267651109, 40.659525965390742 ], [ -75.490425153302894, 40.659928069825646 ], [ -75.492602271589746, 40.660417276656872 ], [ -75.49474265518171, 40.660992243102527 ], [ -75.496840437436219, 40.661651391024222 ], [ -75.49888986847786, 40.662392911276577 ], [ -75.500885330958653, 40.663214768693038 ], [ -75.5028213554546, 40.664114707693862 ], [ -75.504692635457147, 40.665090258500427 ], [ -75.506494041917875, 40.666138743938937 ], [ -75.508220637306906, 40.667257286813921 ], [ -75.50986768914629, 40.668442817831412 ], [ -75.51143068298137, 40.669692084049366 ], [ -75.512905334754734, 40.671001657831937 ], [ -75.514287602548393, 40.672367946282591 ], [ -75.515573697662347, 40.67378720112967 ], [ -75.516760094999327, 40.675255529037123 ], [ -75.517843542726695, 40.676768902311508 ], [ -75.518821071189507, 40.678323169975727 ], [ -75.519690001050222, 40.679914069178565 ], [ -75.520447950632487, 40.681537236908646 ], [ -75.521092842449164, 40.683188221980124 ], [ -75.521622908896646, 40.684862497257157 ], [ -75.522036697099608, 40.68655547208332 ], [ -75.522333072893375, 40.688262504881564 ], [ -75.522511223932469, 40.689978915890286 ], [ -75.5225706619173, 40.6917 ], [ -75.522511223932469, 40.693421039655796 ], [ -75.522333072893375, 40.695137317789808 ], [ -75.522036697099608, 40.69684413074836 ], [ -75.521622908896646, 40.698536801178449 ], [ -75.521092842449164, 40.700210690838055 ], [ -75.520447950632487, 40.701861213295672 ], [ -75.519690001050222, 40.703483846483941 ], [ -75.518821071189507, 40.705074145073581 ], [ -75.517843542726695, 40.706627752633644 ], [ -75.516760094999327, 40.708140413545181 ], [ -75.515573697662347, 40.709607984635859 ], [ -75.514287602548393, 40.711026446504121 ], [ -75.512905334754734, 40.712391914501922 ], [ -75.51143068298137, 40.713700649346677 ], [ -75.50986768914629, 40.714949067333428 ], [ -75.508220637306906, 40.716133750119717 ], [ -75.506494041917875, 40.717251454056914 ], [ -75.504692635457147, 40.718299119042634 ], [ -75.5028213554546, 40.719273876870432 ], [ -75.500885330958653, 40.720173059054567 ], [ -75.49888986847786, 40.720994204108258 ], [ -75.496840437436219, 40.721735064256563 ], [ -75.49474265518171, 40.722393611565145 ], [ -75.492602271589746, 40.722968043469095 ], [ -75.490425153302894, 40.723456787686551 ], [ -75.488217267651109, 40.723858506504115 ], [ -75.485984666295479, 40.724172100422685 ], [ -75.48373346864112, 40.72439671115368 ], [ -75.481469845064339, 40.724531723957888 ], [ -75.4792, 40.724576769320478 ], [ -75.476930154935673, 40.724531723957888 ], [ -75.474666531358892, 40.72439671115368 ], [ -75.472415333704532, 40.724172100422685 ], [ -75.470182732348889, 40.723858506504115 ], [ -75.467974846697118, 40.723456787686551 ], [ -75.46579772841028, 40.722968043469095 ], [ -75.463657344818287, 40.722393611565145 ], [ -75.461559562563778, 40.721735064256563 ], [ -75.459510131522137, 40.720994204108258 ], [ -75.457514669041359, 40.720173059054567 ], [ -75.455578644545412, 40.719273876870432 ], [ -75.453707364542865, 40.718299119042634 ], [ -75.451905958082122, 40.717251454056914 ], [ -75.450179362693106, 40.716133750119717 ], [ -75.448532310853736, 40.714949067333428 ], [ -75.446969317018628, 40.713700649346677 ], [ -75.445494665245278, 40.712391914501922 ], [ -75.444112397451619, 40.711026446504121 ], [ -75.442826302337664, 40.709607984635859 ], [ -75.441639905000685, 40.708140413545181 ], [ -75.440556457273317, 40.706627752633644 ], [ -75.439578928810505, 40.705074145073581 ], [ -75.43870999894979, 40.703483846483941 ], [ -75.437952049367524, 40.701861213295672 ], [ -75.437307157550833, 40.700210690838055 ], [ -75.436777091103366, 40.698536801178449 ], [ -75.436363302900403, 40.69684413074836 ], [ -75.436066927106651, 40.695137317789808 ], [ -75.435888776067543, 40.693421039655796 ], [ -75.435829338082712, 40.6917 ] ] ] ] } },
{ "type": "Feature", "properties": { "fclty__": "Oak Grove Steam Electric Station", "plnt_nm": "Oak Grove (TX)", "utlty_n": "Luminant Generation Company LLC", "strt_dd": "P.O. Box 558", "city": "Franklin", "state": "Texas", "zip": 77856, "prm_src": "coal" }, "geometry": { "type": "MultiPolygon", "coordinates": [ [ [ [ -96.443229338082702, 31.1803 ], [ -96.443288776067533, 31.17835803156629 ], [ -96.443466927106627, 31.176421346267489 ], [ -96.443763302900379, 31.174495252913765 ], [ -96.444177091103342, 31.172585031603543 ], [ -96.444707157550823, 31.170695919242167 ], [ -96.4453520493675, 31.168833095175629 ], [ -96.44610999894978, 31.167001666978742 ], [ -96.446978928810481, 31.165206656436986 ], [ -96.447956457273307, 31.163452985760532 ], [ -96.44903990500066, 31.16174546406862 ], [ -96.45022630233764, 31.160088774181443 ], [ -96.451512397451594, 31.158487459756117 ], [ -96.452894665245253, 31.156945912802364 ], [ -96.454369317018617, 31.155468361612321 ], [ -96.455932310853711, 31.154058859138008 ], [ -96.457579362693096, 31.15272127184868 ], [ -96.459305958082098, 31.151459269098922 ], [ -96.461107364542841, 31.150276313036986 ], [ -96.462978644545387, 31.149175649081542 ], [ -96.464914669041335, 31.148160296993115 ], [ -96.466910131522113, 31.147233042565215 ], [ -96.468959562563768, 31.146396429958173 ], [ -96.471057344818263, 31.145652754697089 ], [ -96.473197728410256, 31.145004057353372 ], [ -96.475374846697093, 31.144452117927504 ], [ -96.477582732348864, 31.143998450948619 ], [ -96.479815333704508, 31.143644301304704 ], [ -96.482066531358868, 31.143390640814886 ], [ -96.484330154935648, 31.143238165553502 ], [ -96.4866, 31.143187293933348 ], [ -96.488869845064315, 31.143238165553502 ], [ -96.491133468641095, 31.143390640814886 ], [ -96.493384666295455, 31.143644301304704 ], [ -96.495617267651099, 31.143998450948619 ], [ -96.497825153302884, 31.144452117927504 ], [ -96.500002271589722, 31.145004057353372 ], [ -96.5021426551817, 31.145652754697089 ], [ -96.504240437436195, 31.146396429958173 ], [ -96.50628986847785, 31.147233042565215 ], [ -96.508285330958628, 31.148160296993115 ], [ -96.510221355454576, 31.149175649081542 ], [ -96.512092635457122, 31.150276313036986 ], [ -96.513894041917865, 31.151459269098922 ], [ -96.515620637306881, 31.15272127184868 ], [ -96.517267689146266, 31.154058859138008 ], [ -96.518830682981346, 31.155468361612321 ], [ -96.52030533475471, 31.156945912802364 ], [ -96.521687602548369, 31.158487459756117 ], [ -96.522973697662323, 31.160088774181443 ], [ -96.524160094999303, 31.16174546406862 ], [ -96.52524354272667, 31.163452985760532 ], [ -96.526221071189482, 31.165206656436986 ], [ -96.527090001050198, 31.167001666978742 ], [ -96.527847950632463, 31.168833095175629 ], [ -96.52849284244914, 31.170695919242167 ], [ -96.529022908896621, 31.172585031603543 ], [ -96.529436697099584, 31.174495252913765 ], [ -96.52973307289335, 31.176421346267489 ], [ -96.529911223932444, 31.17835803156629 ], [ -96.529970661917275, 31.1803 ], [ -96.529911223932444, 31.182241928603073 ], [ -96.52973307289335, 31.184178494846424 ], [ -96.529436697099584, 31.186104391224237 ], [ -96.529022908896621, 31.188014339796215 ], [ -96.52849284244914, 31.189903106645193 ], [ -96.527847950632463, 31.191765516210687 ], [ -96.527090001050198, 31.193596465459244 ], [ -96.526221071189482, 31.195390937852853 ], [ -96.52524354272667, 31.197144017077381 ], [ -96.524160094999303, 31.198850900493685 ], [ -96.522973697662323, 31.200506912274658 ], [ -96.521687602548369, 31.202107516192637 ], [ -96.52030533475471, 31.203648328022389 ], [ -96.518830682981346, 31.205125127525946 ], [ -96.517267689146266, 31.206533869986917 ], [ -96.515620637306881, 31.207870697262912 ], [ -96.513894041917865, 31.209131948326224 ], [ -96.512092635457122, 31.210314169264215 ], [ -96.510221355454576, 31.211414122712409 ], [ -96.508285330958628, 31.212428796694724 ], [ -96.50628986847785, 31.213355412847132 ], [ -96.504240437436195, 31.214191434002373 ], [ -96.5021426551817, 31.214934571115421 ], [ -96.500002271589722, 31.215582789510925 ], [ -96.497825153302884, 31.216134314435866 ], [ -96.495617267651099, 31.216587635902453 ], [ -96.493384666295455, 31.216941512808212 ], [ -96.491133468641095, 31.217194976322183 ], [ -96.488869845064315, 31.217347332528146 ], [ -96.4866, 31.217398164317693 ], [ -96.484330154935648, 31.217347332528146 ], [ -96.482066531358868, 31.217194976322183 ], [ -96.479815333704508, 31.216941512808212 ], [ -96.477582732348864, 31.216587635902453 ], [ -96.475374846697093, 31.216134314435866 ], [ -96.473197728410256, 31.215582789510925 ], [ -96.471057344818263, 31.214934571115421 ], [ -96.468959562563768, 31.214191434002373 ], [ -96.466910131522113, 31.213355412847132 ], [ -96.464914669041335, 31.212428796694724 ], [ -96.462978644545387, 31.211414122712409 ], [ -96.461107364542841, 31.210314169264215 ], [ -96.459305958082098, 31.209131948326224 ], [ -96.457579362693096, 31.207870697262912 ], [ -96.455932310853711, 31.206533869986917 ], [ -96.454369317018617, 31.205125127525946 ], [ -96.452894665245253, 31.203648328022389 ], [ -96.451512397451594, 31.202107516192637 ], [ -96.45022630233764, 31.200506912274658 ], [ -96.44903990500066, 31.198850900493685 ], [ -96.447956457273307, 31.197144017077381 ], [ -96.446978928810481, 31.195390937852853 ], [ -96.44610999894978, 31.193596465459244 ], [ -96.4453520493675, 31.191765516210687 ], [ -96.444707157550823, 31.189903106645193 ], [ -96.444177091103342, 31.188014339796215 ], [ -96.443763302900379, 31.186104391224237 ], [ -96.443466927106627, 31.184178494846424 ], [ -96.443288776067533, 31.182241928603073 ], [ -96.443229338082702, 31.1803 ] ] ] ] } },
{ "type": "Feature", "properties": { "fclty__": "Panther Creek Pyropower Unit (031) and Pyropower Unit 2 (032)", "plnt_nm": "Panther Creek Energy Facility", "utlty_n": "Panther Creek Power Operating, LLC", "strt_dd": "4 Dennison Road", "city": "Nesquehoning", "state": "Pennsylvania", "zip": 18240, "prm_src": "coal" }, "geometry": { "type": "MultiPolygon", "coordinates": [ [ [ [ -75.83472933808271, 40.8556 ], [ -75.834788776067541, 40.853883156338647 ], [ -75.834966927106635, 40.85217097411784 ], [ -75.835263302900401, 40.850468146856699 ], [ -75.835677091103378, 40.848779342790493 ], [ -75.836207157550845, 40.847109192065567 ], [ -75.836852049367522, 40.845462274034553 ], [ -75.837609998949787, 40.843843104687444 ], [ -75.838478928810503, 40.842256124252643 ], [ -75.839456457273329, 40.84070568500254 ], [ -75.840539905000682, 40.839196039297263 ], [ -75.841726302337662, 40.837731327899355 ], [ -75.843012397451616, 40.836315568592319 ], [ -75.844394665245275, 40.83495264513396 ], [ -75.845869317018639, 40.83364629657558 ], [ -75.847432310853719, 40.832400106976557 ], [ -75.849079362693104, 40.831217495542894 ], [ -75.850805958082134, 40.830101707217239 ], [ -75.852607364542862, 40.829055803746471 ], [ -75.854478644545409, 40.828082655251947 ], [ -75.856414669041371, 40.827184932325707 ], [ -75.858410131522149, 40.826365098674898 ], [ -75.86045956256379, 40.825625404334779 ], [ -75.862557344818299, 40.824967879469519 ], [ -75.864697728410263, 40.824394328777927 ], [ -75.866874846697115, 40.823906326519797 ], [ -75.8690827323489, 40.823505212177004 ], [ -75.87131533370453, 40.823192086761139 ], [ -75.87356653135889, 40.82296780977839 ], [ -75.87583015493567, 40.822832996860043 ], [ -75.8781, 40.822788018065097 ], [ -75.880369845064337, 40.822832996860043 ], [ -75.882633468641117, 40.82296780977839 ], [ -75.884884666295477, 40.823192086761139 ], [ -75.887117267651121, 40.823505212177004 ], [ -75.889325153302892, 40.823906326519797 ], [ -75.891502271589744, 40.824394328777927 ], [ -75.893642655181722, 40.824967879469519 ], [ -75.895740437436231, 40.825625404334779 ], [ -75.897789868477872, 40.826365098674898 ], [ -75.89978533095865, 40.827184932325707 ], [ -75.901721355454598, 40.828082655251947 ], [ -75.903592635457144, 40.829055803746471 ], [ -75.905394041917887, 40.830101707217239 ], [ -75.907120637306917, 40.831217495542894 ], [ -75.908767689146273, 40.832400106976557 ], [ -75.910330682981382, 40.83364629657558 ], [ -75.911805334754746, 40.83495264513396 ], [ -75.91318760254839, 40.836315568592319 ], [ -75.914473697662345, 40.837731327899355 ], [ -75.915660094999325, 40.839196039297263 ], [ -75.916743542726692, 40.84070568500254 ], [ -75.917721071189504, 40.842256124252643 ], [ -75.918590001050219, 40.843843104687444 ], [ -75.919347950632485, 40.845462274034553 ], [ -75.919992842449176, 40.847109192065567 ], [ -75.920522908896643, 40.848779342790493 ], [ -75.920936697099606, 40.850468146856699 ], [ -75.921233072893358, 40.85217097411784 ], [ -75.921411223932466, 40.853883156338647 ], [ -75.921470661917297, 40.8556 ], [ -75.921411223932466, 40.857316799169631 ], [ -75.921233072893358, 40.859028848402694 ], [ -75.920936697099606, 40.860731455637165 ], [ -75.920522908896643, 40.862419955048381 ], [ -75.919992842449176, 40.864089719827895 ], [ -75.919347950632485, 40.865736174851556 ], [ -75.918590001050219, 40.867354809202183 ], [ -75.917721071189504, 40.86894118851292 ], [ -75.916743542726692, 40.870490967097396 ], [ -75.915660094999325, 40.871999899833916 ], [ -75.914473697662345, 40.87346385377132 ], [ -75.91318760254839, 40.874878819425035 ], [ -75.911805334754746, 40.876240921732695 ], [ -75.910330682981382, 40.877546430639676 ], [ -75.908767689146273, 40.878791771286018 ], [ -75.907120637306917, 40.879973533766993 ], [ -75.905394041917887, 40.881088482441292 ], [ -75.903592635457144, 40.882133564761403 ], [ -75.901721355454598, 40.883105919602663 ], [ -75.89978533095865, 40.88400288506849 ], [ -75.897789868477872, 40.884822005750621 ], [ -75.895740437436231, 40.885561039425227 ], [ -75.893642655181722, 40.886217963166509 ], [ -75.891502271589744, 40.886790978861718 ], [ -75.889325153302892, 40.887278518112581 ], [ -75.887117267651121, 40.887679246510039 ], [ -75.884884666295477, 40.887992067270993 ], [ -75.882633468641117, 40.888216124227107 ], [ -75.880369845064337, 40.88835080415776 ], [ -75.8781, 40.888395738460979 ], [ -75.87583015493567, 40.88835080415776 ], [ -75.87356653135889, 40.888216124227107 ], [ -75.87131533370453, 40.887992067270993 ], [ -75.8690827323489, 40.887679246510039 ], [ -75.866874846697115, 40.887278518112581 ], [ -75.864697728410263, 40.886790978861718 ], [ -75.862557344818299, 40.886217963166509 ], [ -75.86045956256379, 40.885561039425227 ], [ -75.858410131522149, 40.884822005750621 ], [ -75.856414669041371, 40.88400288506849 ], [ -75.854478644545409, 40.883105919602663 ], [ -75.852607364542862, 40.882133564761403 ], [ -75.850805958082134, 40.881088482441292 ], [ -75.849079362693104, 40.879973533766993 ], [ -75.847432310853719, 40.878791771286018 ], [ -75.845869317018639, 40.877546430639676 ], [ -75.844394665245275, 40.876240921732695 ], [ -75.843012397451616, 40.874878819425035 ], [ -75.841726302337662, 40.87346385377132 ], [ -75.840539905000682, 40.871999899833916 ], [ -75.839456457273329, 40.870490967097396 ], [ -75.838478928810503, 40.86894118851292 ], [ -75.837609998949787, 40.867354809202183 ], [ -75.836852049367522, 40.865736174851556 ], [ -75.836207157550845, 40.864089719827895 ], [ -75.835677091103378, 40.862419955048381 ], [ -75.835263302900401, 40.860731455637165 ], [ -75.834966927106635, 40.859028848402701 ], [ -75.834788776067541, 40.857316799169631 ], [ -75.83472933808271, 40.8556 ] ] ] ] } },
{ "type": "Feature", "properties": { "fclty__": "Plant Daniel Electric Generating Unit 1 and Unit 2", "plnt_nm": "Victor J Daniel Jr", "utlty_n": "Mississippi Power Co", "strt_dd": "13201 Highway 63", "city": "Escatawpa", "state": "Mississippi", "zip": 39552, "prm_src": "natural gas" }, "geometry": { "type": "MultiPolygon", "coordinates": [ [ [ [ -88.511929338082709, 30.5322 ], [ -88.51198877606754, 30.530244863375863 ], [ -88.512166927106634, 30.528295046459824 ], [ -88.5124633029004, 30.526355894049079 ], [ -88.512877091103363, 30.524432722026276 ], [ -88.513407157550844, 30.522530802780274 ], [ -88.514052049367521, 30.520655350742707 ], [ -88.514809998949787, 30.518811508080244 ], [ -88.515678928810502, 30.517004330581752 ], [ -88.516656457273314, 30.515238773779487 ], [ -88.517739905000681, 30.513519679342341 ], [ -88.518926302337661, 30.511851761778878 ], [ -88.520212397451616, 30.510239595486777 ], [ -88.521594665245274, 30.508687602184626 ], [ -88.523069317018638, 30.507200038760729 ], [ -88.524632310853718, 30.505780985572521 ], [ -88.526279362693103, 30.504434335229291 ], [ -88.528005958082133, 30.503163781888968 ], [ -88.529807364542862, 30.501972811098977 ], [ -88.531678644545408, 30.50086469020918 ], [ -88.533614669041356, 30.499842459383661 ], [ -88.535610131522148, 30.498908923236279 ], [ -88.537659562563789, 30.498066643113344 ], [ -88.539757344818298, 30.497317930044723 ], [ -88.541897728410262, 30.496664838383317 ], [ -88.5440748466971, 30.49610916015024 ], [ -88.546282732348885, 30.495652420101798 ], [ -88.548515333704529, 30.495295871531809 ], [ -88.550766531358889, 30.495040492821101 ], [ -88.553030154935669, 30.494886984743715 ], [ -88.5553, 30.494835768537396 ], [ -88.557569845064336, 30.494886984743715 ], [ -88.559833468641116, 30.495040492821101 ], [ -88.562084666295476, 30.495295871531809 ], [ -88.56431726765112, 30.495652420101798 ], [ -88.566525153302891, 30.49610916015024 ], [ -88.568702271589729, 30.496664838383317 ], [ -88.570842655181721, 30.497317930044723 ], [ -88.572940437436216, 30.498066643113344 ], [ -88.574989868477871, 30.498908923236279 ], [ -88.576985330958649, 30.499842459383661 ], [ -88.578921355454597, 30.50086469020918 ], [ -88.580792635457144, 30.501972811098977 ], [ -88.582594041917886, 30.503163781888968 ], [ -88.584320637306902, 30.504434335229291 ], [ -88.585967689146273, 30.505780985572521 ], [ -88.587530682981367, 30.507200038760729 ], [ -88.589005334754731, 30.508687602184626 ], [ -88.59038760254839, 30.510239595486777 ], [ -88.591673697662344, 30.511851761778878 ], [ -88.592860094999324, 30.513519679342341 ], [ -88.593943542726691, 30.515238773779487 ], [ -88.594921071189503, 30.517004330581752 ], [ -88.595790001050204, 30.518811508080244 ], [ -88.596547950632484, 30.520655350742707 ], [ -88.597192842449175, 30.522530802780274 ], [ -88.597722908896642, 30.524432722026276 ], [ -88.598136697099605, 30.526355894049079 ], [ -88.598433072893357, 30.528295046459824 ], [ -88.598611223932465, 30.530244863375863 ], [ -88.598670661917282, 30.5322 ], [ -88.598611223932465, 30.53415509727553 ], [ -88.598433072893357, 30.536104796576883 ], [ -88.598136697099605, 30.538043754395471 ], [ -88.597722908896642, 30.539966656980617 ], [ -88.597192842449175, 30.541868234895517 ], [ -88.596547950632484, 30.543743277448201 ], [ -88.595790001050204, 30.545586646958419 ], [ -88.594921071189503, 30.547393292821258 ], [ -88.593943542726691, 30.549158265329172 ], [ -88.592860094999324, 30.550876729214917 ], [ -88.591673697662344, 30.552543976878408 ], [ -88.59038760254839, 30.554155441261511 ], [ -88.589005334754731, 30.555706708335901 ], [ -88.587530682981367, 30.557193529169989 ], [ -88.585967689146273, 30.558611831542301 ], [ -88.584320637306902, 30.559957731069648 ], [ -88.582594041917886, 30.561227541820198 ], [ -88.580792635457144, 30.5624177863825 ], [ -88.578921355454597, 30.563525205363373 ], [ -88.576985330958649, 30.564546766289023 ], [ -88.574989868477871, 30.565479671885122 ], [ -88.572940437436216, 30.566321367713833 ], [ -88.570842655181721, 30.567069549146915 ], [ -88.568702271589729, 30.567722167656196 ], [ -88.566525153302891, 30.568277436404507 ], [ -88.56431726765112, 30.568733835121936 ], [ -88.562084666295476, 30.569090114254362 ], [ -88.559833468641116, 30.569345298372969 ], [ -88.557569845064336, 30.569498688835704 ], [ -88.5553, 30.569549865693435 ], [ -88.553030154935669, 30.569498688835704 ], [ -88.550766531358889, 30.569345298372969 ], [ -88.548515333704529, 30.569090114254362 ], [ -88.546282732348885, 30.568733835121936 ], [ -88.5440748466971, 30.568277436404507 ], [ -88.541897728410262, 30.567722167656196 ], [ -88.539757344818298, 30.567069549146915 ], [ -88.537659562563789, 30.566321367713833 ], [ -88.535610131522148, 30.565479671885122 ], [ -88.533614669041356, 30.564546766289023 ], [ -88.531678644545408, 30.563525205363373 ], [ -88.529807364542862, 30.5624177863825 ], [ -88.528005958082133, 30.561227541820198 ], [ -88.526279362693103, 30.559957731069648 ], [ -88.524632310853718, 30.558611831542301 ], [ -88.523069317018638, 30.557193529169989 ], [ -88.521594665245274, 30.555706708335901 ], [ -88.520212397451616, 30.554155441261511 ], [ -88.518926302337661, 30.552543976878408 ], [ -88.517739905000681, 30.550876729214917 ], [ -88.516656457273314, 30.549158265329172 ], [ -88.515678928810502, 30.547393292821258 ], [ -88.514809998949787, 30.545586646958419 ], [ -88.514052049367521, 30.543743277448201 ], [ -88.513407157550844, 30.541868234895517 ], [ -88.512877091103363, 30.539966656980617 ], [ -88.5124633029004, 30.538043754395471 ], [ -88.512166927106634, 30.536104796576883 ], [ -88.51198877606754, 30.53415509727553 ], [ -88.511929338082709, 30.5322 ] ] ] ] } },
{ "type": "Feature", "properties": { "fclty__": "Plum Point Generation Station", "plnt_nm": "Plum Point Energy Station", "utlty_n": "NRG Energy Services - Plum Point", "strt_dd": "2732A South County Road 623", "city": "Osceola", "state": "Arkansas", "zip": 72370, "prm_src": "coal" }, "geometry": { "type": "MultiPolygon", "coordinates": [ [ [ [ -89.905529338082687, 35.6644 ], [ -89.905588776067532, 35.662555852282061 ], [ -89.905766927106626, 35.660716716825576 ], [ -89.906063302900392, 35.658887635096889 ], [ -89.906477091103341, 35.657073621347976 ], [ -89.907007157550822, 35.655279648863321 ], [ -89.907652049367513, 35.653510636315211 ], [ -89.908409998949764, 35.651771434265513 ], [ -89.909278928810494, 35.650066811850529 ], [ -89.910256457273306, 35.648401443686083 ], [ -89.911339905000673, 35.646779897028907 ], [ -89.912526302337639, 35.645206619229477 ], [ -89.913812397451608, 35.643685925511598 ], [ -89.915194665245252, 35.642221987111881 ], [ -89.916669317018616, 35.640818819812594 ], [ -89.91823231085371, 35.639480272899242 ], [ -89.919879362693081, 35.638210018573801 ], [ -89.921605958082097, 35.637011541852928 ], [ -89.92340736454284, 35.635888130979197 ], [ -89.925278644545401, 35.634842868372054 ], [ -89.927214669041334, 35.63387862214384 ], [ -89.929210131522126, 35.632998038204263 ], [ -89.931259562563753, 35.632203532975538 ], [ -89.933357344818262, 35.631497286738451 ], [ -89.935497728410255, 35.63088123762796 ], [ -89.937674846697092, 35.630357076294949 ], [ -89.939882732348877, 35.629926241249294 ], [ -89.942115333704507, 35.629589914897053 ], [ -89.944366531358867, 35.629349020282937 ], [ -89.946630154935647, 35.629204218547287 ], [ -89.9489, 35.629155907104334 ], [ -89.951169845064328, 35.629204218547287 ], [ -89.953433468641109, 35.629349020282937 ], [ -89.955684666295468, 35.629589914897053 ], [ -89.957917267651098, 35.629926241249294 ], [ -89.960125153302869, 35.630357076294949 ], [ -89.962302271589721, 35.63088123762796 ], [ -89.964442655181699, 35.631497286738451 ], [ -89.966540437436208, 35.632203532975538 ], [ -89.968589868477835, 35.632998038204263 ], [ -89.970585330958627, 35.63387862214384 ], [ -89.972521355454575, 35.634842868372054 ], [ -89.974392635457136, 35.635888130979197 ], [ -89.976194041917864, 35.637011541852928 ], [ -89.97792063730688, 35.638210018573801 ], [ -89.979567689146265, 35.639480272899242 ], [ -89.981130682981345, 35.640818819812594 ], [ -89.982605334754723, 35.642221987111881 ], [ -89.983987602548368, 35.643685925511598 ], [ -89.985273697662322, 35.645206619229477 ], [ -89.986460094999302, 35.646779897028907 ], [ -89.987543542726669, 35.648401443686083 ], [ -89.988521071189481, 35.650066811850529 ], [ -89.989390001050197, 35.651771434265513 ], [ -89.990147950632462, 35.653510636315211 ], [ -89.990792842449139, 35.655279648863321 ], [ -89.99132290889662, 35.657073621347976 ], [ -89.991736697099583, 35.658887635096889 ], [ -89.992033072893349, 35.660716716825576 ], [ -89.992211223932443, 35.662555852282061 ], [ -89.992270661917274, 35.6644 ], [ -89.992211223932443, 35.666244105122793 ], [ -89.992033072893349, 35.668083113260543 ], [ -89.991736697099583, 35.669911984341837 ], [ -89.99132290889662, 35.671725706422585 ], [ -89.990792842449139, 35.673519309413898 ], [ -89.990147950632462, 35.675287878691712 ], [ -89.989390001050197, 35.677026568550744 ], [ -89.988521071189481, 35.678730615466364 ], [ -89.987543542726669, 35.680395351128027 ], [ -89.986460094999302, 35.682016215208854 ], [ -89.985273697662322, 35.683588767836788 ], [ -89.983987602548368, 35.685108701733199 ], [ -89.982605334754723, 35.686571853986209 ], [ -89.981130682981345, 35.687974217426742 ], [ -89.979567689146265, 35.689311951576556 ], [ -89.97792063730688, 35.690581393138459 ], [ -89.976194041917864, 35.691779066000613 ], [ -89.974392635457136, 35.692901690727702 ], [ -89.972521355454575, 35.693946193513433 ], [ -89.970585330958627, 35.694909714570258 ], [ -89.968589868477835, 35.695789615933592 ], [ -89.966540437436208, 35.696583488659648 ], [ -89.964442655181699, 35.697289159397478 ], [ -89.962302271589721, 35.697904696317416 ], [ -89.960125153302869, 35.698428414380253 ], [ -89.957917267651098, 35.698858879932644 ], [ -89.955684666295468, 35.699194914616804 ], [ -89.953433468641109, 35.699435598583577 ], [ -89.951169845064328, 35.699580273000535 ], [ -89.9489, 35.699628541848355 ], [ -89.946630154935647, 35.699580273000535 ], [ -89.944366531358867, 35.699435598583577 ], [ -89.942115333704507, 35.699194914616804 ], [ -89.939882732348877, 35.698858879932644 ], [ -89.937674846697092, 35.698428414380253 ], [ -89.935497728410255, 35.697904696317416 ], [ -89.933357344818262, 35.697289159397478 ], [ -89.931259562563753, 35.696583488659648 ], [ -89.929210131522126, 35.695789615933592 ], [ -89.927214669041334, 35.694909714570258 ], [ -89.925278644545401, 35.693946193513433 ], [ -89.92340736454284, 35.692901690727702 ], [ -89.921605958082097, 35.691779066000613 ], [ -89.919879362693081, 35.690581393138459 ], [ -89.91823231085371, 35.689311951576556 ], [ -89.916669317018616, 35.687974217426742 ], [ -89.915194665245252, 35.686571853986209 ], [ -89.913812397451608, 35.685108701733199 ], [ -89.912526302337639, 35.683588767836788 ], [ -89.911339905000673, 35.682016215208854 ], [ -89.910256457273306, 35.680395351128027 ], [ -89.909278928810494, 35.678730615466364 ], [ -89.908409998949764, 35.677026568550744 ], [ -89.907652049367513, 35.675287878691712 ], [ -89.907007157550822, 35.673519309413898 ], [ -89.906477091103341, 35.671725706422585 ], [ -89.906063302900392, 35.669911984341837 ], [ -89.905766927106626, 35.668083113260543 ], [ -89.905588776067532, 35.666244105122793 ], [ -89.905529338082687, 35.6644 ] ] ] ] } },
{ "type": "Feature", "properties": { "fclty__": "Powerton Electric Generating Station", "plnt_nm": "Powerton", "utlty_n": "Midwest Generations EME LLC", "strt_dd": "Rt 29 & Manito Rd", "city": "Pekin", "state": "Illinois", "zip": 61554, "prm_src": "coal" }, "geometry": { "type": "MultiPolygon", "coordinates": [ [ [ [ -89.635229338082709, 40.5408 ], [ -89.63528877606754, 40.539075024232105 ], [ -89.635466927106634, 40.537354732267936 ], [ -89.635763302900401, 40.535643839853975 ], [ -89.636177091103363, 40.533947037330051 ], [ -89.636707157550845, 40.532268976763653 ], [ -89.637352049367522, 40.53061425918515 ], [ -89.638109998949787, 40.5289874219594 ], [ -89.638978928810502, 40.527392926328289 ], [ -89.639956457273328, 40.52583514515878 ], [ -89.641039905000682, 40.52431835093013 ], [ -89.642226302337662, 40.522846703993693 ], [ -89.643512397451616, 40.521424241137595 ], [ -89.644894665245261, 40.520054864488166 ], [ -89.646369317018639, 40.518742330778885 ], [ -89.647932310853719, 40.517490241016404 ], [ -89.649579362693103, 40.516302030572888 ], [ -89.651305958082119, 40.515180959731637 ], [ -89.653107364542848, 40.514130104712812 ], [ -89.654978644545409, 40.51315234920397 ], [ -89.656914669041356, 40.51225037641921 ], [ -89.658910131522148, 40.511426661709031 ], [ -89.660959562563789, 40.510683465741543 ], [ -89.663057344818284, 40.510022828274082 ], [ -89.665197728410263, 40.509446562532737 ], [ -89.667374846697115, 40.508956250215412 ], [ -89.6695827323489, 40.508553237132482 ], [ -89.671815333704515, 40.508238629497221 ], [ -89.674066531358889, 40.508013290876377 ], [ -89.67633015493567, 40.507877839809581 ], [ -89.6786, 40.507832648104078 ], [ -89.680869845064336, 40.507877839809581 ], [ -89.683133468641117, 40.508013290876377 ], [ -89.685384666295477, 40.508238629497221 ], [ -89.68761726765112, 40.508553237132482 ], [ -89.689825153302891, 40.508956250215412 ], [ -89.692002271589729, 40.509446562532737 ], [ -89.694142655181722, 40.510022828274082 ], [ -89.696240437436231, 40.510683465741543 ], [ -89.698289868477858, 40.511426661709031 ], [ -89.70028533095865, 40.51225037641921 ], [ -89.702221355454597, 40.51315234920397 ], [ -89.704092635457144, 40.514130104712812 ], [ -89.705894041917887, 40.515180959731637 ], [ -89.707620637306903, 40.516302030572888 ], [ -89.709267689146273, 40.517490241016404 ], [ -89.710830682981367, 40.518742330778885 ], [ -89.712305334754745, 40.520054864488166 ], [ -89.713687602548376, 40.521424241137595 ], [ -89.714973697662344, 40.522846703993693 ], [ -89.71616009499931, 40.52431835093013 ], [ -89.717243542726678, 40.52583514515878 ], [ -89.718221071189504, 40.527392926328289 ], [ -89.719090001050219, 40.5289874219594 ], [ -89.71984795063247, 40.53061425918515 ], [ -89.720492842449175, 40.532268976763653 ], [ -89.721022908896643, 40.533947037330051 ], [ -89.721436697099591, 40.535643839853975 ], [ -89.721733072893358, 40.537354732267936 ], [ -89.721911223932452, 40.539075024232105 ], [ -89.721970661917297, 40.5408 ], [ -89.721911223932452, 40.542524931350066 ], [ -89.721733072893358, 40.544245090547413 ], [ -89.721436697099591, 40.545955763300206 ], [ -89.721022908896643, 40.547652261675246 ], [ -89.720492842449175, 40.549329936937362 ], [ -89.71984795063247, 40.550984192277667 ], [ -89.719090001050219, 40.552610495395683 ], [ -89.718221071189504, 40.554204390901312 ], [ -89.717243542726678, 40.555761512502713 ], [ -89.71616009499931, 40.557277594946974 ], [ -89.714973697662344, 40.558748485681228 ], [ -89.713687602548376, 40.560170156202432 ], [ -89.712305334754745, 40.561538713065254 ], [ -89.710830682981367, 40.562850408517988 ], [ -89.709267689146273, 40.564101650738067 ], [ -89.707620637306903, 40.565289013639195 ], [ -89.705894041917887, 40.56640924622392 ], [ -89.704092635457144, 40.567459281456195 ], [ -89.702221355454597, 40.568436244630213 ], [ -89.70028533095865, 40.569337461212868 ], [ -89.698289868477858, 40.570160464138745 ], [ -89.696240437436231, 40.570903000538223 ], [ -89.694142655181722, 40.57156303788031 ], [ -89.692002271589729, 40.572138769514012 ], [ -89.689825153302891, 40.572628619593232 ], [ -89.68761726765112, 40.573031247371965 ], [ -89.685384666295477, 40.573345550858406 ], [ -89.683133468641117, 40.573570669818125 ], [ -89.680869845064336, 40.573705988118135 ], [ -89.6786, 40.573751135405828 ], [ -89.67633015493567, 40.573705988118135 ], [ -89.674066531358889, 40.573570669818125 ], [ -89.671815333704515, 40.573345550858406 ], [ -89.6695827323489, 40.573031247371965 ], [ -89.667374846697115, 40.572628619593232 ], [ -89.665197728410263, 40.572138769514012 ], [ -89.663057344818284, 40.57156303788031 ], [ -89.660959562563789, 40.570903000538223 ], [ -89.658910131522148, 40.570160464138745 ], [ -89.656914669041356, 40.569337461212868 ], [ -89.654978644545409, 40.568436244630213 ], [ -89.653107364542848, 40.567459281456195 ], [ -89.651305958082119, 40.56640924622392 ], [ -89.649579362693103, 40.565289013639195 ], [ -89.647932310853719, 40.564101650738067 ], [ -89.646369317018639, 40.562850408517988 ], [ -89.644894665245261, 40.561538713065254 ], [ -89.643512397451616, 40.560170156202432 ], [ -89.642226302337662, 40.558748485681228 ], [ -89.641039905000682, 40.557277594946974 ], [ -89.639956457273328, 40.555761512502713 ], [ -89.638978928810502, 40.554204390901312 ], [ -89.638109998949787, 40.552610495395683 ], [ -89.637352049367522, 40.550984192277667 ], [ -89.636707157550845, 40.549329936937362 ], [ -89.636177091103363, 40.547652261675246 ], [ -89.635763302900401, 40.545955763300206 ], [ -89.635466927106634, 40.544245090547413 ], [ -89.63528877606754, 40.542524931350066 ], [ -89.635229338082709, 40.5408 ] ] ] ] } },
{ "type": "Feature", "properties": { "fclty__": "Rausch Creek Generation Fluidized Bed Boiler (031)", "plnt_nm": "Westwood Generation LLC", "utlty_n": "Rausch Creek Generation, LLC", "strt_dd": "PO Box 312", "city": "Tremont", "state": "Pennsylvania", "zip": 17981, "prm_src": "coal" }, "geometry": { "type": "MultiPolygon", "coordinates": [ [ [ [ -76.406629338082723, 40.6191 ], [ -76.406688776067554, 40.617377042069847 ], [ -76.406866927106648, 40.615658762393849 ], [ -76.4071633029004, 40.613949871203168 ], [ -76.407577091103363, 40.612255053352797 ], [ -76.408107157550845, 40.610578955470906 ], [ -76.408752049367521, 40.608926173208935 ], [ -76.409509998949801, 40.60730123862799 ], [ -76.410378928810502, 40.605708607755879 ], [ -76.411356457273328, 40.604152648349398 ], [ -76.412439905000682, 40.602637627895668 ], [ -76.413626302337661, 40.601167701885466 ], [ -76.414912397451616, 40.59974690239131 ], [ -76.416294665245275, 40.598379126981754 ], [ -76.417769317018639, 40.597068128002803 ], [ -76.419332310853733, 40.595817502256047 ], [ -76.420979362693117, 40.594630681102309 ], [ -76.422705958082119, 40.593510921018463 ], [ -76.424507364542862, 40.592461294633431 ], [ -76.426378644545409, 40.591484682268614 ], [ -76.428314669041356, 40.590583764006212 ], [ -76.430310131522134, 40.589761012307726 ], [ -76.432359562563789, 40.589018685202902 ], [ -76.434457344818284, 40.588358820068784 ], [ -76.436597728410277, 40.587783228015603 ], [ -76.438774846697115, 40.587293488895661 ], [ -76.440982732348886, 40.586890946949048 ], [ -76.443215333704529, 40.586576707098367 ], [ -76.445466531358889, 40.586351631902836 ], [ -76.44773015493567, 40.586216339180453 ], [ -76.45, 40.586171200304648 ], [ -76.452269845064336, 40.586216339180453 ], [ -76.454533468641117, 40.586351631902836 ], [ -76.456784666295476, 40.586576707098367 ], [ -76.45901726765112, 40.586890946949048 ], [ -76.461225153302905, 40.587293488895661 ], [ -76.463402271589743, 40.587783228015603 ], [ -76.465542655181721, 40.588358820068784 ], [ -76.467640437436216, 40.589018685202902 ], [ -76.469689868477872, 40.589761012307726 ], [ -76.47168533095865, 40.590583764006212 ], [ -76.473621355454597, 40.591484682268614 ], [ -76.475492635457144, 40.592461294633431 ], [ -76.477294041917887, 40.593510921018463 ], [ -76.479020637306903, 40.594630681102309 ], [ -76.480667689146287, 40.595817502256047 ], [ -76.482230682981367, 40.597068128002803 ], [ -76.483705334754731, 40.598379126981754 ], [ -76.48508760254839, 40.59974690239131 ], [ -76.486373697662344, 40.601167701885466 ], [ -76.487560094999324, 40.602637627895668 ], [ -76.488643542726692, 40.604152648349398 ], [ -76.489621071189504, 40.605708607755879 ], [ -76.490490001050219, 40.60730123862799 ], [ -76.491247950632484, 40.608926173208935 ], [ -76.491892842449161, 40.610578955470906 ], [ -76.492422908896643, 40.612255053352797 ], [ -76.492836697099605, 40.613949871203168 ], [ -76.493133072893372, 40.615658762393849 ], [ -76.493311223932466, 40.617377042069847 ], [ -76.493370661917297, 40.6191 ], [ -76.493311223932466, 40.620822913493456 ], [ -76.493133072893372, 40.622541060346194 ], [ -76.492836697099605, 40.624249731782321 ], [ -76.492422908896643, 40.625944245354482 ], [ -76.491892842449161, 40.627619957768275 ], [ -76.491247950632484, 40.629272277595504 ], [ -76.490490001050219, 40.630896677841633 ], [ -76.489621071189504, 40.632488708333121 ], [ -76.488643542726692, 40.634044007891063 ], [ -76.487560094999324, 40.635558316257786 ], [ -76.486373697662344, 40.637027485744277 ], [ -76.48508760254839, 40.638447492566669 ], [ -76.483705334754731, 40.639814447841076 ], [ -76.482230682981367, 40.641124608207058 ], [ -76.480667689146287, 40.642374386051088 ], [ -76.479020637306903, 40.643560359302072 ], [ -76.477294041917887, 40.644679280772991 ], [ -76.475492635457144, 40.645728087022931 ], [ -76.473621355454597, 40.646703906716041 ], [ -76.47168533095865, 40.647604068454811 ], [ -76.469689868477872, 40.648426108066388 ], [ -76.467640437436216, 40.649167775322766 ], [ -76.465542655181721, 40.649827040076353 ], [ -76.463402271589743, 40.65040209779481 ], [ -76.461225153302905, 40.650891374480118 ], [ -76.45901726765112, 40.651293530958711 ], [ -76.456784666295476, 40.651607466531253 ], [ -76.454533468641117, 40.651832321972265 ], [ -76.452269845064336, 40.651967481871424 ], [ -76.45, 40.652012576310533 ], [ -76.44773015493567, 40.651967481871424 ], [ -76.445466531358889, 40.651832321972265 ], [ -76.443215333704529, 40.651607466531253 ], [ -76.440982732348886, 40.651293530958711 ], [ -76.438774846697115, 40.650891374480118 ], [ -76.436597728410277, 40.65040209779481 ], [ -76.434457344818284, 40.649827040076353 ], [ -76.432359562563789, 40.649167775322766 ], [ -76.430310131522134, 40.648426108066388 ], [ -76.428314669041356, 40.647604068454811 ], [ -76.426378644545409, 40.646703906716041 ], [ -76.424507364542862, 40.645728087022931 ], [ -76.422705958082119, 40.644679280772991 ], [ -76.420979362693117, 40.643560359302072 ], [ -76.419332310853733, 40.642374386051088 ], [ -76.417769317018639, 40.641124608207058 ], [ -76.416294665245275, 40.639814447841076 ], [ -76.414912397451616, 40.638447492566669 ], [ -76.413626302337661, 40.637027485744277 ], [ -76.412439905000682, 40.635558316257786 ], [ -76.411356457273328, 40.634044007891063 ], [ -76.410378928810502, 40.632488708333121 ], [ -76.409509998949801, 40.630896677841633 ], [ -76.408752049367521, 40.629272277595504 ], [ -76.408107157550845, 40.627619957768275 ], [ -76.407577091103363, 40.625944245354482 ], [ -76.4071633029004, 40.624249731782321 ], [ -76.406866927106648, 40.622541060346201 ], [ -76.406688776067554, 40.620822913493456 ], [ -76.406629338082723, 40.6191 ] ] ] ] } },
{ "type": "Feature", "properties": { "fclty__": "Red Hills Generating Facility", "plnt_nm": "Red Hills Generating Facility", "utlty_n": "Choctaw Generation L.P, L.L.L.P.", "strt_dd": "2391 Pensacola Road", "city": "Ackerman", "state": "Mississippi", "zip": 39735, "prm_src": "coal" }, "geometry": { "type": "MultiPolygon", "coordinates": [ [ [ [ -89.174929338082705, 33.3761 ], [ -89.174988776067536, 33.374204482996717 ], [ -89.175166927106631, 33.372314120333833 ], [ -89.175463302900397, 33.370434093872348 ], [ -89.175877091103359, 33.36856955747438 ], [ -89.176407157550827, 33.366725622867527 ], [ -89.177052049367504, 33.364907345621262 ], [ -89.177809998949769, 33.363119711273768 ], [ -89.178678928810484, 33.361367621647638 ], [ -89.17965645727331, 33.359655881391824 ], [ -89.180739905000678, 33.357989184787449 ], [ -89.181926302337644, 33.356372102853378 ], [ -89.183212397451612, 33.354809070787631 ], [ -89.184594665245257, 33.353304375779139 ], [ -89.186069317018621, 33.351862145223727 ], [ -89.187632310853729, 33.350486335376893 ], [ -89.189279362693085, 33.349180720474912 ], [ -89.191005958082116, 33.347948882354459 ], [ -89.192807364542858, 33.346794200599604 ], [ -89.194678644545391, 33.345719843243515 ], [ -89.196614669041352, 33.344728758050884 ], [ -89.19861013152213, 33.343823664405072 ], [ -89.200659562563771, 33.34300704582293 ], [ -89.202757344818281, 33.342281143117837 ], [ -89.204897728410259, 33.341647948230239 ], [ -89.207074846697111, 33.341109198742764 ], [ -89.209282732348882, 33.340666373095303 ], [ -89.211515333704511, 33.340320686513422 ], [ -89.213766531358871, 33.34007308766131 ], [ -89.216030154935652, 33.339924256028958 ], [ -89.2183, 33.339874600060462 ], [ -89.220569845064333, 33.339924256028958 ], [ -89.222833468641113, 33.34007308766131 ], [ -89.225084666295473, 33.340320686513422 ], [ -89.227317267651102, 33.340666373095303 ], [ -89.229525153302887, 33.341109198742764 ], [ -89.231702271589739, 33.341647948230239 ], [ -89.233842655181704, 33.342281143117837 ], [ -89.235940437436213, 33.34300704582293 ], [ -89.237989868477854, 33.343823664405072 ], [ -89.239985330958632, 33.344728758050884 ], [ -89.241921355454593, 33.345719843243515 ], [ -89.243792635457126, 33.346794200599604 ], [ -89.245594041917869, 33.347948882354459 ], [ -89.247320637306899, 33.349180720474912 ], [ -89.248967689146255, 33.350486335376893 ], [ -89.250530682981363, 33.351862145223727 ], [ -89.252005334754728, 33.353304375779139 ], [ -89.253387602548372, 33.354809070787631 ], [ -89.254673697662341, 33.356372102853378 ], [ -89.255860094999306, 33.357989184787449 ], [ -89.256943542726674, 33.359655881391824 ], [ -89.2579210711895, 33.361367621647638 ], [ -89.258790001050215, 33.363119711273768 ], [ -89.259547950632481, 33.364907345621262 ], [ -89.260192842449158, 33.366725622867527 ], [ -89.260722908896625, 33.36856955747438 ], [ -89.261136697099602, 33.370434093872348 ], [ -89.261433072893354, 33.372314120333833 ], [ -89.261611223932448, 33.374204482996717 ], [ -89.261670661917279, 33.3761 ], [ -89.261611223932448, 33.377995475692458 ], [ -89.261433072893354, 33.379885714875499 ], [ -89.261136697099602, 33.381765537040991 ], [ -89.260722908896625, 33.383629790565109 ], [ -89.260192842449158, 33.385473366819504 ], [ -89.259547950632481, 33.387291214160882 ], [ -89.258790001050215, 33.389078351761185 ], [ -89.2579210711895, 33.390829883240301 ], [ -89.256943542726674, 33.39254101006442 ], [ -89.255860094999306, 33.394207044673344 ], [ -89.254673697662341, 33.395823423301152 ], [ -89.253387602548372, 33.397385718455425 ], [ -89.252005334754728, 33.398889651020951 ], [ -89.250530682981363, 33.400331101955402 ], [ -89.248967689146255, 33.401706123544983 ], [ -89.247320637306899, 33.403010950189724 ], [ -89.245594041917869, 33.404242008689259 ], [ -89.243792635457126, 33.405395928001212 ], [ -89.241921355454593, 33.406469548445891 ], [ -89.239985330958632, 33.407459930332365 ], [ -89.237989868477854, 33.408364361982827 ], [ -89.235940437436213, 33.409180367133409 ], [ -89.233842655181704, 33.4099057116916 ], [ -89.231702271589739, 33.410538409832121 ], [ -89.229525153302887, 33.411076729414816 ], [ -89.227317267651102, 33.411519196709911 ], [ -89.225084666295473, 33.411864600418042 ], [ -89.222833468641113, 33.412111994974204 ], [ -89.220569845064333, 33.412260703126748 ], [ -89.2183, 33.412310317784438 ], [ -89.216030154935652, 33.412260703126748 ], [ -89.213766531358871, 33.412111994974204 ], [ -89.211515333704511, 33.411864600418042 ], [ -89.209282732348882, 33.411519196709911 ], [ -89.207074846697111, 33.411076729414816 ], [ -89.204897728410259, 33.410538409832121 ], [ -89.202757344818281, 33.4099057116916 ], [ -89.200659562563771, 33.409180367133409 ], [ -89.19861013152213, 33.408364361982827 ], [ -89.196614669041352, 33.407459930332365 ], [ -89.194678644545391, 33.406469548445891 ], [ -89.192807364542858, 33.405395928001212 ], [ -89.191005958082116, 33.404242008689259 ], [ -89.189279362693085, 33.403010950189724 ], [ -89.187632310853729, 33.401706123544983 ], [ -89.186069317018621, 33.400331101955402 ], [ -89.184594665245257, 33.398889651020951 ], [ -89.183212397451612, 33.397385718455425 ], [ -89.181926302337644, 33.395823423301152 ], [ -89.180739905000678, 33.394207044673344 ], [ -89.17965645727331, 33.39254101006442 ], [ -89.178678928810484, 33.390829883240301 ], [ -89.177809998949769, 33.389078351761185 ], [ -89.177052049367504, 33.387291214160882 ], [ -89.176407157550827, 33.385473366819504 ], [ -89.175877091103359, 33.383629790565109 ], [ -89.175463302900397, 33.381765537040991 ], [ -89.175166927106631, 33.379885714875499 ], [ -89.174988776067536, 33.377995475692458 ], [ -89.174929338082705, 33.3761 ] ] ] ] } },
{ "type": "Feature", "properties": { "fclty__": "River Valley Common Stack CS 1", "plnt_nm": "River Valley", "utlty_n": "Oklahoma Gas & Electric Co", "strt_dd": "PO Box 1740", "city": "Panama", "state": "Oklahoma", "zip": 74951, "prm_src": "coal" }, "geometry": { "type": "MultiPolygon", "coordinates": [ [ [ [ -94.6024293380827, 35.1931 ], [ -94.602488776067545, 35.191245028953908 ], [ -94.602666927106625, 35.189395100076879 ], [ -94.602963302900392, 35.18755528441632 ], [ -94.603377091103354, 35.185730625640304 ], [ -94.603907157550836, 35.183926126203808 ], [ -94.604552049367513, 35.182146733624172 ], [ -94.605309998949778, 35.180397326903851 ], [ -94.606178928810493, 35.178682703137483 ], [ -94.607156457273319, 35.177007564340499 ], [ -94.608239905000673, 35.175376504535414 ], [ -94.609426302337653, 35.173793997131689 ], [ -94.610712397451607, 35.172264382633806 ], [ -94.612094665245252, 35.170791856711858 ], [ -94.61356931701863, 35.169380458667504 ], [ -94.615132310853724, 35.168034060327308 ], [ -94.616779362693094, 35.16675635539444 ], [ -94.61850595808211, 35.165550849288088 ], [ -94.620307364542853, 35.164420849499045 ], [ -94.6221786445454, 35.163369456488077 ], [ -94.624114669041347, 35.162399555152703 ], [ -94.62611013152214, 35.161513806885878 ], [ -94.628159562563766, 35.160714642248877 ], [ -94.630257344818276, 35.160004254278768 ], [ -94.632397728410254, 35.159384592449172 ], [ -94.634574846697106, 35.15885735730118 ], [ -94.636782732348891, 35.158423995759364 ], [ -94.639015333704506, 35.158085697146056 ], [ -94.641266531358866, 35.157843389904968 ], [ -94.643530154935647, 35.157697739043378 ], [ -94.6458, 35.157649144299953 ], [ -94.648069845064327, 35.157697739043378 ], [ -94.650333468641122, 35.157843389904968 ], [ -94.652584666295468, 35.158085697146056 ], [ -94.654817267651111, 35.158423995759364 ], [ -94.657025153302882, 35.15885735730118 ], [ -94.659202271589734, 35.159384592449172 ], [ -94.661342655181713, 35.160004254278768 ], [ -94.663440437436222, 35.160714642248877 ], [ -94.665489868477849, 35.161513806885878 ], [ -94.667485330958641, 35.162399555152703 ], [ -94.669421355454588, 35.163369456488077 ], [ -94.671292635457135, 35.164420849499045 ], [ -94.673094041917878, 35.165550849288088 ], [ -94.674820637306894, 35.16675635539444 ], [ -94.676467689146264, 35.168034060327308 ], [ -94.678030682981358, 35.169380458667504 ], [ -94.679505334754737, 35.170791856711858 ], [ -94.680887602548367, 35.172264382633806 ], [ -94.682173697662336, 35.173793997131689 ], [ -94.683360094999301, 35.175376504535414 ], [ -94.684443542726669, 35.177007564340499 ], [ -94.685421071189495, 35.178682703137483 ], [ -94.68629000105021, 35.180397326903851 ], [ -94.687047950632461, 35.182146733624172 ], [ -94.687692842449152, 35.183926126203808 ], [ -94.688222908896634, 35.185730625640304 ], [ -94.688636697099582, 35.18755528441632 ], [ -94.688933072893363, 35.189395100076879 ], [ -94.689111223932443, 35.191245028953908 ], [ -94.689170661917288, 35.1931 ], [ -94.689111223932443, 35.194954928693498 ], [ -94.688933072893363, 35.196804730976794 ], [ -94.688636697099582, 35.198644337189464 ], [ -94.688222908896634, 35.200468705958173 ], [ -94.687692842449152, 35.202272838005364 ], [ -94.687047950632461, 35.204051789838857 ], [ -94.68629000105021, 35.205800687285112 ], [ -94.685421071189495, 35.207514738829225 ], [ -94.684443542726669, 35.209189248725139 ], [ -94.683360094999301, 35.210819629840707 ], [ -94.682173697662336, 35.212401416202347 ], [ -94.680887602548367, 35.213930275205463 ], [ -94.679505334754737, 35.215402019457315 ], [ -94.678030682981358, 35.216812618220395 ], [ -94.676467689146264, 35.218158208425223 ], [ -94.674820637306894, 35.219435105222743 ], [ -94.673094041917878, 35.22063981204785 ], [ -94.671292635457135, 35.221769030166868 ], [ -94.669421355454588, 35.222819667683147 ], [ -94.667485330958641, 35.223788847976522 ], [ -94.665489868477849, 35.224673917553929 ], [ -94.663440437436222, 35.225472453289967 ], [ -94.661342655181713, 35.226182269037935 ], [ -94.659202271589734, 35.226801421593592 ], [ -94.657025153302882, 35.227328215995549 ], [ -94.654817267651111, 35.227761210148145 ], [ -94.652584666295468, 35.228099218754238 ], [ -94.650333468641122, 35.228341316547493 ], [ -94.648069845064327, 35.228486840815378 ], [ -94.6458, 35.228535393206236 ], [ -94.643530154935647, 35.228486840815378 ], [ -94.641266531358866, 35.228341316547493 ], [ -94.639015333704506, 35.228099218754238 ], [ -94.636782732348891, 35.227761210148145 ], [ -94.634574846697106, 35.227328215995549 ], [ -94.632397728410254, 35.226801421593592 ], [ -94.630257344818276, 35.226182269037935 ], [ -94.628159562563766, 35.225472453289967 ], [ -94.62611013152214, 35.224673917553929 ], [ -94.624114669041347, 35.223788847976522 ], [ -94.6221786445454, 35.222819667683147 ], [ -94.620307364542853, 35.221769030166868 ], [ -94.61850595808211, 35.22063981204785 ], [ -94.616779362693094, 35.219435105222743 ], [ -94.615132310853724, 35.218158208425223 ], [ -94.61356931701863, 35.216812618220395 ], [ -94.612094665245252, 35.215402019457315 ], [ -94.610712397451607, 35.213930275205463 ], [ -94.609426302337653, 35.212401416202347 ], [ -94.608239905000673, 35.210819629840707 ], [ -94.607156457273319, 35.209189248725139 ], [ -94.606178928810493, 35.207514738829225 ], [ -94.605309998949778, 35.205800687285112 ], [ -94.604552049367513, 35.204051789838857 ], [ -94.603907157550836, 35.202272838005364 ], [ -94.603377091103354, 35.200468705958173 ], [ -94.602963302900392, 35.198644337189464 ], [ -94.602666927106625, 35.196804730976794 ], [ -94.602488776067545, 35.194954928693498 ], [ -94.6024293380827, 35.1931 ] ] ] ] } },
{ "type": "Feature", "properties": { "fclty__": "RS Nelson Plant Unit 6", "plnt_nm": "R S Nelson", "utlty_n": "Entergy Louisiana LLC", "strt_dd": "3500 Houston River Road", "city": "Westlake", "state": "Louisiana", "zip": 70669, "prm_src": "coal" }, "geometry": { "type": "MultiPolygon", "coordinates": [ [ [ [ -93.247729338082692, 30.2844 ], [ -93.247788776067537, 30.282439894559261 ], [ -93.247966927106631, 30.280485122634683 ], [ -93.248263302900398, 30.278541042602495 ], [ -93.248677091103346, 30.27661298384778 ], [ -93.249207157550813, 30.274706232148279 ], [ -93.249852049367519, 30.272826015174321 ], [ -93.25060999894977, 30.27097748814483 ], [ -93.251478928810485, 30.26916571967887 ], [ -93.252456457273311, 30.26739567788168 ], [ -93.253539905000679, 30.265672216703663 ], [ -93.254726302337644, 30.264000062609821 ], [ -93.256012397451613, 30.262383801596609 ], [ -93.257394665245258, 30.260827866592091 ], [ -93.258869317018622, 30.259336525274072 ], [ -93.260432310853716, 30.25791386834025 ], [ -93.262079362693086, 30.256563798262622 ], [ -93.263805958082102, 30.255290018557513 ], [ -93.265607364542845, 30.254096023600862 ], [ -93.267478644545392, 30.252985089017145 ], [ -93.269414669041339, 30.251960262668668 ], [ -93.271410131522131, 30.251024356270168 ], [ -93.273459562563758, 30.250179937652103 ], [ -93.275557344818267, 30.249429323694262 ], [ -93.27769772841026, 30.248774573949166 ], [ -93.279874846697098, 30.248217484973249 ], [ -93.282082732348869, 30.247759585381417 ], [ -93.284315333704512, 30.247402131638967 ], [ -93.286566531358872, 30.247146104602383 ], [ -93.288830154935653, 30.246992206818859 ], [ -93.2911, 30.246940860591955 ], [ -93.293369845064319, 30.246992206818859 ], [ -93.2956334686411, 30.247146104602383 ], [ -93.297884666295474, 30.247402131638967 ], [ -93.300117267651089, 30.247759585381417 ], [ -93.302325153302874, 30.248217484973249 ], [ -93.304502271589726, 30.248774573949166 ], [ -93.306642655181705, 30.249429323694262 ], [ -93.308740437436199, 30.250179937652103 ], [ -93.310789868477841, 30.251024356270168 ], [ -93.312785330958633, 30.251960262668668 ], [ -93.31472135545458, 30.252985089017145 ], [ -93.316592635457141, 30.254096023600862 ], [ -93.31839404191787, 30.255290018557513 ], [ -93.320120637306886, 30.256563798262622 ], [ -93.32176768914627, 30.25791386834025 ], [ -93.32333068298135, 30.259336525274072 ], [ -93.324805334754728, 30.260827866592091 ], [ -93.326187602548373, 30.262383801596609 ], [ -93.327473697662327, 30.264000062609821 ], [ -93.328660094999307, 30.265672216703663 ], [ -93.329743542726675, 30.26739567788168 ], [ -93.330721071189487, 30.26916571967887 ], [ -93.331590001050202, 30.27097748814483 ], [ -93.332347950632467, 30.272826015174321 ], [ -93.332992842449144, 30.274706232148279 ], [ -93.333522908896626, 30.27661298384778 ], [ -93.333936697099588, 30.278541042602495 ], [ -93.334233072893355, 30.280485122634683 ], [ -93.334411223932449, 30.282439894559261 ], [ -93.33447066191728, 30.2844 ], [ -93.334411223932449, 30.28636006628177 ], [ -93.334233072893355, 30.288314721158486 ], [ -93.333936697099588, 30.29025860753632 ], [ -93.333522908896626, 30.292186398151895 ], [ -93.332992842449144, 30.294092810165278 ], [ -93.332347950632467, 30.295972619627801 ], [ -93.331590001050202, 30.297820675785321 ], [ -93.330721071189487, 30.299631915177766 ], [ -93.329743542726675, 30.301401375496518 ], [ -93.328660094999307, 30.303124209161982 ], [ -93.327473697662327, 30.304795696584332 ], [ -93.326187602548373, 30.306411259071272 ], [ -93.324805334754728, 30.307966471347971 ], [ -93.32333068298135, 30.309457073654979 ], [ -93.32176768914627, 30.310878983391341 ], [ -93.320120637306886, 30.312228306271528 ], [ -93.31839404191787, 30.313501346965651 ], [ -93.316592635457141, 30.314694619194555 ], [ -93.31472135545458, 30.31580485525209 ], [ -93.312785330958633, 30.316829014929166 ], [ -93.310789868477841, 30.31776429381523 ], [ -93.308740437436199, 30.318608130954971 ], [ -93.306642655181705, 30.319358215839422 ], [ -93.304502271589726, 30.320012494712667 ], [ -93.302325153302874, 30.320569176177266 ], [ -93.300117267651089, 30.321026736083073 ], [ -93.297884666295474, 30.321383921686472 ], [ -93.2956334686411, 30.321639755068766 ], [ -93.293369845064319, 30.321793535804467 ], [ -93.2911, 30.321844842872416 ], [ -93.288830154935653, 30.321793535804467 ], [ -93.286566531358872, 30.321639755068766 ], [ -93.284315333704512, 30.321383921686472 ], [ -93.282082732348869, 30.321026736083073 ], [ -93.279874846697098, 30.320569176177266 ], [ -93.27769772841026, 30.320012494712667 ], [ -93.275557344818267, 30.319358215839422 ], [ -93.273459562563758, 30.318608130954971 ], [ -93.271410131522131, 30.31776429381523 ], [ -93.269414669041339, 30.316829014929166 ], [ -93.267478644545392, 30.31580485525209 ], [ -93.265607364542845, 30.314694619194555 ], [ -93.263805958082102, 30.313501346965651 ], [ -93.262079362693086, 30.312228306271528 ], [ -93.260432310853716, 30.310878983391341 ], [ -93.258869317018622, 30.309457073654979 ], [ -93.257394665245258, 30.307966471347971 ], [ -93.256012397451613, 30.306411259071272 ], [ -93.254726302337644, 30.304795696584332 ], [ -93.253539905000679, 30.303124209161982 ], [ -93.252456457273311, 30.301401375496518 ], [ -93.251478928810485, 30.299631915177766 ], [ -93.25060999894977, 30.297820675785321 ], [ -93.249852049367519, 30.295972619627801 ], [ -93.249207157550813, 30.294092810165278 ], [ -93.248677091103346, 30.292186398151895 ], [ -93.248263302900398, 30.29025860753632 ], [ -93.247966927106631, 30.288314721158486 ], [ -93.247788776067537, 30.28636006628177 ], [ -93.247729338082692, 30.2844 ] ] ] ] } },
{ "type": "Feature", "properties": { "fclty__": "San Miguel Cooperative, Inc. in Christine, TX", "plnt_nm": "San Miguel", "utlty_n": "San Miguel Electric Coop, Inc", "strt_dd": "6200 FM 3387", "city": "Christine", "state": "Texas", "zip": 78012, "prm_src": "coal" }, "geometry": { "type": "MultiPolygon", "coordinates": [ [ [ [ -98.434129338082712, 28.7044 ], [ -98.434188776067543, 28.702409078883512 ], [ -98.434366927106637, 28.700423577019141 ], [ -98.434663302900404, 28.698448936996215 ], [ -98.435077091103352, 28.696490571936856 ], [ -98.435607157550834, 28.694553850650497 ], [ -98.436252049367525, 28.692644082906629 ], [ -98.43700999894979, 28.690766504866279 ], [ -98.437878928810491, 28.688926264712318 ], [ -98.438856457273317, 28.687128408518078 ], [ -98.439939905000685, 28.685377866393399 ], [ -98.441126302337665, 28.683679438946221 ], [ -98.442412397451619, 28.682037784097101 ], [ -98.443794665245264, 28.68045740428316 ], [ -98.445269317018642, 28.678942634086855 ], [ -98.446832310853722, 28.677497628323682 ], [ -98.448479362693107, 28.676126350622017 ], [ -98.450205958082122, 28.674832562526522 ], [ -98.452007364542851, 28.673619813155586 ], [ -98.453878644545398, 28.672491429441241 ], [ -98.455814669041345, 28.671450506978875 ], [ -98.457810131522137, 28.670499901512049 ], [ -98.459859562563778, 28.669642221076096 ], [ -98.461957344818288, 28.668879818822436 ], [ -98.464097728410266, 28.668214786543455 ], [ -98.466274846697104, 28.667648948916025 ], [ -98.468482732348889, 28.667183858479802 ], [ -98.470715333704518, 28.666820791364032 ], [ -98.472966531358878, 28.666560743775054 ], [ -98.475230154935659, 28.666404429254101 ], [ -98.4775, 28.66635227671313 ], [ -98.479769845064325, 28.666404429254101 ], [ -98.482033468641106, 28.666560743775054 ], [ -98.48428466629548, 28.666820791364032 ], [ -98.486517267651109, 28.667183858479802 ], [ -98.488725153302894, 28.667648948916025 ], [ -98.490902271589732, 28.668214786543455 ], [ -98.493042655181725, 28.668879818822436 ], [ -98.49514043743622, 28.669642221076096 ], [ -98.497189868477861, 28.670499901512049 ], [ -98.499185330958639, 28.671450506978875 ], [ -98.501121355454586, 28.672491429441241 ], [ -98.502992635457147, 28.673619813155586 ], [ -98.50479404191789, 28.674832562526522 ], [ -98.506520637306892, 28.676126350622017 ], [ -98.508167689146276, 28.677497628323682 ], [ -98.50973068298137, 28.678942634086855 ], [ -98.511205334754735, 28.68045740428316 ], [ -98.512587602548379, 28.682037784097101 ], [ -98.513873697662348, 28.683679438946221 ], [ -98.515060094999313, 28.685377866393399 ], [ -98.516143542726681, 28.687128408518078 ], [ -98.517121071189493, 28.688926264712318 ], [ -98.517990001050208, 28.690766504866279 ], [ -98.518747950632473, 28.692644082906629 ], [ -98.519392842449165, 28.694553850650497 ], [ -98.519922908896632, 28.696490571936856 ], [ -98.520336697099594, 28.698448936996215 ], [ -98.520633072893361, 28.700423577019141 ], [ -98.520811223932455, 28.702409078883512 ], [ -98.520870661917286, 28.7044 ], [ -98.520811223932455, 28.706390883234935 ], [ -98.520633072893361, 28.708376271869678 ], [ -98.520336697099594, 28.710350724555461 ], [ -98.519922908896632, 28.712308830222675 ], [ -98.519392842449165, 28.714245222903848 ], [ -98.518747950632473, 28.71615459642976 ], [ -98.517990001050208, 28.718031718958496 ], [ -98.517121071189493, 28.719871447297905 ], [ -98.516143542726681, 28.721668740982174 ], [ -98.515060094999313, 28.723418676064451 ], [ -98.513873697662348, 28.725116458587692 ], [ -98.512587602548379, 28.726757437697252 ], [ -98.511205334754735, 28.728337118359541 ], [ -98.50973068298137, 28.72985117365219 ], [ -98.508167689146276, 28.731295456592306 ], [ -98.506520637306892, 28.732666011470947 ], [ -98.50479404191789, 28.733959084662811 ], [ -98.502992635457147, 28.735171134882179 ], [ -98.501121355454586, 28.736298842857039 ], [ -98.499185330958639, 28.737339120395564 ], [ -98.497189868477861, 28.738289118820099 ], [ -98.49514043743622, 28.739146236746205 ], [ -98.493042655181725, 28.739908127185426 ], [ -98.490902271589732, 28.740572703952935 ], [ -98.488725153302894, 28.741138147362513 ], [ -98.486517267651109, 28.741602909193652 ], [ -98.48428466629548, 28.741965716917363 ], [ -98.482033468641106, 28.742225577169261 ], [ -98.479769845064325, 28.742381778460611 ], [ -98.4775, 28.742433893120047 ], [ -98.475230154935659, 28.742381778460611 ], [ -98.472966531358878, 28.742225577169261 ], [ -98.470715333704518, 28.741965716917363 ], [ -98.468482732348889, 28.741602909193652 ], [ -98.466274846697104, 28.741138147362513 ], [ -98.464097728410266, 28.740572703952935 ], [ -98.461957344818288, 28.739908127185426 ], [ -98.459859562563778, 28.739146236746205 ], [ -98.457810131522137, 28.738289118820099 ], [ -98.455814669041345, 28.737339120395564 ], [ -98.453878644545398, 28.736298842857039 ], [ -98.452007364542851, 28.735171134882179 ], [ -98.450205958082122, 28.733959084662811 ], [ -98.448479362693107, 28.732666011470947 ], [ -98.446832310853722, 28.731295456592306 ], [ -98.445269317018642, 28.72985117365219 ], [ -98.443794665245264, 28.728337118359541 ], [ -98.442412397451619, 28.726757437697252 ], [ -98.441126302337665, 28.725116458587692 ], [ -98.439939905000685, 28.723418676064451 ], [ -98.438856457273317, 28.721668740982174 ], [ -98.437878928810491, 28.719871447297905 ], [ -98.43700999894979, 28.718031718958496 ], [ -98.436252049367525, 28.71615459642976 ], [ -98.435607157550834, 28.714245222903848 ], [ -98.435077091103352, 28.712308830222675 ], [ -98.434663302900404, 28.710350724555461 ], [ -98.434366927106637, 28.708376271869678 ], [ -98.434188776067543, 28.706390883234935 ], [ -98.434129338082712, 28.7044 ] ] ] ] } },
{ "type": "Feature", "properties": { "fclty__": "Scherer Steam Generator Unit 1, Unit 2, and Unit 3", "plnt_nm": "Scherer", "utlty_n": "Georgia Power Co", "strt_dd": "10986 Highway 87", "city": "Juliette", "state": "Georgia", "zip": 31046, "prm_src": "coal" }, "geometry": { "type": "MultiPolygon", "coordinates": [ [ [ [ -83.764129338082711, 33.0606 ], [ -83.764188776067542, 33.058697635799014 ], [ -83.764366927106636, 33.056800444903267 ], [ -83.764663302900402, 33.054913627887103 ], [ -83.76507709110335, 33.053042357221074 ], [ -83.765607157550832, 33.051191763085399 ], [ -83.766252049367523, 33.049366919295835 ], [ -83.767009998949788, 33.047572829380584 ], [ -83.767878928810504, 33.04581441284671 ], [ -83.768856457273316, 33.044096491673834 ], [ -83.769939905000683, 33.04242377707245 ], [ -83.771126302337649, 33.040800856543335 ], [ -83.772412397451617, 33.039232181273817 ], [ -83.773794665245262, 33.037722053905973 ], [ -83.775269317018626, 33.036274616710323 ], [ -83.77683231085372, 33.034893840198023 ], [ -83.778479362693105, 33.033583512203101 ], [ -83.780205958082121, 33.032347227464967 ], [ -83.782007364542849, 33.031188377740179 ], [ -83.783878644545396, 33.030110142470981 ], [ -83.785814669041343, 33.029115480036616 ], [ -83.787810131522136, 33.028207119611537 ], [ -83.789859562563777, 33.027387553653554 ], [ -83.791957344818272, 33.026659031042485 ], [ -83.794097728410264, 33.026023550888745 ], [ -83.796274846697102, 33.025482857028898 ], [ -83.798482732348873, 33.025038433223756 ], [ -83.800715333704517, 33.024691499072233 ], [ -83.802966531358877, 33.024443006652454 ], [ -83.805230154935657, 33.024293637899554 ], [ -83.8075, 33.024243802727419 ], [ -83.809769845064324, 33.024293637899554 ], [ -83.812033468641118, 33.024443006652454 ], [ -83.814284666295478, 33.024691499072233 ], [ -83.816517267651108, 33.025038433223756 ], [ -83.818725153302893, 33.025482857028898 ], [ -83.820902271589731, 33.026023550888745 ], [ -83.823042655181709, 33.026659031042485 ], [ -83.825140437436218, 33.027387553653554 ], [ -83.827189868477859, 33.028207119611537 ], [ -83.829185330958651, 33.029115480036616 ], [ -83.831121355454584, 33.030110142470981 ], [ -83.832992635457146, 33.031188377740179 ], [ -83.834794041917874, 33.032347227464967 ], [ -83.83652063730689, 33.033583512203101 ], [ -83.838167689146275, 33.034893840198023 ], [ -83.839730682981354, 33.036274616710323 ], [ -83.841205334754733, 33.037722053905973 ], [ -83.842587602548377, 33.039232181273817 ], [ -83.843873697662332, 33.040800856543335 ], [ -83.845060094999312, 33.04242377707245 ], [ -83.846143542726679, 33.044096491673834 ], [ -83.847121071189491, 33.04581441284671 ], [ -83.847990001050206, 33.047572829380584 ], [ -83.848747950632472, 33.049366919295835 ], [ -83.849392842449149, 33.051191763085399 ], [ -83.849922908896644, 33.053042357221074 ], [ -83.850336697099593, 33.054913627887103 ], [ -83.850633072893359, 33.056800444903267 ], [ -83.850811223932453, 33.058697635799014 ], [ -83.850870661917284, 33.0606 ], [ -83.850811223932453, 33.062502323088133 ], [ -83.850633072893359, 33.064399391095698 ], [ -83.850336697099593, 33.066286004794776 ], [ -83.849922908896644, 33.068156993942388 ], [ -83.849392842449149, 33.070007231442688 ], [ -83.848747950632472, 33.071831647387285 ], [ -83.847990001050206, 33.073625242935577 ], [ -83.847121071189491, 33.075383103996856 ], [ -83.846143542726679, 33.077100414677382 ], [ -83.845060094999312, 33.078772470455334 ], [ -83.843873697662332, 33.08039469104817 ], [ -83.842587602548377, 33.081962632937191 ], [ -83.841205334754733, 33.08347200151541 ], [ -83.839730682981354, 33.084918662825757 ], [ -83.838167689146275, 33.086298654857828 ], [ -83.83652063730689, 33.087608198372536 ], [ -83.834794041917874, 33.088843707225394 ], [ -83.832992635457146, 33.090001798160621 ], [ -83.831121355454584, 33.091079300049401 ], [ -83.829185330958651, 33.092073262547586 ], [ -83.827189868477859, 33.092980964149355 ], [ -83.825140437436218, 33.093799919615101 ], [ -83.823042655181709, 33.094527886753689 ], [ -83.820902271589731, 33.095162872540577 ], [ -83.818725153302893, 33.095703138555578 ], [ -83.816517267651108, 33.096147205725451 ], [ -83.814284666295478, 33.096493858358635 ], [ -83.812033468641118, 33.096742147461384 ], [ -83.809769845064324, 33.096891393326146 ], [ -83.8075, 33.096941187385418 ], [ -83.805230154935657, 33.096891393326146 ], [ -83.802966531358877, 33.096742147461384 ], [ -83.800715333704517, 33.096493858358635 ], [ -83.798482732348873, 33.096147205725451 ], [ -83.796274846697102, 33.095703138555578 ], [ -83.794097728410264, 33.095162872540577 ], [ -83.791957344818272, 33.094527886753689 ], [ -83.789859562563777, 33.093799919615101 ], [ -83.787810131522136, 33.092980964149355 ], [ -83.785814669041343, 33.092073262547586 ], [ -83.783878644545396, 33.091079300049401 ], [ -83.782007364542849, 33.090001798160621 ], [ -83.780205958082121, 33.088843707225394 ], [ -83.778479362693105, 33.087608198372536 ], [ -83.77683231085372, 33.086298654857828 ], [ -83.775269317018626, 33.084918662825757 ], [ -83.773794665245262, 33.08347200151541 ], [ -83.772412397451617, 33.081962632937191 ], [ -83.771126302337649, 33.08039469104817 ], [ -83.769939905000683, 33.078772470455334 ], [ -83.768856457273316, 33.077100414677382 ], [ -83.767878928810504, 33.075383103996856 ], [ -83.767009998949788, 33.073625242935577 ], [ -83.766252049367523, 33.071831647387285 ], [ -83.765607157550832, 33.070007231442688 ], [ -83.76507709110335, 33.068156993942388 ], [ -83.764663302900402, 33.066286004794776 ], [ -83.764366927106636, 33.064399391095698 ], [ -83.764188776067542, 33.062502323088133 ], [ -83.764129338082711, 33.0606 ] ] ] ] } },
{ "type": "Feature", "properties": { "fclty__": "Scrubgrass Generating Plant/Venango Number 2 CFB Boiler (031), Number 2 CEB Boiler (032)", "plnt_nm": "Scrubgrass Reclamation CO. LP.", "utlty_n": "Scrubgrass Reclamation CO. LP.", "strt_dd": "2151 Lisbon Road", "city": "Kennerdell", "state": "Pennsylvania", "zip": 16374, "prm_src": "coal" }, "geometry": { "type": "MultiPolygon", "coordinates": [ [ [ [ -79.770029338082722, 41.2691 ], [ -79.770088776067553, 41.26739391683607 ], [ -79.770266927106647, 41.265692465530314 ], [ -79.770563302900399, 41.264000310190212 ], [ -79.770977091103376, 41.262322089801827 ], [ -79.771507157550843, 41.26066240550481 ], [ -79.77215204936752, 41.259025807967213 ], [ -79.7729099989498, 41.257416784895021 ], [ -79.773778928810501, 41.255839748710784 ], [ -79.774756457273341, 41.254299024435326 ], [ -79.77583990500068, 41.252798837806075 ], [ -79.777026302337674, 41.251343303664818 ], [ -79.778312397451614, 41.249936414647017 ], [ -79.779694665245273, 41.248582030204155 ], [ -79.781169317018637, 41.247283865989445 ], [ -79.782732310853746, 41.246045483636479 ], [ -79.784379362693116, 41.244870280959113 ], [ -79.786105958082132, 41.243761482600128 ], [ -79.78790736454286, 41.242722131154302 ], [ -79.789778644545407, 41.241755078791158 ], [ -79.791714669041369, 41.240862979400177 ], [ -79.793710131522147, 41.240048281281062 ], [ -79.795759562563788, 41.239313220398834 ], [ -79.797857344818297, 41.238659814223148 ], [ -79.799997728410275, 41.238089856168727 ], [ -79.802174846697127, 41.237604910652635 ], [ -79.804382732348898, 41.237206308782234 ], [ -79.806615333704528, 41.236895144685832 ], [ -79.808866531358888, 41.236672272496278 ], [ -79.811130154935668, 41.236538303996248 ], [ -79.8134, 41.236493606931369 ], [ -79.815669845064349, 41.236538303996248 ], [ -79.817933468641129, 41.236672272496278 ], [ -79.820184666295475, 41.236895144685832 ], [ -79.822417267651119, 41.237206308782234 ], [ -79.824625153302904, 41.237604910652635 ], [ -79.826802271589756, 41.238089856168727 ], [ -79.828942655181734, 41.238659814223148 ], [ -79.831040437436229, 41.239313220398834 ], [ -79.83308986847787, 41.240048281281062 ], [ -79.835085330958648, 41.240862979400177 ], [ -79.83702135545461, 41.241755078791158 ], [ -79.838892635457142, 41.242722131154302 ], [ -79.840694041917885, 41.243761482600128 ], [ -79.842420637306915, 41.244870280959113 ], [ -79.844067689146286, 41.246045483636479 ], [ -79.84563068298138, 41.247283865989445 ], [ -79.847105334754744, 41.248582030204155 ], [ -79.848487602548389, 41.249936414647017 ], [ -79.849773697662357, 41.251343303664818 ], [ -79.850960094999323, 41.252798837806075 ], [ -79.85204354272669, 41.254299024435326 ], [ -79.853021071189517, 41.255839748710784 ], [ -79.853890001050232, 41.257416784895021 ], [ -79.854647950632483, 41.259025807967213 ], [ -79.855292842449174, 41.26066240550481 ], [ -79.855822908896641, 41.262322089801827 ], [ -79.856236697099604, 41.264000310190212 ], [ -79.856533072893384, 41.265692465530314 ], [ -79.856711223932464, 41.26739391683607 ], [ -79.856770661917309, 41.2691 ], [ -79.856711223932464, 41.270806038583281 ], [ -79.856533072893384, 41.272507356635522 ], [ -79.856236697099604, 41.274199291509198 ], [ -79.855822908896641, 41.275877206633737 ], [ -79.855292842449174, 41.277536504213998 ], [ -79.854647950632483, 41.279172637818903 ], [ -79.853890001050232, 41.280781124825403 ], [ -79.853021071189517, 41.28235755868419 ], [ -79.85204354272669, 41.283897620973647 ], [ -79.850960094999323, 41.285397093209212 ], [ -79.849773697662357, 41.286851868376154 ], [ -79.848487602548389, 41.288257962154482 ], [ -79.847105334754744, 41.289611523805526 ], [ -79.84563068298138, 41.290908846690748 ], [ -79.844067689146286, 41.292146378394349 ], [ -79.842420637306915, 41.293320730422352 ], [ -79.840694041917885, 41.294428687451884 ], [ -79.838892635457142, 41.295467216105934 ], [ -79.83702135545461, 41.296433473229676 ], [ -79.835085330958648, 41.297324813646405 ], [ -79.83308986847787, 41.298138797371927 ], [ -79.831040437436229, 41.298873196268261 ], [ -79.828942655181734, 41.299526000118597 ], [ -79.826802271589756, 41.300095422107425 ], [ -79.824625153302904, 41.30057990369091 ], [ -79.822417267651119, 41.300978118844633 ], [ -79.820184666295475, 41.301288977677252 ], [ -79.817933468641129, 41.301511629400423 ], [ -79.815669845064349, 41.301645464646974 ], [ -79.8134, 41.301690117131223 ], [ -79.811130154935668, 41.301645464646974 ], [ -79.808866531358888, 41.301511629400423 ], [ -79.806615333704528, 41.301288977677252 ], [ -79.804382732348898, 41.300978118844633 ], [ -79.802174846697127, 41.30057990369091 ], [ -79.799997728410275, 41.300095422107425 ], [ -79.797857344818297, 41.299526000118597 ], [ -79.795759562563788, 41.298873196268261 ], [ -79.793710131522147, 41.298138797371927 ], [ -79.791714669041369, 41.297324813646405 ], [ -79.789778644545407, 41.296433473229676 ], [ -79.78790736454286, 41.295467216105934 ], [ -79.786105958082132, 41.294428687451884 ], [ -79.784379362693116, 41.293320730422352 ], [ -79.782732310853746, 41.292146378394349 ], [ -79.781169317018637, 41.290908846690748 ], [ -79.779694665245273, 41.289611523805526 ], [ -79.778312397451614, 41.288257962154482 ], [ -79.777026302337674, 41.286851868376154 ], [ -79.77583990500068, 41.285397093209212 ], [ -79.774756457273341, 41.283897620973647 ], [ -79.773778928810501, 41.28235755868419 ], [ -79.7729099989498, 41.280781124825403 ], [ -79.77215204936752, 41.279172637818903 ], [ -79.771507157550843, 41.277536504213998 ], [ -79.770977091103376, 41.275877206633737 ], [ -79.770563302900399, 41.274199291509198 ], [ -79.770266927106647, 41.272507356635522 ], [ -79.770088776067553, 41.270806038583281 ], [ -79.770029338082722, 41.2691 ] ] ] ] } },
{ "type": "Feature", "properties": { "fclty__": "Seward Generation Station", "plnt_nm": "Seward (PA)", "utlty_n": "Seward Generating LLC", "strt_dd": "595 Plant Road", "city": "New Florence", "state": "Pennsylvania", "zip": 15944, "prm_src": "coal" }, "geometry": { "type": "MultiPolygon", "coordinates": [ [ [ [ -78.990289338082704, 40.40625 ], [ -78.990348776067549, 40.404521564324988 ], [ -78.990526927106629, 40.402797821970154 ], [ -78.990823302900395, 40.401083498138881 ], [ -78.991237091103358, 40.399383292575614 ], [ -78.991767157550839, 40.397701866674424 ], [ -78.992412049367516, 40.39604383068864 ], [ -78.993169998949782, 40.394413731077222 ], [ -78.994038928810497, 40.392816038022424 ], [ -78.995016457273323, 40.391255133153265 ], [ -78.996099905000676, 40.389735297508828 ], [ -78.997286302337656, 40.388260699774591 ], [ -78.998572397451611, 40.386835384824288 ], [ -78.999954665245255, 40.385463262599195 ], [ -79.001429317018633, 40.384148097355691 ], [ -79.002992310853728, 40.382893497310732 ], [ -79.004639362693098, 40.381702904714345 ], [ -79.006365958082114, 40.380579586376555 ], [ -79.008167364542857, 40.379526624675151 ], [ -79.010038644545403, 40.378546909069435 ], [ -79.011974669041351, 40.377643128143553 ], [ -79.013970131522143, 40.376817762201661 ], [ -79.01601956256377, 40.376073076435553 ], [ -79.018117344818279, 40.375411114683985 ], [ -79.020257728410257, 40.374833693800952 ], [ -79.022434846697109, 40.374342398648871 ], [ -79.024642732348894, 40.373938577730563 ], [ -79.02687533370451, 40.373623339472324 ], [ -79.02912653135887, 40.373397549168473 ], [ -79.03139015493565, 40.373261826596 ], [ -79.03366, 40.373216544305876 ], [ -79.035929845064331, 40.373261826596 ], [ -79.038193468641126, 40.373397549168473 ], [ -79.040444666295471, 40.373623339472324 ], [ -79.042677267651115, 40.373938577730563 ], [ -79.044885153302886, 40.374342398648871 ], [ -79.047062271589738, 40.374833693800952 ], [ -79.049202655181716, 40.375411114683985 ], [ -79.051300437436225, 40.376073076435553 ], [ -79.053349868477852, 40.376817762201661 ], [ -79.055345330958644, 40.377643128143553 ], [ -79.057281355454592, 40.378546909069435 ], [ -79.059152635457139, 40.379526624675151 ], [ -79.060954041917881, 40.380579586376555 ], [ -79.062680637306897, 40.381702904714345 ], [ -79.064327689146268, 40.382893497310732 ], [ -79.065890682981362, 40.384148097355691 ], [ -79.06736533475474, 40.385463262599195 ], [ -79.06874760254837, 40.386835384824288 ], [ -79.070033697662339, 40.388260699774591 ], [ -79.071220094999305, 40.389735297508828 ], [ -79.072303542726672, 40.391255133153265 ], [ -79.073281071189498, 40.392816038022424 ], [ -79.074150001050214, 40.394413731077222 ], [ -79.074907950632465, 40.39604383068864 ], [ -79.075552842449156, 40.397701866674424 ], [ -79.076082908896637, 40.399383292575614 ], [ -79.076496697099586, 40.401083498138881 ], [ -79.076793072893366, 40.402797821970154 ], [ -79.076971223932446, 40.404521564324988 ], [ -79.077030661917291, 40.40625 ], [ -79.076971223932446, 40.407978391290428 ], [ -79.076793072893366, 40.409702000977759 ], [ -79.076496697099586, 40.411416105312178 ], [ -79.076082908896637, 40.41311600695407 ], [ -79.075552842449156, 40.414797047839215 ], [ -79.074907950632465, 40.416454621932573 ], [ -79.074150001050214, 40.418084187835795 ], [ -79.073281071189498, 40.419681281214046 ], [ -79.072303542726672, 40.42124152700849 ], [ -79.071220094999305, 40.422760651400992 ], [ -79.070033697662339, 40.424234493498723 ], [ -79.06874760254837, 40.425659016706845 ], [ -79.06736533475474, 40.427030319758579 ], [ -79.065890682981362, 40.428344647372583 ], [ -79.064327689146268, 40.42959840050915 ], [ -79.062680637306897, 40.430788146197159 ], [ -79.060954041917881, 40.431910626905484 ], [ -79.059152635457139, 40.43296276943358 ], [ -79.057281355454592, 40.433941693297172 ], [ -79.055345330958644, 40.434844718586625 ], [ -79.053349868477852, 40.435669373276681 ], [ -79.051300437436225, 40.436413399968167 ], [ -79.049202655181716, 40.437074762043288 ], [ -79.047062271589738, 40.437651649218225 ], [ -79.044885153302886, 40.438142482477971 ], [ -79.042677267651115, 40.438545918380314 ], [ -79.040444666295471, 40.438860852717248 ], [ -79.038193468641126, 40.439086423524294 ], [ -79.035929845064331, 40.439222013429308 ], [ -79.03366, 40.439267251334847 ], [ -79.03139015493565, 40.439222013429308 ], [ -79.02912653135887, 40.439086423524294 ], [ -79.02687533370451, 40.438860852717248 ], [ -79.024642732348894, 40.438545918380314 ], [ -79.022434846697109, 40.438142482477971 ], [ -79.020257728410257, 40.437651649218225 ], [ -79.018117344818279, 40.437074762043288 ], [ -79.01601956256377, 40.436413399968167 ], [ -79.013970131522143, 40.435669373276681 ], [ -79.011974669041351, 40.434844718586625 ], [ -79.010038644545403, 40.433941693297172 ], [ -79.008167364542857, 40.43296276943358 ], [ -79.006365958082114, 40.431910626905484 ], [ -79.004639362693098, 40.430788146197159 ], [ -79.002992310853728, 40.42959840050915 ], [ -79.001429317018633, 40.428344647372583 ], [ -78.999954665245255, 40.427030319758579 ], [ -78.998572397451611, 40.425659016706845 ], [ -78.997286302337656, 40.424234493498723 ], [ -78.996099905000676, 40.422760651400992 ], [ -78.995016457273323, 40.42124152700849 ], [ -78.994038928810497, 40.419681281214046 ], [ -78.993169998949782, 40.418084187835795 ], [ -78.992412049367516, 40.416454621932573 ], [ -78.991767157550839, 40.414797047839215 ], [ -78.991237091103358, 40.41311600695407 ], [ -78.990823302900395, 40.411416105312178 ], [ -78.990526927106629, 40.409702000977767 ], [ -78.990348776067549, 40.407978391290428 ], [ -78.990289338082704, 40.40625 ] ] ] ] } },
{ "type": "Feature", "properties": { "fclty__": "Shawnee Fossil Plant", "plnt_nm": "Shawnee", "utlty_n": "Tennessee Valley Authority", "strt_dd": "7900 Metropolis Lake Rd.", "city": "West Paducah", "state": "Kentucky", "zip": 42086, "prm_src": "coal" }, "geometry": { "type": "MultiPolygon", "coordinates": [ [ [ [ -88.731629338082712, 37.1517 ], [ -88.731688776067557, 37.14989082261755 ], [ -88.731866927106637, 37.148086560958447 ], [ -88.732163302900418, 37.146292160910662 ], [ -88.73257709110338, 37.144512541679951 ], [ -88.733107157550847, 37.142752582297078 ], [ -88.733752049367524, 37.141017108231253 ], [ -88.73450999894979, 37.13931087814705 ], [ -88.735378928810505, 37.13763857084087 ], [ -88.736356457273331, 37.136004772393306 ], [ -88.737439905000699, 37.134413963572676 ], [ -88.738626302337664, 37.132870507524608 ], [ -88.739912397451633, 37.131378637781758 ], [ -88.741294665245263, 37.129942446626785 ], [ -88.742769317018642, 37.12856587384104 ], [ -88.744332310853736, 37.127252695869842 ], [ -88.745979362693106, 37.126006515434817 ], [ -88.747705958082122, 37.124830751621936 ], [ -88.749507364542865, 37.123728630472819 ], [ -88.751378644545412, 37.122703176105723 ], [ -88.753314669041359, 37.121757202390633 ], [ -88.755310131522151, 37.12089330520196 ], [ -88.757359562563792, 37.120113855270226 ], [ -88.759457344818287, 37.119420991652945 ], [ -88.761597728410266, 37.118816615842618 ], [ -88.763774846697117, 37.118302386528633 ], [ -88.765982732348903, 37.117879715027485 ], [ -88.768215333704532, 37.117549761394208 ], [ -88.770466531358892, 37.117313431225803 ], [ -88.772730154935672, 37.117171373165853 ], [ -88.775, 37.117123977116862 ], [ -88.777269845064353, 37.117171373165853 ], [ -88.779533468641134, 37.117313431225803 ], [ -88.781784666295493, 37.117549761394208 ], [ -88.784017267651123, 37.117879715027485 ], [ -88.786225153302894, 37.118302386528633 ], [ -88.788402271589746, 37.118816615842618 ], [ -88.790542655181724, 37.119420991652945 ], [ -88.792640437436233, 37.120113855270226 ], [ -88.79468986847786, 37.12089330520196 ], [ -88.796685330958653, 37.121757202390633 ], [ -88.798621355454614, 37.122703176105723 ], [ -88.800492635457147, 37.123728630472819 ], [ -88.802294041917889, 37.124830751621936 ], [ -88.804020637306905, 37.126006515434817 ], [ -88.805667689146276, 37.127252695869842 ], [ -88.80723068298137, 37.12856587384104 ], [ -88.808705334754748, 37.129942446626785 ], [ -88.810087602548379, 37.131378637781758 ], [ -88.811373697662347, 37.132870507524608 ], [ -88.812560094999313, 37.134413963572676 ], [ -88.81364354272668, 37.136004772393306 ], [ -88.814621071189521, 37.13763857084087 ], [ -88.815490001050222, 37.13931087814705 ], [ -88.816247950632487, 37.141017108231253 ], [ -88.816892842449178, 37.142752582297078 ], [ -88.817422908896646, 37.144512541679951 ], [ -88.817836697099608, 37.146292160910662 ], [ -88.818133072893374, 37.148086560958447 ], [ -88.818311223932454, 37.14989082261755 ], [ -88.818370661917299, 37.1517 ], [ -88.818311223932454, 37.153509134097725 ], [ -88.818133072893374, 37.155313266377 ], [ -88.817836697099608, 37.157107452367349 ], [ -88.817422908896646, 37.158886775208224 ], [ -88.816892842449178, 37.160646359116228 ], [ -88.816247950632487, 37.162381382735894 ], [ -88.815490001050222, 37.164087092337851 ], [ -88.814621071189521, 37.165758814828209 ], [ -88.81364354272668, 37.16739197053375 ], [ -88.812560094999313, 37.168982085728153 ], [ -88.811373697662347, 37.170524804865316 ], [ -88.810087602548379, 37.172015902486351 ], [ -88.808705334754748, 37.1734512947681 ], [ -88.80723068298137, 37.174827050681856 ], [ -88.805667689146276, 37.176139402732112 ], [ -88.804020637306905, 37.177384757246209 ], [ -88.802294041917889, 37.17855970418713 ], [ -88.800492635457147, 37.17966102646308 ], [ -88.798621355454614, 37.180685708708424 ], [ -88.796685330958653, 37.181630945512701 ], [ -88.79468986847786, 37.182494149075254 ], [ -88.792640437436233, 37.183272956265064 ], [ -88.790542655181724, 37.183965235066637 ], [ -88.788402271589746, 37.184569090394824 ], [ -88.786225153302894, 37.18508286926275 ], [ -88.784017267651123, 37.185505165289108 ], [ -88.781784666295493, 37.185834822532655 ], [ -88.779533468641134, 37.186070938643645 ], [ -88.777269845064353, 37.18621286732381 ], [ -88.775, 37.186260220088123 ], [ -88.772730154935672, 37.18621286732381 ], [ -88.770466531358892, 37.186070938643645 ], [ -88.768215333704532, 37.185834822532655 ], [ -88.765982732348903, 37.185505165289108 ], [ -88.763774846697117, 37.18508286926275 ], [ -88.761597728410266, 37.184569090394824 ], [ -88.759457344818287, 37.183965235066637 ], [ -88.757359562563792, 37.183272956265064 ], [ -88.755310131522151, 37.182494149075254 ], [ -88.753314669041359, 37.181630945512701 ], [ -88.751378644545412, 37.180685708708424 ], [ -88.749507364542865, 37.17966102646308 ], [ -88.747705958082122, 37.17855970418713 ], [ -88.745979362693106, 37.177384757246209 ], [ -88.744332310853736, 37.176139402732112 ], [ -88.742769317018642, 37.174827050681856 ], [ -88.741294665245263, 37.1734512947681 ], [ -88.739912397451633, 37.172015902486351 ], [ -88.738626302337664, 37.170524804865316 ], [ -88.737439905000699, 37.168982085728153 ], [ -88.736356457273331, 37.16739197053375 ], [ -88.735378928810505, 37.165758814828209 ], [ -88.73450999894979, 37.164087092337851 ], [ -88.733752049367524, 37.162381382735894 ], [ -88.733107157550847, 37.160646359116228 ], [ -88.73257709110338, 37.158886775208224 ], [ -88.732163302900418, 37.157107452367349 ], [ -88.731866927106637, 37.155313266377007 ], [ -88.731688776067557, 37.153509134097725 ], [ -88.731629338082712, 37.1517 ] ] ] ] } },
{ "type": "Feature", "properties": { "fclty__": "Sioux Energy Center", "plnt_nm": "Sioux", "utlty_n": "Union Electric Co - (MO)", "strt_dd": "8501 N. State Route 94", "city": "West Alton", "state": "Missouri", "zip": 63386, "prm_src": "coal" }, "geometry": { "type": "MultiPolygon", "coordinates": [ [ [ [ -90.2468763380827, 38.915479 ], [ -90.246935776067517, 38.913712871799135 ], [ -90.247113927106625, 38.911951540662898 ], [ -90.247410302900377, 38.910199834817732 ], [ -90.24782409110334, 38.908462556460904 ], [ -90.248354157550807, 38.906744468588386 ], [ -90.248999049367498, 38.905050281926073 ], [ -90.249756998949763, 38.903384642001022 ], [ -90.250625928810479, 38.901752116387648 ], [ -90.251603457273291, 38.900157182164591 ], [ -90.252686905000658, 38.89860421361665 ], [ -90.253873302337638, 38.897097470215748 ], [ -90.255159397451592, 38.895641084914331 ], [ -90.256541665245251, 38.894239052783576 ], [ -90.258016317018615, 38.892895220027874 ], [ -90.259579310853709, 38.891613273406179 ], [ -90.26122636269308, 38.89039673008952 ], [ -90.262952958082096, 38.889248927982926 ], [ -90.264754364542839, 38.888173016538786 ], [ -90.266625644545385, 38.887171948087037 ], [ -90.268561669041333, 38.88624846970658 ], [ -90.270557131522111, 38.885405115660468 ], [ -90.272606562563766, 38.884644200415948 ], [ -90.274704344818261, 38.883967812269063 ], [ -90.276844728410254, 38.883377807591366 ], [ -90.279021846697091, 38.882875805715031 ], [ -90.281229732348862, 38.88246318447063 ], [ -90.283462333704506, 38.882141076389992 ], [ -90.285713531358866, 38.881910365584872 ], [ -90.287977154935646, 38.881771685310135 ], [ -90.290247, 38.881725416218266 ], [ -90.292516845064313, 38.881771685310135 ], [ -90.294780468641093, 38.881910365584872 ], [ -90.297031666295453, 38.882141076389992 ], [ -90.299264267651097, 38.88246318447063 ], [ -90.301472153302882, 38.882875805715031 ], [ -90.30364927158972, 38.883377807591366 ], [ -90.305789655181684, 38.883967812269063 ], [ -90.307887437436193, 38.884644200415948 ], [ -90.309936868477834, 38.885405115660468 ], [ -90.311932330958626, 38.88624846970658 ], [ -90.313868355454574, 38.887171948087037 ], [ -90.31573963545712, 38.888173016538786 ], [ -90.317541041917849, 38.889248927982926 ], [ -90.319267637306879, 38.89039673008952 ], [ -90.32091468914625, 38.891613273406179 ], [ -90.322477682981344, 38.892895220027874 ], [ -90.323952334754708, 38.894239052783576 ], [ -90.325334602548367, 38.895641084914331 ], [ -90.326620697662321, 38.897097470215748 ], [ -90.327807094999301, 38.89860421361665 ], [ -90.328890542726668, 38.900157182164591 ], [ -90.32986807118948, 38.901752116387648 ], [ -90.330737001050196, 38.903384642001022 ], [ -90.331494950632461, 38.905050281926073 ], [ -90.332139842449138, 38.906744468588386 ], [ -90.332669908896619, 38.908462556460904 ], [ -90.333083697099582, 38.910199834817732 ], [ -90.333380072893348, 38.911951540662898 ], [ -90.333558223932442, 38.913712871799135 ], [ -90.333617661917259, 38.915479 ], [ -90.333558223932442, 38.917245084249764 ], [ -90.333380072893348, 38.919006284014195 ], [ -90.333083697099582, 38.920757772506228 ], [ -90.332669908896619, 38.922494749909923 ], [ -90.332139842449138, 38.924212456526647 ], [ -90.331494950632461, 38.925906185807591 ], [ -90.330737001050196, 38.927571297236909 ], [ -90.32986807118948, 38.92920322903047 ], [ -90.328890542726668, 38.930797510615641 ], [ -90.327807094999301, 38.932349774858075 ], [ -90.326620697662321, 38.933855770002388 ], [ -90.325334602548367, 38.935311371294162 ], [ -90.323952334754708, 38.936712592252007 ], [ -90.322477682981344, 38.9380555955589 ], [ -90.32091468914625, 38.939336703543518 ], [ -90.319267637306879, 38.940552408223127 ], [ -90.317541041917849, 38.941699380880941 ], [ -90.31573963545712, 38.942774481152235 ], [ -90.313868355454574, 38.943774765594419 ], [ -90.311932330958626, 38.944697495718358 ], [ -90.309936868477834, 38.94554014545907 ], [ -90.307887437436193, 38.946300408065802 ], [ -90.305789655181684, 38.946976202392975 ], [ -90.30364927158972, 38.947565678575032 ], [ -90.301472153302882, 38.948067223070112 ], [ -90.299264267651097, 38.948479463058796 ], [ -90.297031666295453, 38.948801270186379 ], [ -90.294780468641093, 38.949031763638416 ], [ -90.292516845064313, 38.949170312541384 ], [ -90.290247, 38.94921653768214 ], [ -90.287977154935646, 38.949170312541384 ], [ -90.285713531358866, 38.949031763638416 ], [ -90.283462333704506, 38.948801270186379 ], [ -90.281229732348862, 38.948479463058796 ], [ -90.279021846697091, 38.948067223070112 ], [ -90.276844728410254, 38.947565678575032 ], [ -90.274704344818261, 38.946976202392975 ], [ -90.272606562563766, 38.946300408065802 ], [ -90.270557131522111, 38.94554014545907 ], [ -90.268561669041333, 38.944697495718358 ], [ -90.266625644545385, 38.943774765594419 ], [ -90.264754364542839, 38.942774481152235 ], [ -90.262952958082096, 38.941699380880941 ], [ -90.26122636269308, 38.940552408223127 ], [ -90.259579310853709, 38.939336703543518 ], [ -90.258016317018615, 38.9380555955589 ], [ -90.256541665245251, 38.936712592252007 ], [ -90.255159397451592, 38.935311371294162 ], [ -90.253873302337638, 38.933855770002388 ], [ -90.252686905000658, 38.932349774858075 ], [ -90.251603457273291, 38.930797510615641 ], [ -90.250625928810479, 38.92920322903047 ], [ -90.249756998949763, 38.927571297236909 ], [ -90.248999049367498, 38.925906185807591 ], [ -90.248354157550807, 38.924212456526647 ], [ -90.24782409110334, 38.922494749909923 ], [ -90.247410302900377, 38.920757772506228 ], [ -90.247113927106625, 38.919006284014202 ], [ -90.246935776067517, 38.917245084249764 ], [ -90.2468763380827, 38.915479 ] ] ] ] } },
{ "type": "Feature", "properties": { "fclty__": "Sooner Unit 1 and Unit 2", "plnt_nm": "Sooner", "utlty_n": "Oklahoma Gas & Electric Co", "strt_dd": "10800 County Road 230", "city": "Red Rock", "state": "Oklahoma", "zip": 73061, "prm_src": "coal" }, "geometry": { "type": "MultiPolygon", "coordinates": [ [ [ [ -97.009419338082708, 36.45307 ], [ -97.009478776067553, 36.45124424270773 ], [ -97.009656927106633, 36.449423446891451 ], [ -97.009953302900399, 36.447612603754408 ], [ -97.010367091103362, 36.445816677565496 ], [ -97.010897157550843, 36.444040592043088 ], [ -97.01154204936752, 36.442289216846028 ], [ -97.012299998949786, 36.44056735420962 ], [ -97.013168928810501, 36.438879725762753 ], [ -97.014146457273327, 36.43723095956306 ], [ -97.015229905000695, 36.435625577385558 ], [ -97.01641630233766, 36.434067982300071 ], [ -97.017702397451629, 36.432562446571715 ], [ -97.019084665245259, 36.431113099918008 ], [ -97.020559317018638, 36.429723918155069 ], [ -97.022122310853732, 36.428398712264546 ], [ -97.023769362693102, 36.427141117911454 ], [ -97.025495958082118, 36.425954585442192 ], [ -97.027297364542861, 36.424842370390479 ], [ -97.029168644545408, 36.42380752451772 ], [ -97.031104669041355, 36.42285288741261 ], [ -97.033100131522147, 36.421981078673596 ], [ -97.035149562563774, 36.421194490695775 ], [ -97.037247344818283, 36.420495282082591 ], [ -97.039387728410262, 36.419885371700495 ], [ -97.041564846697113, 36.4193664333934 ], [ -97.043772732348899, 36.418939891371537 ], [ -97.046005333704514, 36.4186069162877 ], [ -97.048256531358874, 36.418368422011731 ], [ -97.050520154935668, 36.418225063112565 ], [ -97.05279, 36.418177233054401 ], [ -97.055059845064349, 36.418225063112565 ], [ -97.05732346864113, 36.418368422011731 ], [ -97.059574666295475, 36.4186069162877 ], [ -97.061807267651119, 36.418939891371537 ], [ -97.06401515330289, 36.4193664333934 ], [ -97.066192271589742, 36.419885371700495 ], [ -97.06833265518172, 36.420495282082591 ], [ -97.070430437436229, 36.421194490695775 ], [ -97.072479868477856, 36.421981078673596 ], [ -97.074475330958649, 36.42285288741261 ], [ -97.07641135545461, 36.42380752451772 ], [ -97.078282635457143, 36.424842370390479 ], [ -97.080084041917885, 36.425954585442192 ], [ -97.081810637306901, 36.427141117911454 ], [ -97.083457689146272, 36.428398712264546 ], [ -97.085020682981366, 36.429723918155069 ], [ -97.086495334754744, 36.431113099918008 ], [ -97.087877602548375, 36.432562446571715 ], [ -97.089163697662343, 36.434067982300071 ], [ -97.090350094999309, 36.435625577385558 ], [ -97.091433542726676, 36.43723095956306 ], [ -97.092411071189503, 36.438879725762753 ], [ -97.093280001050218, 36.44056735420962 ], [ -97.094037950632483, 36.442289216846028 ], [ -97.094682842449174, 36.444040592043088 ], [ -97.095212908896642, 36.445816677565496 ], [ -97.09562669709959, 36.447612603754408 ], [ -97.09592307289337, 36.449423446891451 ], [ -97.09610122393245, 36.45124424270773 ], [ -97.096160661917295, 36.45307 ], [ -97.09610122393245, 36.454895714317054 ], [ -97.09592307289337, 36.456716381678554 ], [ -97.09562669709959, 36.458527012288648 ], [ -97.095212908896642, 36.46032264420689 ], [ -97.094682842449174, 36.462098356939045 ], [ -97.094037950632483, 36.463849284910594 ], [ -97.093280001050218, 36.465570630786168 ], [ -97.092411071189503, 36.4672576785986 ], [ -97.091433542726676, 36.468905806651819 ], [ -97.090350094999309, 36.470510500162483 ], [ -97.089163697662343, 36.472067363605916 ], [ -97.087877602548375, 36.473572132733054 ], [ -97.086495334754744, 36.475020686225427 ], [ -97.085020682981366, 36.476409056956939 ], [ -97.083457689146272, 36.477733442831791 ], [ -97.081810637306901, 36.478990217169226 ], [ -97.080084041917885, 36.480175938607097 ], [ -97.078282635457143, 36.481287360497532 ], [ -97.07641135545461, 36.482321439769144 ], [ -97.074475330958649, 36.483275345232308 ], [ -97.072479868477856, 36.484146465304569 ], [ -97.070430437436229, 36.484932415136029 ], [ -97.06833265518172, 36.485631043114893 ], [ -97.066192271589742, 36.48624043673626 ], [ -97.06401515330289, 36.486758927817959 ], [ -97.061807267651119, 36.48718509704964 ], [ -97.059574666295475, 36.487517777862898 ], [ -97.05732346864113, 36.487756059611954 ], [ -97.055059845064349, 36.487899290056397 ], [ -97.05279, 36.487947077139367 ], [ -97.050520154935668, 36.487899290056397 ], [ -97.048256531358874, 36.487756059611954 ], [ -97.046005333704514, 36.487517777862898 ], [ -97.043772732348899, 36.48718509704964 ], [ -97.041564846697113, 36.486758927817959 ], [ -97.039387728410262, 36.48624043673626 ], [ -97.037247344818283, 36.485631043114893 ], [ -97.035149562563774, 36.484932415136029 ], [ -97.033100131522147, 36.484146465304569 ], [ -97.031104669041355, 36.483275345232308 ], [ -97.029168644545408, 36.482321439769144 ], [ -97.027297364542861, 36.481287360497532 ], [ -97.025495958082118, 36.480175938607097 ], [ -97.023769362693102, 36.478990217169226 ], [ -97.022122310853732, 36.477733442831791 ], [ -97.020559317018638, 36.476409056956939 ], [ -97.019084665245259, 36.475020686225427 ], [ -97.017702397451629, 36.473572132733054 ], [ -97.01641630233766, 36.472067363605916 ], [ -97.015229905000695, 36.470510500162483 ], [ -97.014146457273327, 36.468905806651819 ], [ -97.013168928810501, 36.4672576785986 ], [ -97.012299998949786, 36.465570630786168 ], [ -97.01154204936752, 36.463849284910594 ], [ -97.010897157550843, 36.462098356939045 ], [ -97.010367091103362, 36.46032264420689 ], [ -97.009953302900399, 36.458527012288648 ], [ -97.009656927106633, 36.456716381678568 ], [ -97.009478776067553, 36.454895714317054 ], [ -97.009419338082708, 36.45307 ] ] ] ] } },
{ "type": "Feature", "properties": { "fclty__": "Spurlock Station", "plnt_nm": "H L Spurlock", "utlty_n": "East Kentucky Power Coop, Inc", "strt_dd": "Route 8 P.O. Box 398", "city": "Maysville", "state": "Kentucky", "zip": 41056, "prm_src": "coal" }, "geometry": { "type": "MultiPolygon", "coordinates": [ [ [ [ -83.774729338082707, 38.7 ], [ -83.774788776067538, 38.698228521952664 ], [ -83.774966927106632, 38.696461855705778 ], [ -83.775263302900399, 38.694704844108053 ], [ -83.775677091103361, 38.692962303898049 ], [ -83.776207157550829, 38.691239012492041 ], [ -83.77685204936752, 38.689539694875911 ], [ -83.777609998949771, 38.687869010637215 ], [ -83.778478928810486, 38.686231541172901 ], [ -83.779456457273312, 38.684631777108351 ], [ -83.78053990500068, 38.683074105962199 ], [ -83.78172630233766, 38.681562800091093 ], [ -83.783012397451614, 38.680102004947827 ], [ -83.784394665245259, 38.678695727685302 ], [ -83.785869317018623, 38.677347826138053 ], [ -83.787432310853731, 38.676061998211644 ], [ -83.789079362693087, 38.674841771709794 ], [ -83.790805958082117, 38.673690494627209 ], [ -83.79260736454286, 38.672611325935257 ], [ -83.794478644545393, 38.671607226886294 ], [ -83.796414669041354, 38.670680952860529 ], [ -83.798410131522132, 38.669835045778569 ], [ -83.800459562563773, 38.669071827100588 ], [ -83.802557344818283, 38.668393391431714 ], [ -83.804697728410261, 38.667801600751574 ], [ -83.806874846697113, 38.667298079284045 ], [ -83.809082732348884, 38.666884209021681 ], [ -83.811315333704528, 38.666561125917191 ], [ -83.813566531358873, 38.666329716752728 ], [ -83.815830154935654, 38.666190616695864 ], [ -83.8181, 38.666144207548761 ], [ -83.820369845064334, 38.666190616695864 ], [ -83.822633468641115, 38.666329716752728 ], [ -83.824884666295475, 38.666561125917191 ], [ -83.827117267651104, 38.666884209021681 ], [ -83.829325153302889, 38.667298079284045 ], [ -83.831502271589741, 38.667801600751574 ], [ -83.833642655181706, 38.668393391431714 ], [ -83.835740437436215, 38.669071827100588 ], [ -83.837789868477856, 38.669835045778569 ], [ -83.839785330958634, 38.670680952860529 ], [ -83.841721355454595, 38.671607226886294 ], [ -83.843592635457128, 38.672611325935257 ], [ -83.845394041917871, 38.673690494627209 ], [ -83.847120637306901, 38.674841771709794 ], [ -83.848767689146257, 38.676061998211644 ], [ -83.850330682981365, 38.677347826138053 ], [ -83.851805334754729, 38.678695727685302 ], [ -83.853187602548388, 38.680102004947827 ], [ -83.854473697662343, 38.681562800091093 ], [ -83.855660094999308, 38.683074105962199 ], [ -83.856743542726676, 38.684631777108351 ], [ -83.857721071189502, 38.686231541172901 ], [ -83.858590001050217, 38.687869010637215 ], [ -83.859347950632483, 38.689539694875911 ], [ -83.859992842449159, 38.691239012492041 ], [ -83.860522908896627, 38.692962303898049 ], [ -83.860936697099604, 38.694704844108053 ], [ -83.86123307289337, 38.696461855705778 ], [ -83.86141122393245, 38.698228521952664 ], [ -83.861470661917281, 38.7 ], [ -83.86141122393245, 38.701771434168762 ], [ -83.86123307289337, 38.703537969260644 ], [ -83.860936697099604, 38.705294763863911 ], [ -83.860522908896627, 38.707037003617437 ], [ -83.859992842449159, 38.708759914396829 ], [ -83.859347950632483, 38.710458775386378 ], [ -83.858590001050217, 38.712128932001491 ], [ -83.857721071189502, 38.713765808625944 ], [ -83.856743542726676, 38.715364921129634 ], [ -83.855660094999308, 38.716921889132571 ], [ -83.854473697662343, 38.718432447981883 ], [ -83.853187602548388, 38.719892460409334 ], [ -83.851805334754729, 38.721297927837583 ], [ -83.850330682981365, 38.722645001304834 ], [ -83.848767689146257, 38.723929991978132 ], [ -83.847120637306901, 38.725149381226885 ], [ -83.845394041917871, 38.726299830229514 ], [ -83.843592635457128, 38.72737818908724 ], [ -83.841721355454595, 38.728381505420444 ], [ -83.839785330958634, 38.729307032424515 ], [ -83.837789868477856, 38.730152236363352 ], [ -83.835740437436215, 38.730914803480587 ], [ -83.833642655181706, 38.731592646309693 ], [ -83.831502271589741, 38.732183909366356 ], [ -83.829325153302889, 38.732686974207418 ], [ -83.827117267651104, 38.733100463843229 ], [ -83.824884666295475, 38.73342324649132 ], [ -83.822633468641115, 38.733654438661368 ], [ -83.820369845064334, 38.733793407563269 ], [ -83.8181, 38.733839772831793 ], [ -83.815830154935654, 38.733793407563269 ], [ -83.813566531358873, 38.733654438661368 ], [ -83.811315333704528, 38.73342324649132 ], [ -83.809082732348884, 38.733100463843229 ], [ -83.806874846697113, 38.732686974207418 ], [ -83.804697728410261, 38.732183909366356 ], [ -83.802557344818283, 38.731592646309693 ], [ -83.800459562563773, 38.730914803480587 ], [ -83.798410131522132, 38.730152236363352 ], [ -83.796414669041354, 38.729307032424515 ], [ -83.794478644545393, 38.728381505420444 ], [ -83.79260736454286, 38.72737818908724 ], [ -83.790805958082117, 38.726299830229514 ], [ -83.789079362693087, 38.725149381226885 ], [ -83.787432310853731, 38.723929991978132 ], [ -83.785869317018623, 38.722645001304834 ], [ -83.784394665245259, 38.721297927837583 ], [ -83.783012397451614, 38.719892460409334 ], [ -83.78172630233766, 38.718432447981883 ], [ -83.78053990500068, 38.716921889132571 ], [ -83.779456457273312, 38.715364921129634 ], [ -83.778478928810486, 38.713765808625944 ], [ -83.777609998949771, 38.712128932001491 ], [ -83.77685204936752, 38.710458775386378 ], [ -83.776207157550829, 38.708759914396829 ], [ -83.775677091103361, 38.707037003617437 ], [ -83.775263302900399, 38.705294763863911 ], [ -83.774966927106632, 38.703537969260658 ], [ -83.774788776067538, 38.701771434168762 ], [ -83.774729338082707, 38.7 ] ] ] ] } },
{ "type": "Feature", "properties": { "fclty__": "St. Nicholas Cogeneration Project", "plnt_nm": "St Nicholas Cogen Project", "utlty_n": "Schuylkill Energy Resource Inc", "strt_dd": "Hwy 54 E, Twp Rt. 851", "city": "Shenandoah", "state": "Pennsylvania", "zip": 17976, "prm_src": "coal" }, "geometry": { "type": "MultiPolygon", "coordinates": [ [ [ [ -76.1302293380827, 40.8222 ], [ -76.13028877606753, 40.820482291067293 ], [ -76.130466927106625, 40.818769245954343 ], [ -76.130763302900391, 40.817065560545302 ], [ -76.131177091103339, 40.815375905427423 ], [ -76.131707157550835, 40.813704913079505 ], [ -76.132352049367512, 40.812057165160738 ], [ -76.133109998949777, 40.810437179935455 ], [ -76.133978928810492, 40.808849399867967 ], [ -76.134956457273304, 40.807298179421984 ], [ -76.136039905000672, 40.805787773098338 ], [ -76.137226302337652, 40.804322323743918 ], [ -76.138512397451606, 40.802905851164368 ], [ -76.139894665245251, 40.801542241071949 ], [ -76.141369317018629, 40.800235234399437 ], [ -76.142932310853709, 40.798988417009433 ], [ -76.144579362693094, 40.797805209828105 ], [ -76.14630595808211, 40.796688859430382 ], [ -76.148107364542838, 40.795642429103161 ], [ -76.149978644545399, 40.794668790411308 ], [ -76.151914669041332, 40.793770615289887 ], [ -76.153910131522125, 40.792950368684942 ], [ -76.155959562563766, 40.79221030176312 ], [ -76.158057344818275, 40.79155244570935 ], [ -76.160197728410253, 40.790978606129762 ], [ -76.162374846697091, 40.790490358075616 ], [ -76.164582732348862, 40.790089041702146 ], [ -76.166815333704506, 40.789775758574436 ], [ -76.169066531358865, 40.78955136863074 ], [ -76.171330154935646, 40.789416487811799 ], [ -76.1736, 40.78937148636264 ], [ -76.175869845064327, 40.789416487811799 ], [ -76.178133468641107, 40.78955136863074 ], [ -76.180384666295467, 40.789775758574436 ], [ -76.182617267651111, 40.790089041702146 ], [ -76.184825153302882, 40.790490358075616 ], [ -76.187002271589719, 40.790978606129762 ], [ -76.189142655181712, 40.79155244570935 ], [ -76.191240437436207, 40.79221030176312 ], [ -76.193289868477848, 40.792950368684942 ], [ -76.19528533095864, 40.793770615289887 ], [ -76.197221355454573, 40.794668790411308 ], [ -76.199092635457134, 40.795642429103161 ], [ -76.200894041917863, 40.796688859430382 ], [ -76.202620637306879, 40.797805209828105 ], [ -76.204267689146263, 40.798988417009433 ], [ -76.205830682981357, 40.800235234399437 ], [ -76.207305334754722, 40.801542241071949 ], [ -76.208687602548366, 40.802905851164368 ], [ -76.209973697662335, 40.804322323743918 ], [ -76.2111600949993, 40.805787773098338 ], [ -76.212243542726668, 40.807298179421984 ], [ -76.21322107118948, 40.808849399867967 ], [ -76.214090001050195, 40.810437179935455 ], [ -76.214847950632461, 40.812057165160738 ], [ -76.215492842449152, 40.813704913079505 ], [ -76.216022908896633, 40.815375905427423 ], [ -76.216436697099581, 40.817065560545302 ], [ -76.216733072893348, 40.818769245954343 ], [ -76.216911223932442, 40.820482291067293 ], [ -76.216970661917273, 40.8222 ], [ -76.216911223932442, 40.823917664448558 ], [ -76.216733072893348, 40.825630576596453 ], [ -76.216436697099581, 40.827334042016332 ], [ -76.216022908896633, 40.829023392531184 ], [ -76.215492842449152, 40.8306939989995 ], [ -76.214847950632461, 40.832341283989869 ], [ -76.214090001050195, 40.833960734309905 ], [ -76.21322107118948, 40.835547913355839 ], [ -76.212243542726668, 40.837098473248872 ], [ -76.2111600949993, 40.838608166725329 ], [ -76.209973697662335, 40.840072858748421 ], [ -76.208687602548366, 40.841488537810001 ], [ -76.207305334754722, 40.842851326891733 ], [ -76.205830682981357, 40.844157494056049 ], [ -76.204267689146263, 40.845403462638124 ], [ -76.202620637306879, 40.846585821011551 ], [ -76.200894041917863, 40.847701331901099 ], [ -76.199092635457134, 40.848746941217684 ], [ -76.197221355454573, 40.849719786391638 ], [ -76.19528533095864, 40.850617204181816 ], [ -76.193289868477848, 40.851436737939657 ], [ -76.191240437436207, 40.852176144308622 ], [ -76.189142655181712, 40.85283339934093 ], [ -76.187002271589719, 40.853406704015377 ], [ -76.184825153302882, 40.853894489141211 ], [ -76.182617267651111, 40.854295419635157 ], [ -76.180384666295467, 40.854608398159904 ], [ -76.178133468641107, 40.854832568114489 ], [ -76.175869845064327, 40.854967315968409 ], [ -76.1736, 40.855012272933436 ], [ -76.171330154935646, 40.854967315968409 ], [ -76.169066531358865, 40.854832568114489 ], [ -76.166815333704506, 40.854608398159904 ], [ -76.164582732348862, 40.854295419635157 ], [ -76.162374846697091, 40.853894489141211 ], [ -76.160197728410253, 40.853406704015377 ], [ -76.158057344818275, 40.85283339934093 ], [ -76.155959562563766, 40.852176144308622 ], [ -76.153910131522125, 40.851436737939657 ], [ -76.151914669041332, 40.850617204181816 ], [ -76.149978644545399, 40.849719786391638 ], [ -76.148107364542838, 40.848746941217684 ], [ -76.14630595808211, 40.847701331901099 ], [ -76.144579362693094, 40.846585821011551 ], [ -76.142932310853709, 40.845403462638124 ], [ -76.141369317018629, 40.844157494056049 ], [ -76.139894665245251, 40.842851326891733 ], [ -76.138512397451606, 40.841488537810001 ], [ -76.137226302337652, 40.840072858748421 ], [ -76.136039905000672, 40.838608166725329 ], [ -76.134956457273304, 40.837098473248872 ], [ -76.133978928810492, 40.835547913355839 ], [ -76.133109998949777, 40.833960734309905 ], [ -76.132352049367512, 40.832341283989869 ], [ -76.131707157550835, 40.8306939989995 ], [ -76.131177091103339, 40.829023392531184 ], [ -76.130763302900391, 40.827334042016332 ], [ -76.130466927106625, 40.82563057659646 ], [ -76.13028877606753, 40.823917664448558 ], [ -76.1302293380827, 40.8222 ] ] ] ] } },
{ "type": "Feature", "properties": { "fclty__": "Thomas Hill Energy Center Unit 1 and Unit 2 Coal Fired Cyclone Boilers and Unit 3 Pulverized Coal Fired Tangential Boiler", "plnt_nm": "Thomas Hill", "utlty_n": "Associated Electric Coop, Inc", "strt_dd": "5693 Highway F", "city": "Clifton Hill", "state": "Missouri", "zip": 65244, "prm_src": "coal" }, "geometry": { "type": "MultiPolygon", "coordinates": [ [ [ [ -92.594729338082701, 39.5522 ], [ -92.594788776067531, 39.550449825789464 ], [ -92.594966927106626, 39.54870440471575 ], [ -92.595263302900392, 39.546968521399322 ], [ -92.59567709110334, 39.545246934672996 ], [ -92.596207157550822, 39.543544364528628 ], [ -92.596852049367513, 39.541865479166205 ], [ -92.597609998949778, 39.540214882181424 ], [ -92.598478928810493, 39.538597099926918 ], [ -92.599456457273305, 39.537016569081864 ], [ -92.600539905000673, 39.535477624464562 ], [ -92.601726302337653, 39.533984487121465 ], [ -92.603012397451607, 39.53254125272575 ], [ -92.604394665245252, 39.531151880317502 ], [ -92.60586931701863, 39.529820181416888 ], [ -92.60743231085371, 39.528549809540323 ], [ -92.609079362693095, 39.527344250148943 ], [ -92.610805958082111, 39.526206811057349 ], [ -92.612607364542839, 39.525140613329121 ], [ -92.614478644545386, 39.524148582684823 ], [ -92.616414669041333, 39.523233441446045 ], [ -92.618410131522126, 39.522397701038329 ], [ -92.620459562563767, 39.521643655073703 ], [ -92.622557344818276, 39.520973373032234 ], [ -92.624697728410254, 39.520388694560211 ], [ -92.626874846697092, 39.519891224400972 ], [ -92.629082732348863, 39.519482327972561 ], [ -92.631315333704507, 39.5191631276045 ], [ -92.633566531358866, 39.518934499444356 ], [ -92.635830154935647, 39.518797071042705 ], [ -92.6381, 39.518751219623198 ], [ -92.640369845064313, 39.518797071042705 ], [ -92.642633468641108, 39.518934499444356 ], [ -92.644884666295468, 39.5191631276045 ], [ -92.647117267651097, 39.519482327972561 ], [ -92.649325153302883, 39.519891224400972 ], [ -92.65150227158972, 39.520388694560211 ], [ -92.653642655181713, 39.520973373032234 ], [ -92.655740437436208, 39.521643655073703 ], [ -92.657789868477849, 39.522397701038329 ], [ -92.659785330958641, 39.523233441446045 ], [ -92.661721355454574, 39.524148582684823 ], [ -92.663592635457135, 39.525140613329121 ], [ -92.665394041917864, 39.526206811057349 ], [ -92.66712063730688, 39.527344250148943 ], [ -92.668767689146264, 39.528549809540323 ], [ -92.670330682981358, 39.529820181416888 ], [ -92.671805334754723, 39.531151880317502 ], [ -92.673187602548367, 39.53254125272575 ], [ -92.674473697662336, 39.533984487121465 ], [ -92.675660094999301, 39.535477624464562 ], [ -92.676743542726669, 39.537016569081864 ], [ -92.677721071189481, 39.538597099926918 ], [ -92.678590001050196, 39.540214882181424 ], [ -92.679347950632462, 39.541865479166205 ], [ -92.679992842449153, 39.543544364528628 ], [ -92.68052290889662, 39.545246934672996 ], [ -92.680936697099582, 39.546968521399322 ], [ -92.681233072893349, 39.54870440471575 ], [ -92.681411223932443, 39.550449825789464 ], [ -92.681470661917274, 39.5522 ], [ -92.681411223932443, 39.553950130059654 ], [ -92.681233072893349, 39.555695419164415 ], [ -92.680936697099582, 39.557431084139751 ], [ -92.68052290889662, 39.559152368544972 ], [ -92.679992842449153, 39.560854555700573 ], [ -92.679347950632462, 39.562532981602644 ], [ -92.678590001050196, 39.564183047689447 ], [ -92.677721071189481, 39.565800233424959 ], [ -92.676743542726669, 39.56738010866561 ], [ -92.675660094999301, 39.568918345776041 ], [ -92.674473697662336, 39.570410731461379 ], [ -92.673187602548367, 39.571853178283796 ], [ -92.671805334754723, 39.573241735831999 ], [ -92.670330682981358, 39.574572601513601 ], [ -92.668767689146264, 39.575842130941126 ], [ -92.66712063730688, 39.577046847883466 ], [ -92.665394041917864, 39.578183453756097 ], [ -92.663592635457135, 39.579248836624323 ], [ -92.661721355454574, 39.580240079695379 ], [ -92.659785330958641, 39.581154469276498 ], [ -92.657789868477849, 39.581989502177436 ], [ -92.655740437436208, 39.582742892537759 ], [ -92.653642655181713, 39.58341257806034 ], [ -92.65150227158972, 39.583996725634485 ], [ -92.649325153302883, 39.584493736333457 ], [ -92.647117267651097, 39.584902249773187 ], [ -92.644884666295468, 39.585221147820228 ], [ -92.642633468641108, 39.585449557639315 ], [ -92.640369845064313, 39.585586854072062 ], [ -92.6381, 39.585632661340682 ], [ -92.635830154935647, 39.585586854072062 ], [ -92.633566531358866, 39.585449557639315 ], [ -92.631315333704507, 39.585221147820228 ], [ -92.629082732348863, 39.584902249773187 ], [ -92.626874846697092, 39.584493736333457 ], [ -92.624697728410254, 39.583996725634485 ], [ -92.622557344818276, 39.58341257806034 ], [ -92.620459562563767, 39.582742892537759 ], [ -92.618410131522126, 39.581989502177436 ], [ -92.616414669041333, 39.581154469276498 ], [ -92.614478644545386, 39.580240079695379 ], [ -92.612607364542839, 39.579248836624323 ], [ -92.610805958082111, 39.578183453756097 ], [ -92.609079362693095, 39.577046847883466 ], [ -92.60743231085371, 39.575842130941126 ], [ -92.60586931701863, 39.574572601513601 ], [ -92.604394665245252, 39.573241735831999 ], [ -92.603012397451607, 39.571853178283796 ], [ -92.601726302337653, 39.570410731461379 ], [ -92.600539905000673, 39.568918345776041 ], [ -92.599456457273305, 39.56738010866561 ], [ -92.598478928810493, 39.565800233424959 ], [ -92.597609998949778, 39.564183047689447 ], [ -92.596852049367513, 39.562532981602644 ], [ -92.596207157550822, 39.560854555700573 ], [ -92.59567709110334, 39.559152368544972 ], [ -92.595263302900392, 39.557431084139751 ], [ -92.594966927106626, 39.555695419164422 ], [ -92.594788776067531, 39.553950130059654 ], [ -92.594729338082701, 39.5522 ] ] ] ] } },
{ "type": "Feature", "properties": { "fclty__": "W.A Parish Generating Station", "plnt_nm": "W A Parish", "utlty_n": "NRG Texas Power LLC", "strt_dd": "2500 Y. U. Jones Road", "city": "Thompsons", "state": "Texas", "zip": 77481, "prm_src": "coal" }, "geometry": { "type": "MultiPolygon", "coordinates": [ [ [ [ -95.58772933808271, 29.4828 ], [ -95.587788776067541, 29.480824072708547 ], [ -95.587966927106635, 29.47885352293077 ], [ -95.588263302900401, 29.476893752281189 ], [ -95.588677091103349, 29.474950133139014 ], [ -95.589207157550845, 29.473027993914179 ], [ -95.589852049367522, 29.471132604430643 ], [ -95.590609998949787, 29.4692691614671 ], [ -95.591478928810503, 29.467442774494916 ], [ -95.592456457273315, 29.465658451652516 ], [ -95.593539905000682, 29.463921085995032 ], [ -95.594726302337662, 29.462235442057008 ], [ -95.596012397451616, 29.460606142765307 ], [ -95.597394665245261, 29.459037656738566 ], [ -95.598869317018639, 29.457534286008034 ], [ -95.600432310853719, 29.456100154194026 ], [ -95.602079362693104, 29.454739195170703 ], [ -95.60380595808212, 29.453455142250505 ], [ -95.605607364542848, 29.452251517918352 ], [ -95.607478644545409, 29.451131624144086 ], [ -95.609414669041342, 29.450098533300032 ], [ -95.611410131522135, 29.449155079708934 ], [ -95.613459562563776, 29.448303851845832 ], [ -95.615557344818285, 29.447547185215416 ], [ -95.617697728410263, 29.446887155924959 ], [ -95.619874846697101, 29.446325574970388 ], [ -95.622082732348886, 29.445863983251677 ], [ -95.624315333704516, 29.445503647331339 ], [ -95.626566531358876, 29.445245555947864 ], [ -95.62883015493567, 29.44509041729378 ], [ -95.6311, 29.445038657065982 ], [ -95.633369845064337, 29.44509041729378 ], [ -95.635633468641117, 29.445245555947864 ], [ -95.637884666295477, 29.445503647331339 ], [ -95.640117267651121, 29.445863983251677 ], [ -95.642325153302892, 29.446325574970388 ], [ -95.64450227158973, 29.446887155924959 ], [ -95.646642655181722, 29.447547185215416 ], [ -95.648740437436217, 29.448303851845832 ], [ -95.650789868477858, 29.449155079708934 ], [ -95.65278533095865, 29.450098533300032 ], [ -95.654721355454598, 29.451131624144086 ], [ -95.656592635457145, 29.452251517918352 ], [ -95.658394041917887, 29.453455142250505 ], [ -95.660120637306889, 29.454739195170703 ], [ -95.661767689146274, 29.456100154194026 ], [ -95.663330682981368, 29.457534286008034 ], [ -95.664805334754732, 29.459037656738566 ], [ -95.666187602548376, 29.460606142765307 ], [ -95.667473697662345, 29.462235442057008 ], [ -95.668660094999311, 29.463921085995032 ], [ -95.669743542726678, 29.465658451652516 ], [ -95.67072107118949, 29.467442774494916 ], [ -95.671590001050205, 29.4692691614671 ], [ -95.672347950632471, 29.471132604430643 ], [ -95.672992842449162, 29.473027993914179 ], [ -95.673522908896643, 29.474950133139014 ], [ -95.673936697099592, 29.476893752281189 ], [ -95.674233072893358, 29.47885352293077 ], [ -95.674411223932452, 29.480824072708547 ], [ -95.674470661917283, 29.4828 ], [ -95.674411223932452, 29.484775888765931 ], [ -95.674233072893358, 29.486746323389209 ], [ -95.673936697099592, 29.488705903516983 ], [ -95.673522908896643, 29.490649258857445 ], [ -95.672992842449162, 29.492571063890932 ], [ -95.672347950632471, 29.494466052454946 ], [ -95.671590001050205, 29.496329032163352 ], [ -95.67072107118949, 29.498154898620321 ], [ -95.669743542726678, 29.499938649390291 ], [ -95.668660094999311, 29.501675397685876 ], [ -95.667473697662345, 29.503360385736496 ], [ -95.666187602548376, 29.504988997801306 ], [ -95.664805334754732, 29.506556772791086 ], [ -95.663330682981368, 29.508059416464857 ], [ -95.661767689146274, 29.509492813168087 ], [ -95.660120637306889, 29.510853037080654 ], [ -95.658394041917887, 29.512136362944126 ], [ -95.656592635457145, 29.513339276239385 ], [ -95.654721355454598, 29.514458482786843 ], [ -95.65278533095865, 29.515490917743588 ], [ -95.650789868477858, 29.516433753972905 ], [ -95.648740437436217, 29.517284409763704 ], [ -95.646642655181722, 29.518040555879015 ], [ -95.64450227158973, 29.518700121914467 ], [ -95.642325153302892, 29.519261301949623 ], [ -95.640117267651121, 29.519722559477092 ], [ -95.637884666295477, 29.520082631595791 ], [ -95.635633468641117, 29.520340532457528 ], [ -95.633369845064337, 29.520495555957162 ], [ -95.6311, 29.520547277659443 ], [ -95.62883015493567, 29.520495555957162 ], [ -95.626566531358876, 29.520340532457528 ], [ -95.624315333704516, 29.520082631595791 ], [ -95.622082732348886, 29.519722559477092 ], [ -95.619874846697101, 29.519261301949623 ], [ -95.617697728410263, 29.518700121914467 ], [ -95.615557344818285, 29.518040555879015 ], [ -95.613459562563776, 29.517284409763704 ], [ -95.611410131522135, 29.516433753972905 ], [ -95.609414669041342, 29.515490917743588 ], [ -95.607478644545409, 29.514458482786843 ], [ -95.605607364542848, 29.513339276239385 ], [ -95.60380595808212, 29.512136362944126 ], [ -95.602079362693104, 29.510853037080654 ], [ -95.600432310853719, 29.509492813168087 ], [ -95.598869317018639, 29.508059416464857 ], [ -95.597394665245261, 29.506556772791086 ], [ -95.596012397451616, 29.504988997801306 ], [ -95.594726302337662, 29.503360385736496 ], [ -95.593539905000682, 29.501675397685876 ], [ -95.592456457273315, 29.499938649390291 ], [ -95.591478928810503, 29.498154898620321 ], [ -95.590609998949787, 29.496329032163352 ], [ -95.589852049367522, 29.494466052454946 ], [ -95.589207157550845, 29.492571063890932 ], [ -95.588677091103349, 29.490649258857445 ], [ -95.588263302900401, 29.488705903516983 ], [ -95.587966927106635, 29.486746323389209 ], [ -95.587788776067541, 29.484775888765931 ], [ -95.58772933808271, 29.4828 ] ] ] ] } },
{ "type": "Feature", "properties": { "fclty__": "Walleye Power, LLC Bay Shore Unit 1", "plnt_nm": "FirstEnergy Bay Shore", "utlty_n": "Walleye Power, LLC", "strt_dd": "4701 Bay Shore Road", "city": "Oregon", "state": "Ohio", "zip": 43616, "prm_src": "petroleum" }, "geometry": { "type": "MultiPolygon", "coordinates": [ [ [ [ -83.394429338082702, 41.6917 ], [ -83.394488776067533, 41.69000500595623 ], [ -83.394666927106627, 41.688314613295127 ], [ -83.394963302900393, 41.686633455814174 ], [ -83.395377091103356, 41.684966142356664 ], [ -83.395907157550823, 41.683317244169373 ], [ -83.396552049367514, 41.681691282359232 ], [ -83.397309998949765, 41.680092715483894 ], [ -83.398178928810495, 41.678525927310183 ], [ -83.399156457273307, 41.67699521477433 ], [ -83.400239905000674, 41.675504776177242 ], [ -83.40142630233764, 41.674058699647368 ], [ -83.402712397451609, 41.672660951903197 ], [ -83.404094665245253, 41.671315367346587 ], [ -83.405569317018617, 41.670025637517057 ], [ -83.407132310853726, 41.668795300936438 ], [ -83.408779362693082, 41.667627733372107 ], [ -83.410505958082112, 41.666526138545912 ], [ -83.412307364542855, 41.665493539314603 ], [ -83.414178644545387, 41.664532769346529 ], [ -83.416114669041349, 41.663646465317576 ], [ -83.418110131522127, 41.662837059648488 ], [ -83.420159562563768, 41.66210677380343 ], [ -83.422257344818277, 41.661457612169016 ], [ -83.424397728410241, 41.660891356530506 ], [ -83.426574846697093, 41.660409561160982 ], [ -83.428782732348878, 41.660013548536959 ], [ -83.431015333704522, 41.659704405692722 ], [ -83.433266531358868, 41.659482981223334 ], [ -83.435530154935648, 41.659349882945023 ], [ -83.4378, 41.659305476219188 ], [ -83.440069845064329, 41.659349882945023 ], [ -83.44233346864111, 41.659482981223334 ], [ -83.444584666295469, 41.659704405692722 ], [ -83.446817267651099, 41.660013548536959 ], [ -83.44902515330287, 41.660409561160982 ], [ -83.451202271589722, 41.660891356530506 ], [ -83.4533426551817, 41.661457612169016 ], [ -83.455440437436209, 41.66210677380343 ], [ -83.45748986847785, 41.662837059648488 ], [ -83.459485330958628, 41.663646465317576 ], [ -83.46142135545459, 41.664532769346529 ], [ -83.463292635457137, 41.665493539314603 ], [ -83.465094041917865, 41.666526138545912 ], [ -83.466820637306895, 41.667627733372107 ], [ -83.468467689146266, 41.668795300936438 ], [ -83.47003068298136, 41.670025637517057 ], [ -83.471505334754724, 41.671315367346587 ], [ -83.472887602548383, 41.672660951903197 ], [ -83.474173697662323, 41.674058699647368 ], [ -83.475360094999317, 41.675504776177242 ], [ -83.47644354272667, 41.67699521477433 ], [ -83.477421071189497, 41.678525927310183 ], [ -83.478290001050212, 41.680092715483894 ], [ -83.479047950632477, 41.681691282359232 ], [ -83.479692842449154, 41.683317244169373 ], [ -83.480222908896621, 41.684966142356664 ], [ -83.480636697099598, 41.686633455814174 ], [ -83.48093307289335, 41.688314613295127 ], [ -83.481111223932444, 41.69000500595623 ], [ -83.481170661917275, 41.6917 ], [ -83.481111223932444, 41.693394949381855 ], [ -83.48093307289335, 41.69508520854648 ], [ -83.480636697099598, 41.696766145159067 ], [ -83.480222908896621, 41.698433152796163 ], [ -83.479692842449154, 41.70008166356164 ], [ -83.479047950632477, 41.701707160593244 ], [ -83.478290001050212, 41.703305190425539 ], [ -83.477421071189497, 41.704871375175642 ], [ -83.47644354272667, 41.70640142451856 ], [ -83.475360094999317, 41.707891147419481 ], [ -83.474173697662323, 41.709336463591285 ], [ -83.472887602548383, 41.710733414646093 ], [ -83.471505334754724, 41.712078174910772 ], [ -83.47003068298136, 41.713367061876909 ], [ -83.468467689146266, 41.714596546257248 ], [ -83.466820637306895, 41.715763261621326 ], [ -83.465094041917865, 41.71686401358415 ], [ -83.463292635457137, 41.71789578852357 ], [ -83.46142135545459, 41.718855761802359 ], [ -83.459485330958628, 41.719741305473299 ], [ -83.45748986847785, 41.720549995446319 ], [ -83.455440437436209, 41.721279618098542 ], [ -83.4533426551817, 41.721928176309454 ], [ -83.451202271589722, 41.722493894905 ], [ -83.44902515330287, 41.722975225496072 ], [ -83.446817267651099, 41.723370850698352 ], [ -83.444584666295469, 41.723679687722246 ], [ -83.44233346864111, 41.723900891323318 ], [ -83.440069845064329, 41.724033856105187 ], [ -83.4378, 41.724078218169105 ], [ -83.435530154935648, 41.724033856105187 ], [ -83.433266531358868, 41.723900891323318 ], [ -83.431015333704522, 41.723679687722246 ], [ -83.428782732348878, 41.723370850698352 ], [ -83.426574846697093, 41.722975225496072 ], [ -83.424397728410241, 41.722493894905 ], [ -83.422257344818277, 41.721928176309454 ], [ -83.420159562563768, 41.721279618098542 ], [ -83.418110131522127, 41.720549995446319 ], [ -83.416114669041349, 41.719741305473299 ], [ -83.414178644545387, 41.718855761802359 ], [ -83.412307364542855, 41.71789578852357 ], [ -83.410505958082112, 41.71686401358415 ], [ -83.408779362693082, 41.715763261621326 ], [ -83.407132310853726, 41.714596546257248 ], [ -83.405569317018617, 41.713367061876909 ], [ -83.404094665245253, 41.712078174910772 ], [ -83.402712397451609, 41.710733414646093 ], [ -83.40142630233764, 41.709336463591285 ], [ -83.400239905000674, 41.707891147419481 ], [ -83.399156457273307, 41.70640142451856 ], [ -83.398178928810495, 41.704871375175642 ], [ -83.397309998949765, 41.703305190425539 ], [ -83.396552049367514, 41.701707160593244 ], [ -83.395907157550823, 41.70008166356164 ], [ -83.395377091103356, 41.698433152796163 ], [ -83.394963302900393, 41.696766145159067 ], [ -83.394666927106627, 41.695085208546487 ], [ -83.394488776067533, 41.693394949381855 ], [ -83.394429338082702, 41.6917 ] ] ] ] } },
{ "type": "Feature", "properties": { "fclty__": "White Bluff Steam Electric Station Unit 1", "plnt_nm": "White Bluff", "utlty_n": "Entergy Arkansas LLC", "strt_dd": "1100 White Bluff Road", "city": "Redfield", "state": "Arkansas", "zip": 72132, "prm_src": "coal" }, "geometry": { "type": "MultiPolygon", "coordinates": [ [ [ [ -92.097229338082713, 34.4228 ], [ -92.097288776067558, 34.420927609688107 ], [ -92.097466927106638, 34.419060309709693 ], [ -92.097763302900404, 34.417203218720068 ], [ -92.098177091103381, 34.415361427729316 ], [ -92.098707157550848, 34.413539986138815 ], [ -92.099352049367525, 34.411743887888285 ], [ -92.10010999894979, 34.409978057751267 ], [ -92.100978928810505, 34.408247337817137 ], [ -92.101956457273332, 34.406556474196414 ], [ -92.103039905000699, 34.40491010398663 ], [ -92.104226302337665, 34.403312742534283 ], [ -92.105512397451633, 34.401768771028316 ], [ -92.106894665245264, 34.400282424459512 ], [ -92.108369317018642, 34.398857779979004 ], [ -92.109932310853736, 34.397498745688239 ], [ -92.111579362693107, 34.396209049891588 ], [ -92.113305958082123, 34.394992230841297 ], [ -92.115107364542865, 34.393851627003436 ], [ -92.116978644545412, 34.392790367871726 ], [ -92.118914669041359, 34.391811365355125 ], [ -92.120910131522152, 34.390917305762748 ], [ -92.122959562563778, 34.390110642408828 ], [ -92.125057344818288, 34.389393588858141 ], [ -92.127197728410266, 34.388768112830768 ], [ -92.129374846697118, 34.388235930783217 ], [ -92.131582732348903, 34.387798503181116 ], [ -92.133815333704518, 34.387457030476533 ], [ -92.136066531358878, 34.387212449801261 ], [ -92.138330154935673, 34.387065432385299 ], [ -92.1406, 34.387016381707767 ], [ -92.142869845064354, 34.387065432385299 ], [ -92.145133468641134, 34.387212449801261 ], [ -92.14738466629548, 34.387457030476533 ], [ -92.149617267651124, 34.387798503181116 ], [ -92.151825153302894, 34.388235930783217 ], [ -92.154002271589746, 34.388768112830768 ], [ -92.156142655181725, 34.389393588858141 ], [ -92.158240437436234, 34.390110642408828 ], [ -92.160289868477861, 34.390917305762748 ], [ -92.162285330958653, 34.391811365355125 ], [ -92.164221355454615, 34.392790367871726 ], [ -92.166092635457147, 34.393851627003436 ], [ -92.16789404191789, 34.394992230841297 ], [ -92.169620637306906, 34.396209049891588 ], [ -92.171267689146276, 34.397498745688239 ], [ -92.17283068298137, 34.398857779979004 ], [ -92.174305334754749, 34.400282424459512 ], [ -92.175687602548379, 34.401768771028316 ], [ -92.176973697662348, 34.403312742534283 ], [ -92.178160094999313, 34.40491010398663 ], [ -92.179243542726681, 34.406556474196414 ], [ -92.180221071189507, 34.408247337817137 ], [ -92.181090001050222, 34.409978057751267 ], [ -92.181847950632488, 34.411743887888285 ], [ -92.182492842449179, 34.413539986138815 ], [ -92.183022908896646, 34.415361427729316 ], [ -92.183436697099609, 34.417203218720068 ], [ -92.183733072893375, 34.419060309709693 ], [ -92.183911223932455, 34.420927609688107 ], [ -92.1839706619173, 34.4228 ], [ -92.183911223932455, 34.42467234838039 ], [ -92.183733072893375, 34.426539523023692 ], [ -92.183436697099609, 34.428396406647806 ], [ -92.183022908896646, 34.430237910514577 ], [ -92.182492842449179, 34.432058988368411 ], [ -92.181847950632488, 34.433854650254794 ], [ -92.181090001050222, 34.435619976181037 ], [ -92.180221071189507, 34.437350129582079 ], [ -92.179243542726681, 34.43904037055438 ], [ -92.178160094999313, 34.440686068822309 ], [ -92.176973697662348, 34.442282716401323 ], [ -92.175687602548379, 34.443825939923798 ], [ -92.174305334754749, 34.445311512594024 ], [ -92.17283068298137, 34.446735365739876 ], [ -92.171267689146276, 34.448093599929919 ], [ -92.169620637306906, 34.449382495625869 ], [ -92.16789404191789, 34.450598523341526 ], [ -92.166092635457147, 34.451738353280881 ], [ -92.164221355454615, 34.452798864429184 ], [ -92.162285330958653, 34.453777153072529 ], [ -92.160289868477861, 34.454670540723171 ], [ -92.158240437436234, 34.455476581428783 ], [ -92.156142655181725, 34.456193068446474 ], [ -92.154002271589746, 34.456818040263215 ], [ -92.151825153302894, 34.457349785946725 ], [ -92.149617267651124, 34.457786849812258 ], [ -92.14738466629548, 34.458128035392939 ], [ -92.145133468641134, 34.458372408702743 ], [ -92.142869845064354, 34.458519300783628 ], [ -92.1406, 34.458568309529667 ], [ -92.138330154935673, 34.458519300783628 ], [ -92.136066531358878, 34.458372408702743 ], [ -92.133815333704518, 34.458128035392939 ], [ -92.131582732348903, 34.457786849812258 ], [ -92.129374846697118, 34.457349785946725 ], [ -92.127197728410266, 34.456818040263215 ], [ -92.125057344818288, 34.456193068446474 ], [ -92.122959562563778, 34.455476581428783 ], [ -92.120910131522152, 34.454670540723171 ], [ -92.118914669041359, 34.453777153072529 ], [ -92.116978644545412, 34.452798864429184 ], [ -92.115107364542865, 34.451738353280881 ], [ -92.113305958082123, 34.450598523341526 ], [ -92.111579362693107, 34.449382495625869 ], [ -92.109932310853736, 34.448093599929919 ], [ -92.108369317018642, 34.446735365739876 ], [ -92.106894665245264, 34.445311512594024 ], [ -92.105512397451633, 34.443825939923798 ], [ -92.104226302337665, 34.442282716401323 ], [ -92.103039905000699, 34.440686068822309 ], [ -92.101956457273332, 34.43904037055438 ], [ -92.100978928810505, 34.437350129582079 ], [ -92.10010999894979, 34.435619976181037 ], [ -92.099352049367525, 34.433854650254794 ], [ -92.098707157550848, 34.432058988368411 ], [ -92.098177091103381, 34.430237910514577 ], [ -92.097763302900404, 34.428396406647806 ], [ -92.097466927106638, 34.426539523023692 ], [ -92.097288776067558, 34.42467234838039 ], [ -92.097229338082713, 34.4228 ] ] ] ] } }
]
}
