{
  "type": "FeatureCollection",
  "name": "buffers_for_map",
  "crs": {
    "type": "name",
    "properties": { "name": "urn:ogc:def:crs:EPSG::3857" }
  },
  "features": [
    {
      "type": "Feature",
      "properties": {
        "fclty__": "Antelope Valley Station Units 1 and 2",
        "plnt_nm": "Antelope Valley",
        "utlty_n": "Basin Electric Power Coop",
        "strt_dd": "Hwy 200",
        "city": "Beulah",
        "state": "North Dakota",
        "zip": 58523,
        "prm_src": "coal"
      },
      "geometry": {
        "type": "MultiPolygon",
        "coordinates": [
          [
            [
              [-11331465.815796937793493, 6002767.084971123374999],
              [-11331472.432403143495321, 6002514.406974382698536],
              [-11331492.264086099341512, 6002262.421550466679037],
              [-11331525.256488544866443, 6002011.819373909384012],
              [-11331571.319180594757199, 6001763.287327854894102],
              [-11331630.325907614082098, 6001517.506621368229389],
              [-11331702.114936264231801, 6001275.150922280736268],
              [-11331786.489497808739543, 6001036.884510718286037],
              [-11331883.2183274384588, 6000803.360458353534341],
              [-11331992.036298155784607, 6000575.218838380649686],
              [-11332112.645147467032075, 6000353.084971123374999],
              [-11332244.714294897392392, 6000137.567710070870817],
              [-11332387.881748095154762, 5999929.257773055694997],
              [-11332541.755095023661852, 5999728.726123134605587],
              [-11332705.912579532712698, 5999536.522403622977436],
              [-11332879.904257368296385, 5999353.173431554809213],
              [-11333063.25322943739593, 5999179.181753718294203],
              [-11333255.456948949024081, 5999015.024269209243357],
              [-11333455.988598870113492, 5998861.150922280736268],
              [-11333664.298535885289311, 5998717.983469082973897],
              [-11333879.815796937793493, 5998585.914321651682258],
              [-11334101.949664195999503, 5998465.305472342297435],
              [-11334330.091284167021513, 5998356.487501624971628],
              [-11334563.615336533635855, 5998259.758671995252371],
              [-11334801.881748095154762, 5998175.384110450744629],
              [-11335044.237447183579206, 5998103.595081799663603],
              [-11335290.018153669312596, 5998044.588354780338705],
              [-11335538.550199722871184, 5997998.525662730447948],
              [-11335789.152376281097531, 5997965.533260284923017],
              [-11336041.137800196185708, 5997945.701577328145504],
              [-11336293.815796937793493, 5997939.084971123374999],
              [-11336546.493793679401278, 5997945.701577328145504],
              [-11336798.479217594489455, 5997965.533260284923017],
              [-11337049.081394152715802, 5997998.525662730447948],
              [-11337297.61344020627439, 5998044.588354780338705],
              [-11337543.39414669200778, 5998103.595081799663603],
              [-11337785.749845780432224, 5998175.384110450744629],
              [-11338024.016257341951132, 5998259.758671995252371],
              [-11338257.540309708565474, 5998356.487501624971628],
              [-11338485.681929679587483, 5998465.305472342297435],
              [-11338707.815796937793493, 5998585.914321651682258],
              [-11338923.333057990297675, 5998717.983469082973897],
              [-11339131.642995005473495, 5998861.150922280736268],
              [-11339332.174644926562905, 5999015.024269209243357],
              [-11339524.378364438191056, 5999179.181753718294203],
              [-11339707.727336507290602, 5999353.173431554809213],
              [-11339881.719014342874289, 5999536.522403622977436],
              [-11340045.876498851925135, 5999728.726123134605587],
              [-11340199.749845780432224, 5999929.257773055694997],
              [-11340342.917298978194594, 6000137.567710070870817],
              [-11340474.986446408554912, 6000353.084971123374999],
              [-11340595.59529571980238, 6000575.218838380649686],
              [-11340704.413266437128186, 6000803.360458353534341],
              [-11340801.142096066847444, 6001036.884510718286037],
              [-11340885.516657611355186, 6001275.150922280736268],
              [-11340957.305686261504889, 6001517.506621368229389],
              [-11341016.312413280829787, 6001763.287327854894102],
              [-11341062.375105330720544, 6002011.819373909384012],
              [-11341095.367507776245475, 6002262.421550466679037],
              [-11341115.199190732091665, 6002514.406974382698536],
              [-11341121.815796937793493, 6002767.084971123374999],
              [-11341115.199190732091665, 6003019.762967864051461],
              [-11341095.367507776245475, 6003271.748391779139638],
              [-11341062.375105330720544, 6003522.350568337365985],
              [-11341016.312413280829787, 6003770.882614391855896],
              [-11340957.305686261504889, 6004016.663320878520608],
              [-11340885.516657611355186, 6004259.01901996601373],
              [-11340801.142096066847444, 6004497.28543152846396],
              [-11340704.413266437128186, 6004730.809483893215656],
              [-11340595.59529571980238, 6004958.951103866100311],
              [-11340474.986446408554912, 6005181.084971123374999],
              [-11340342.917298978194594, 6005396.60223217587918],
              [-11340199.749845780432224, 6005604.912169191055],
              [-11340045.876498851925135, 6005805.443819112144411],
              [-11339881.719014342874289, 6005997.647538623772562],
              [-11339707.727336507290602, 6006180.996510691940784],
              [-11339524.378364438191056, 6006354.988188528455794],
              [-11339332.174644926562905, 6006519.14567303750664],
              [-11339131.642995005473495, 6006673.01901996601373],
              [-11338923.333057990297675, 6006816.1864731637761],
              [-11338707.815796937793493, 6006948.255620595067739],
              [-11338485.681929679587483, 6007068.864469904452562],
              [-11338257.540309708565474, 6007177.682440621778369],
              [-11338024.016257341951132, 6007274.411270251497626],
              [-11337785.749845780432224, 6007358.785831796005368],
              [-11337543.39414669200778, 6007430.574860447086394],
              [-11337297.61344020627439, 6007489.581587466411293],
              [-11337049.081394152715802, 6007535.644279516302049],
              [-11336798.479217594489455, 6007568.63668196182698],
              [-11336546.493793679401278, 6007588.468364918604493],
              [-11336293.815796937793493, 6007595.084971123374999],
              [-11336041.137800196185708, 6007588.468364918604493],
              [-11335789.152376281097531, 6007568.63668196182698],
              [-11335538.550199722871184, 6007535.644279516302049],
              [-11335290.018153669312596, 6007489.581587466411293],
              [-11335044.237447183579206, 6007430.574860447086394],
              [-11334801.881748095154762, 6007358.785831796005368],
              [-11334563.615336533635855, 6007274.411270251497626],
              [-11334330.091284167021513, 6007177.682440621778369],
              [-11334101.949664195999503, 6007068.864469904452562],
              [-11333879.815796937793493, 6006948.255620595067739],
              [-11333664.298535885289311, 6006816.1864731637761],
              [-11333455.988598870113492, 6006673.01901996601373],
              [-11333255.456948949024081, 6006519.14567303750664],
              [-11333063.25322943739593, 6006354.988188528455794],
              [-11332879.904257368296385, 6006180.996510691940784],
              [-11332705.912579532712698, 6005997.647538623772562],
              [-11332541.755095023661852, 6005805.443819112144411],
              [-11332387.881748095154762, 6005604.912169191055],
              [-11332244.714294897392392, 6005396.60223217587918],
              [-11332112.645147467032075, 6005181.084971123374999],
              [-11331992.036298155784607, 6004958.951103866100311],
              [-11331883.2183274384588, 6004730.809483893215656],
              [-11331786.489497808739543, 6004497.28543152846396],
              [-11331702.114936264231801, 6004259.01901996601373],
              [-11331630.325907614082098, 6004016.663320878520608],
              [-11331571.319180594757199, 6003770.882614391855896],
              [-11331525.256488544866443, 6003522.350568337365985],
              [-11331492.264086099341512, 6003271.748391780070961],
              [-11331472.432403143495321, 6003019.762967864051461],
              [-11331465.815796937793493, 6002767.084971123374999]
            ]
          ]
        ]
      }
    },
    {
      "type": "Feature",
      "properties": {
        "fclty__": "Apache Generating Station",
        "plnt_nm": "Apache Station",
        "utlty_n": "Arizona Electric Pwr Coop Inc",
        "strt_dd": "3525 N US Hwy 191",
        "city": "Cochise",
        "state": "Arizona",
        "zip": 85606,
        "prm_src": "natural gas"
      },
      "geometry": {
        "type": "MultiPolygon",
        "coordinates": [
          [
            [
              [-12228415.933694291859865, 3771228.544462541583925],
              [-12228422.550300497561693, 3770975.866465800441802],
              [-12228442.381983453407884, 3770723.881041885353625],
              [-12228475.374385898932815, 3770473.278865327127278],
              [-12228521.437077948823571, 3770224.74681927356869],
              [-12228580.44380496814847, 3769978.966112786438316],
              [-12228652.232833618298173, 3769736.610413699410856],
              [-12228736.607395162805915, 3769498.344002136960626],
              [-12228833.336224792525172, 3769264.819949771743268],
              [-12228942.154195509850979, 3769036.678329798858613],
              [-12229062.763044821098447, 3768814.544462541583925],
              [-12229194.832192251458764, 3768599.027201489079744],
              [-12229337.999645449221134, 3768390.717264473438263],
              [-12229491.872992377728224, 3768190.185614552814513],
              [-12229656.03047688677907, 3767997.981895041186363],
              [-12229830.022154722362757, 3767814.63292297301814],
              [-12230013.371126791462302, 3767640.64124513650313],
              [-12230205.574846303090453, 3767476.483760627452284],
              [-12230406.106496224179864, 3767322.610413699410856],
              [-12230614.416433239355683, 3767179.442960501182824],
              [-12230829.933694291859865, 3767047.373813070356846],
              [-12231052.067561550065875, 3766926.7649637600407],
              [-12231280.209181521087885, 3766817.946993043180555],
              [-12231513.733233887702227, 3766721.218163412995636],
              [-12231751.999645449221134, 3766636.843601868487895],
              [-12231994.355344537645578, 3766565.05457321787253],
              [-12232240.136051023378968, 3766506.047846198547632],
              [-12232488.668097076937556, 3766459.985154148191214],
              [-12232739.270273635163903, 3766426.992751703597605],
              [-12232991.25569755025208, 3766407.161068746354431],
              [-12233243.933694291859865, 3766400.544462541583925],
              [-12233496.61169103346765, 3766407.161068746354431],
              [-12233748.597114948555827, 3766426.992751703597605],
              [-12233999.199291506782174, 3766459.985154148191214],
              [-12234247.731337560340762, 3766506.047846198547632],
              [-12234493.512044046074152, 3766565.05457321787253],
              [-12234735.867743134498596, 3766636.843601868487895],
              [-12234974.134154696017504, 3766721.218163412995636],
              [-12235207.658207062631845, 3766817.946993043180555],
              [-12235435.799827033653855, 3766926.7649637600407],
              [-12235657.933694291859865, 3767047.373813070356846],
              [-12235873.450955344364047, 3767179.442960501182824],
              [-12236081.760892359539866, 3767322.610413699410856],
              [-12236282.292542280629277, 3767476.483760627452284],
              [-12236474.496261792257428, 3767640.64124513650313],
              [-12236657.845233861356974, 3767814.63292297301814],
              [-12236831.83691169694066, 3767997.981895041186363],
              [-12236995.994396205991507, 3768190.185614552814513],
              [-12237149.867743134498596, 3768390.717264473438263],
              [-12237293.035196332260966, 3768599.027201489079744],
              [-12237425.104343762621284, 3768814.544462541583925],
              [-12237545.713193073868752, 3769036.678329798858613],
              [-12237654.531163791194558, 3769264.819949771743268],
              [-12237751.259993420913815, 3769498.344002136960626],
              [-12237835.634554965421557, 3769736.610413699410856],
              [-12237907.42358361557126, 3769978.966112786438316],
              [-12237966.430310634896159, 3770224.74681927356869],
              [-12238012.493002684786916, 3770473.278865327127278],
              [-12238045.485405130311847, 3770723.881041885353625],
              [-12238065.317088086158037, 3770975.866465800441802],
              [-12238071.933694291859865, 3771228.544462541583925],
              [-12238065.317088086158037, 3771481.222459282726049],
              [-12238045.485405130311847, 3771733.207883197814226],
              [-12238012.493002684786916, 3771983.810059756040573],
              [-12237966.430310634896159, 3772232.342105809599161],
              [-12237907.42358361557126, 3772478.122812296729535],
              [-12237835.634554965421557, 3772720.478511383756995],
              [-12237751.259993420913815, 3772958.744922946207225],
              [-12237654.531163791194558, 3773192.268975311424583],
              [-12237545.713193073868752, 3773420.410595284309238],
              [-12237425.104343762621284, 3773642.544462541583925],
              [-12237293.035196332260966, 3773858.061723594088107],
              [-12237149.867743134498596, 3774066.371660609729588],
              [-12236995.994396205991507, 3774266.903310530353338],
              [-12236831.83691169694066, 3774459.107030041981488],
              [-12236657.845233861356974, 3774642.456002110149711],
              [-12236474.496261792257428, 3774816.447679946664721],
              [-12236282.292542280629277, 3774980.605164455715567],
              [-12236081.760892359539866, 3775134.478511383756995],
              [-12235873.450955344364047, 3775277.645964581985027],
              [-12235657.933694291859865, 3775409.715112012811005],
              [-12235435.799827033653855, 3775530.323961323127151],
              [-12235207.658207062631845, 3775639.141932039987296],
              [-12234974.134154696017504, 3775735.870761670172215],
              [-12234735.867743134498596, 3775820.245323214679956],
              [-12234493.512044046074152, 3775892.034351865295321],
              [-12234247.731337560340762, 3775951.041078884620219],
              [-12233999.199291506782174, 3775997.103770934976637],
              [-12233748.597114948555827, 3776030.096173379570246],
              [-12233496.61169103346765, 3776049.92785633681342],
              [-12233243.933694291859865, 3776056.544462541583925],
              [-12232991.25569755025208, 3776049.92785633681342],
              [-12232739.270273635163903, 3776030.096173379570246],
              [-12232488.668097076937556, 3775997.103770934976637],
              [-12232240.136051023378968, 3775951.041078884620219],
              [-12231994.355344537645578, 3775892.034351865295321],
              [-12231751.999645449221134, 3775820.245323214679956],
              [-12231513.733233887702227, 3775735.870761670172215],
              [-12231280.209181521087885, 3775639.141932039987296],
              [-12231052.067561550065875, 3775530.323961323127151],
              [-12230829.933694291859865, 3775409.715112012811005],
              [-12230614.416433239355683, 3775277.645964581985027],
              [-12230406.106496224179864, 3775134.478511383756995],
              [-12230205.574846303090453, 3774980.605164455715567],
              [-12230013.371126791462302, 3774816.447679946664721],
              [-12229830.022154722362757, 3774642.456002110149711],
              [-12229656.03047688677907, 3774459.107030041981488],
              [-12229491.872992377728224, 3774266.903310530353338],
              [-12229337.999645449221134, 3774066.371660609729588],
              [-12229194.832192251458764, 3773858.061723594088107],
              [-12229062.763044821098447, 3773642.544462541583925],
              [-12228942.154195509850979, 3773420.410595284309238],
              [-12228833.336224792525172, 3773192.268975311424583],
              [-12228736.607395162805915, 3772958.744922946207225],
              [-12228652.232833618298173, 3772720.478511383756995],
              [-12228580.44380496814847, 3772478.122812296729535],
              [-12228521.437077948823571, 3772232.342105809599161],
              [-12228475.374385898932815, 3771983.810059756040573],
              [-12228442.381983453407884, 3771733.207883197814226],
              [-12228422.550300497561693, 3771481.222459282726049],
              [-12228415.933694291859865, 3771228.544462541583925]
            ]
          ]
        ]
      }
    },
    {
      "type": "Feature",
      "properties": {
        "fclty__": "Baldwin Power Plant Unit 1 and Unit 2",
        "plnt_nm": "Baldwin Energy Complex",
        "utlty_n": "Dynegy Midwest Generation Inc",
        "strt_dd": "10901 Baldwin Rd Box146",
        "city": "Baldwin",
        "state": "Illinois",
        "zip": 62217,
        "prm_src": "coal"
      },
      "geometry": {
        "type": "MultiPolygon",
        "coordinates": [
          [
            [
              [-9997718.053535120561719, 4608426.051671713590622],
              [-9997724.670141326263547, 4608173.373674972914159],
              [-9997744.501824282109737, 4607921.38825105689466],
              [-9997777.494226727634668, 4607670.786074499599636],
              [-9997823.556918777525425, 4607422.254028445109725],
              [-9997882.563645796850324, 4607176.473321958445013],
              [-9997954.352674447000027, 4606934.117622870951891],
              [-9998038.727235991507769, 4606695.851211308501661],
              [-9998135.456065621227026, 4606462.327158943749964],
              [-9998244.274036338552833, 4606234.185538970865309],
              [-9998364.882885649800301, 4606012.051671713590622],
              [-9998496.952033080160618, 4605796.53441066108644],
              [-9998640.119486277922988, 4605588.224473645910621],
              [-9998793.992833206430078, 4605387.69282372482121],
              [-9998958.150317715480924, 4605195.489104213193059],
              [-9999132.14199555106461, 4605012.140132145024836],
              [-9999315.490967620164156, 4604838.148454308509827],
              [-9999507.694687131792307, 4604673.990969799458981],
              [-9999708.226337052881718, 4604520.117622870951891],
              [-9999916.536274068057537, 4604376.950169673189521],
              [-10000132.053535120561719, 4604244.881022241897881],
              [-10000354.187402378767729, 4604124.272172932513058],
              [-10000582.329022349789739, 4604015.454202215187252],
              [-10000815.85307471640408, 4603918.725372585467994],
              [-10001054.119486277922988, 4603834.350811040960252],
              [-10001296.475185366347432, 4603762.561782389879227],
              [-10001542.255891852080822, 4603703.555055370554328],
              [-10001790.78793790563941, 4603657.492363320663571],
              [-10002041.390114463865757, 4603624.49996087513864],
              [-10002293.375538378953934, 4603604.668277918361127],
              [-10002546.053535120561719, 4603598.051671713590622],
              [-10002798.731531862169504, 4603604.668277918361127],
              [-10003050.716955777257681, 4603624.49996087513864],
              [-10003301.319132335484028, 4603657.492363320663571],
              [-10003549.851178389042616, 4603703.555055370554328],
              [-10003795.631884874776006, 4603762.561782389879227],
              [-10004037.98758396320045, 4603834.350811040960252],
              [-10004276.253995524719357, 4603918.725372585467994],
              [-10004509.778047891333699, 4604015.454202215187252],
              [-10004737.919667862355709, 4604124.272172932513058],
              [-10004960.053535120561719, 4604244.881022241897881],
              [-10005175.570796173065901, 4604376.950169673189521],
              [-10005383.88073318824172, 4604520.117622870951891],
              [-10005584.412383109331131, 4604673.990969799458981],
              [-10005776.616102620959282, 4604838.148454308509827],
              [-10005959.965074690058827, 4605012.140132145024836],
              [-10006133.956752525642514, 4605195.489104213193059],
              [-10006298.11423703469336, 4605387.69282372482121],
              [-10006451.98758396320045, 4605588.224473645910621],
              [-10006595.15503716096282, 4605796.53441066108644],
              [-10006727.224184591323137, 4606012.051671713590622],
              [-10006847.833033902570605, 4606234.185538970865309],
              [-10006956.651004619896412, 4606462.327158943749964],
              [-10007053.379834249615669, 4606695.851211308501661],
              [-10007137.754395794123411, 4606934.117622870951891],
              [-10007209.543424444273114, 4607176.473321958445013],
              [-10007268.550151463598013, 4607422.254028445109725],
              [-10007314.61284351348877, 4607670.786074499599636],
              [-10007347.6052459590137, 4607921.38825105689466],
              [-10007367.436928914859891, 4608173.373674972914159],
              [-10007374.053535120561719, 4608426.051671713590622],
              [-10007367.436928914859891, 4608678.729668454267085],
              [-10007347.6052459590137, 4608930.715092369355261],
              [-10007314.61284351348877, 4609181.317268927581608],
              [-10007268.550151463598013, 4609429.849314982071519],
              [-10007209.543424444273114, 4609675.630021468736231],
              [-10007137.754395794123411, 4609917.985720556229353],
              [-10007053.379834249615669, 4610156.252132118679583],
              [-10006956.651004619896412, 4610389.77618448343128],
              [-10006847.833033902570605, 4610617.917804456315935],
              [-10006727.224184591323137, 4610840.051671713590622],
              [-10006595.15503716096282, 4611055.568932766094804],
              [-10006451.98758396320045, 4611263.878869781270623],
              [-10006298.11423703469336, 4611464.410519702360034],
              [-10006133.956752525642514, 4611656.614239213988185],
              [-10005959.965074690058827, 4611839.963211282156408],
              [-10005776.616102620959282, 4612013.954889118671417],
              [-10005584.412383109331131, 4612178.112373627722263],
              [-10005383.88073318824172, 4612331.985720556229353],
              [-10005175.570796173065901, 4612475.153173753991723],
              [-10004960.053535120561719, 4612607.222321185283363],
              [-10004737.919667862355709, 4612727.831170494668186],
              [-10004509.778047891333699, 4612836.649141211993992],
              [-10004276.253995524719357, 4612933.37797084171325],
              [-10004037.98758396320045, 4613017.752532386220992],
              [-10003795.631884874776006, 4613089.541561037302017],
              [-10003549.851178389042616, 4613148.548288056626916],
              [-10003301.319132335484028, 4613194.610980106517673],
              [-10003050.716955777257681, 4613227.603382552042603],
              [-10002798.731531862169504, 4613247.435065508820117],
              [-10002546.053535120561719, 4613254.051671713590622],
              [-10002293.375538378953934, 4613247.435065508820117],
              [-10002041.390114463865757, 4613227.603382552042603],
              [-10001790.78793790563941, 4613194.610980106517673],
              [-10001542.255891852080822, 4613148.548288056626916],
              [-10001296.475185366347432, 4613089.541561037302017],
              [-10001054.119486277922988, 4613017.752532386220992],
              [-10000815.85307471640408, 4612933.37797084171325],
              [-10000582.329022349789739, 4612836.649141211993992],
              [-10000354.187402378767729, 4612727.831170494668186],
              [-10000132.053535120561719, 4612607.222321185283363],
              [-9999916.536274068057537, 4612475.153173753991723],
              [-9999708.226337052881718, 4612331.985720556229353],
              [-9999507.694687131792307, 4612178.112373627722263],
              [-9999315.490967620164156, 4612013.954889118671417],
              [-9999132.14199555106461, 4611839.963211282156408],
              [-9998958.150317715480924, 4611656.614239213988185],
              [-9998793.992833206430078, 4611464.410519702360034],
              [-9998640.119486277922988, 4611263.878869781270623],
              [-9998496.952033080160618, 4611055.568932766094804],
              [-9998364.882885649800301, 4610840.051671713590622],
              [-9998244.274036338552833, 4610617.917804456315935],
              [-9998135.456065621227026, 4610389.77618448343128],
              [-9998038.727235991507769, 4610156.252132118679583],
              [-9997954.352674447000027, 4609917.985720556229353],
              [-9997882.563645796850324, 4609675.630021468736231],
              [-9997823.556918777525425, 4609429.849314982071519],
              [-9997777.494226727634668, 4609181.317268927581608],
              [-9997744.501824282109737, 4608930.715092370286584],
              [-9997724.670141326263547, 4608678.729668454267085],
              [-9997718.053535120561719, 4608426.051671713590622]
            ]
          ]
        ]
      }
    },
    {
      "type": "Feature",
      "properties": {
        "fclty__": "Barry Steam Electric Generating Facility Unit 5",
        "plnt_nm": "Barry",
        "utlty_n": "Alabama Power Co",
        "strt_dd": "North Highway 43",
        "city": "Bucks",
        "state": "Alabama",
        "zip": 36512,
        "prm_src": "natural gas"
      },
      "geometry": {
        "type": "MultiPolygon",
        "coordinates": [
          [
            [
              [-9792433.780563244596124, 3633645.272155516780913],
              [-9792440.397169450297952, 3633392.594158775638789],
              [-9792460.228852406144142, 3633140.608734860550612],
              [-9792493.221254851669073, 3632890.006558302324265],
              [-9792539.28394690155983, 3632641.474512248765677],
              [-9792598.290673920884728, 3632395.693805761635303],
              [-9792670.079702571034431, 3632153.338106674607843],
              [-9792754.454264115542173, 3631915.071695112157613],
              [-9792851.183093745261431, 3631681.547642746940255],
              [-9792960.001064462587237, 3631453.4060227740556],
              [-9793080.609913773834705, 3631231.272155516780913],
              [-9793212.679061204195023, 3631015.754894464276731],
              [-9793355.846514401957393, 3630807.44495744863525],
              [-9793509.719861330464482, 3630606.913307528011501],
              [-9793673.877345839515328, 3630414.70958801638335],
              [-9793847.869023675099015, 3630231.360615948215127],
              [-9794031.217995744198561, 3630057.368938111700118],
              [-9794223.421715255826712, 3629893.211453602649271],
              [-9794423.953365176916122, 3629739.338106674607843],
              [-9794632.263302192091942, 3629596.170653476379812],
              [-9794847.780563244596124, 3629464.101506045553833],
              [-9795069.914430502802134, 3629343.492656735237688],
              [-9795298.056050473824143, 3629234.674686018377542],
              [-9795531.580102840438485, 3629137.945856388192624],
              [-9795769.846514401957393, 3629053.571294843684882],
              [-9796012.202213490381837, 3628981.782266193069518],
              [-9796257.982919976115227, 3628922.775539173744619],
              [-9796506.514966029673815, 3628876.712847123388201],
              [-9796757.117142587900162, 3628843.720444678794593],
              [-9797009.102566502988338, 3628823.888761721551418],
              [-9797261.780563244596124, 3628817.272155516780913],
              [-9797514.458559986203909, 3628823.888761721551418],
              [-9797766.443983901292086, 3628843.720444678794593],
              [-9798017.046160459518433, 3628876.712847123388201],
              [-9798265.578206513077021, 3628922.775539173744619],
              [-9798511.35891299881041, 3628981.782266193069518],
              [-9798753.714612087234855, 3629053.571294843684882],
              [-9798991.981023648753762, 3629137.945856388192624],
              [-9799225.505076015368104, 3629234.674686018377542],
              [-9799453.646695986390114, 3629343.492656735237688],
              [-9799675.780563244596124, 3629464.101506045553833],
              [-9799891.297824297100306, 3629596.170653476379812],
              [-9800099.607761312276125, 3629739.338106674607843],
              [-9800300.139411233365536, 3629893.211453602649271],
              [-9800492.343130744993687, 3630057.368938111700118],
              [-9800675.692102814093232, 3630231.360615948215127],
              [-9800849.683780649676919, 3630414.70958801638335],
              [-9801013.841265158727765, 3630606.913307528011501],
              [-9801167.714612087234855, 3630807.44495744863525],
              [-9801310.882065284997225, 3631015.754894464276731],
              [-9801442.951212715357542, 3631231.272155516780913],
              [-9801563.56006202660501, 3631453.4060227740556],
              [-9801672.378032743930817, 3631681.547642746940255],
              [-9801769.106862373650074, 3631915.071695112157613],
              [-9801853.481423918157816, 3632153.338106674607843],
              [-9801925.270452568307519, 3632395.693805761635303],
              [-9801984.277179587632418, 3632641.474512248765677],
              [-9802030.339871637523174, 3632890.006558302324265],
              [-9802063.332274083048105, 3633140.608734860550612],
              [-9802083.163957038894296, 3633392.594158775638789],
              [-9802089.780563244596124, 3633645.272155516780913],
              [-9802083.163957038894296, 3633897.950152257923037],
              [-9802063.332274083048105, 3634149.935576173011214],
              [-9802030.339871637523174, 3634400.537752731237561],
              [-9801984.277179587632418, 3634649.069798784796149],
              [-9801925.270452568307519, 3634894.850505271926522],
              [-9801853.481423918157816, 3635137.206204358953983],
              [-9801769.106862373650074, 3635375.472615921404213],
              [-9801672.378032743930817, 3635608.996668286621571],
              [-9801563.56006202660501, 3635837.138288259506226],
              [-9801442.951212715357542, 3636059.272155516780913],
              [-9801310.882065284997225, 3636274.789416569285095],
              [-9801167.714612087234855, 3636483.099353584926575],
              [-9801013.841265158727765, 3636683.631003505550325],
              [-9800849.683780649676919, 3636875.834723017178476],
              [-9800675.692102814093232, 3637059.183695085346699],
              [-9800492.343130744993687, 3637233.175372921861708],
              [-9800300.139411233365536, 3637397.332857430912554],
              [-9800099.607761312276125, 3637551.206204358953983],
              [-9799891.297824297100306, 3637694.373657557182014],
              [-9799675.780563244596124, 3637826.442804988007993],
              [-9799453.646695986390114, 3637947.051654298324138],
              [-9799225.505076015368104, 3638055.869625015184283],
              [-9798991.981023648753762, 3638152.598454645369202],
              [-9798753.714612087234855, 3638236.973016189876944],
              [-9798511.35891299881041, 3638308.762044840492308],
              [-9798265.578206513077021, 3638367.768771859817207],
              [-9798017.046160459518433, 3638413.831463910173625],
              [-9797766.443983901292086, 3638446.823866354767233],
              [-9797514.458559986203909, 3638466.655549312010407],
              [-9797261.780563244596124, 3638473.272155516780913],
              [-9797009.102566502988338, 3638466.655549312010407],
              [-9796757.117142587900162, 3638446.823866354767233],
              [-9796506.514966029673815, 3638413.831463910173625],
              [-9796257.982919976115227, 3638367.768771859817207],
              [-9796012.202213490381837, 3638308.762044840492308],
              [-9795769.846514401957393, 3638236.973016189876944],
              [-9795531.580102840438485, 3638152.598454645369202],
              [-9795298.056050473824143, 3638055.869625015184283],
              [-9795069.914430502802134, 3637947.051654298324138],
              [-9794847.780563244596124, 3637826.442804988007993],
              [-9794632.263302192091942, 3637694.373657557182014],
              [-9794423.953365176916122, 3637551.206204358953983],
              [-9794223.421715255826712, 3637397.332857430912554],
              [-9794031.217995744198561, 3637233.175372921861708],
              [-9793847.869023675099015, 3637059.183695085346699],
              [-9793673.877345839515328, 3636875.834723017178476],
              [-9793509.719861330464482, 3636683.631003505550325],
              [-9793355.846514401957393, 3636483.099353584926575],
              [-9793212.679061204195023, 3636274.789416569285095],
              [-9793080.609913773834705, 3636059.272155516780913],
              [-9792960.001064462587237, 3635837.138288259506226],
              [-9792851.183093745261431, 3635608.996668286621571],
              [-9792754.454264115542173, 3635375.472615921404213],
              [-9792670.079702571034431, 3635137.206204358953983],
              [-9792598.290673920884728, 3634894.850505271926522],
              [-9792539.28394690155983, 3634649.069798784796149],
              [-9792493.221254851669073, 3634400.537752731237561],
              [-9792460.228852406144142, 3634149.935576173011214],
              [-9792440.397169450297952, 3633897.950152257923037],
              [-9792433.780563244596124, 3633645.272155516780913]
            ]
          ]
        ]
      }
    },
    {
      "type": "Feature",
      "properties": {
        "fclty__": "Big Stone Plant",
        "plnt_nm": "Big Stone",
        "utlty_n": "Otter Tail Power Co",
        "strt_dd": "48450  144th Street",
        "city": "Big Stone City",
        "state": "South Dakota",
        "zip": 57216,
        "prm_src": "coal"
      },
      "geometry": {
        "type": "MultiPolygon",
        "coordinates": [
          [
            [
              [-10738623.514864716678858, 5669452.627084237523377],
              [-10738630.131470922380686, 5669199.949087496846914],
              [-10738649.963153878226876, 5668947.963663580827415],
              [-10738682.955556323751807, 5668697.361487023532391],
              [-10738729.018248373642564, 5668448.82944096904248],
              [-10738788.024975392967463, 5668203.048734482377768],
              [-10738859.814004043117166, 5667960.693035394884646],
              [-10738944.188565587624907, 5667722.426623832434416],
              [-10739040.917395217344165, 5667488.902571467682719],
              [-10739149.735365934669971, 5667260.760951494798064],
              [-10739270.344215245917439, 5667038.627084237523377],
              [-10739402.413362676277757, 5666823.109823185019195],
              [-10739545.580815874040127, 5666614.799886169843376],
              [-10739699.454162802547216, 5666414.268236248753965],
              [-10739863.611647311598063, 5666222.064516737125814],
              [-10740037.603325147181749, 5666038.715544668957591],
              [-10740220.952297216281295, 5665864.723866832442582],
              [-10740413.156016727909446, 5665700.566382323391736],
              [-10740613.687666648998857, 5665546.693035394884646],
              [-10740821.997603664174676, 5665403.525582197122276],
              [-10741037.514864716678858, 5665271.456434765830636],
              [-10741259.648731974884868, 5665150.847585456445813],
              [-10741487.790351945906878, 5665042.029614739120007],
              [-10741721.314404312521219, 5664945.300785109400749],
              [-10741959.580815874040127, 5664860.926223564893007],
              [-10742201.936514962464571, 5664789.137194913811982],
              [-10742447.717221448197961, 5664730.130467894487083],
              [-10742696.249267501756549, 5664684.067775844596326],
              [-10742946.851444059982896, 5664651.075373399071395],
              [-10743198.836867975071073, 5664631.243690442293882],
              [-10743451.514864716678858, 5664624.627084237523377],
              [-10743704.192861458286643, 5664631.243690442293882],
              [-10743956.17828537337482, 5664651.075373399071395],
              [-10744206.780461931601167, 5664684.067775844596326],
              [-10744455.312507985159755, 5664730.130467894487083],
              [-10744701.093214470893145, 5664789.137194913811982],
              [-10744943.448913559317589, 5664860.926223564893007],
              [-10745181.715325120836496, 5664945.300785109400749],
              [-10745415.239377487450838, 5665042.029614739120007],
              [-10745643.380997458472848, 5665150.847585456445813],
              [-10745865.514864716678858, 5665271.456434765830636],
              [-10746081.03212576918304, 5665403.525582197122276],
              [-10746289.342062784358859, 5665546.693035394884646],
              [-10746489.87371270544827, 5665700.566382323391736],
              [-10746682.077432217076421, 5665864.723866832442582],
              [-10746865.426404286175966, 5666038.715544668957591],
              [-10747039.418082121759653, 5666222.064516737125814],
              [-10747203.575566630810499, 5666414.268236248753965],
              [-10747357.448913559317589, 5666614.799886169843376],
              [-10747500.616366757079959, 5666823.109823185019195],
              [-10747632.685514187440276, 5667038.627084237523377],
              [-10747753.294363498687744, 5667260.760951494798064],
              [-10747862.112334216013551, 5667488.902571467682719],
              [-10747958.841163845732808, 5667722.426623832434416],
              [-10748043.21572539024055, 5667960.693035394884646],
              [-10748115.004754040390253, 5668203.048734482377768],
              [-10748174.011481059715152, 5668448.82944096904248],
              [-10748220.074173109605908, 5668697.361487023532391],
              [-10748253.066575555130839, 5668947.963663580827415],
              [-10748272.89825851097703, 5669199.949087496846914],
              [-10748279.514864716678858, 5669452.627084237523377],
              [-10748272.89825851097703, 5669705.30508097819984],
              [-10748253.066575555130839, 5669957.290504893288016],
              [-10748220.074173109605908, 5670207.892681451514363],
              [-10748174.011481059715152, 5670456.424727506004274],
              [-10748115.004754040390253, 5670702.205433992668986],
              [-10748043.21572539024055, 5670944.561133080162108],
              [-10747958.841163845732808, 5671182.827544642612338],
              [-10747862.112334216013551, 5671416.351597007364035],
              [-10747753.294363498687744, 5671644.49321698024869],
              [-10747632.685514187440276, 5671866.627084237523377],
              [-10747500.616366757079959, 5672082.144345290027559],
              [-10747357.448913559317589, 5672290.454282305203378],
              [-10747203.575566630810499, 5672490.985932226292789],
              [-10747039.418082121759653, 5672683.18965173792094],
              [-10746865.426404286175966, 5672866.538623806089163],
              [-10746682.077432217076421, 5673040.530301642604172],
              [-10746489.87371270544827, 5673204.687786151655018],
              [-10746289.342062784358859, 5673358.561133080162108],
              [-10746081.03212576918304, 5673501.728586277924478],
              [-10745865.514864716678858, 5673633.797733709216118],
              [-10745643.380997458472848, 5673754.406583018600941],
              [-10745415.239377487450838, 5673863.224553735926747],
              [-10745181.715325120836496, 5673959.953383365646005],
              [-10744943.448913559317589, 5674044.327944910153747],
              [-10744701.093214470893145, 5674116.116973561234772],
              [-10744455.312507985159755, 5674175.123700580559671],
              [-10744206.780461931601167, 5674221.186392630450428],
              [-10743956.17828537337482, 5674254.178795075975358],
              [-10743704.192861458286643, 5674274.010478032752872],
              [-10743451.514864716678858, 5674280.627084237523377],
              [-10743198.836867975071073, 5674274.010478032752872],
              [-10742946.851444059982896, 5674254.178795075975358],
              [-10742696.249267501756549, 5674221.186392630450428],
              [-10742447.717221448197961, 5674175.123700580559671],
              [-10742201.936514962464571, 5674116.116973561234772],
              [-10741959.580815874040127, 5674044.327944910153747],
              [-10741721.314404312521219, 5673959.953383365646005],
              [-10741487.790351945906878, 5673863.224553735926747],
              [-10741259.648731974884868, 5673754.406583018600941],
              [-10741037.514864716678858, 5673633.797733709216118],
              [-10740821.997603664174676, 5673501.728586277924478],
              [-10740613.687666648998857, 5673358.561133080162108],
              [-10740413.156016727909446, 5673204.687786151655018],
              [-10740220.952297216281295, 5673040.530301642604172],
              [-10740037.603325147181749, 5672866.538623806089163],
              [-10739863.611647311598063, 5672683.18965173792094],
              [-10739699.454162802547216, 5672490.985932226292789],
              [-10739545.580815874040127, 5672290.454282305203378],
              [-10739402.413362676277757, 5672082.144345290027559],
              [-10739270.344215245917439, 5671866.627084237523377],
              [-10739149.735365934669971, 5671644.49321698024869],
              [-10739040.917395217344165, 5671416.351597007364035],
              [-10738944.188565587624907, 5671182.827544642612338],
              [-10738859.814004043117166, 5670944.561133080162108],
              [-10738788.024975392967463, 5670702.205433992668986],
              [-10738729.018248373642564, 5670456.424727506004274],
              [-10738682.955556323751807, 5670207.892681451514363],
              [-10738649.963153878226876, 5669957.290504894219339],
              [-10738630.131470922380686, 5669705.30508097819984],
              [-10738623.514864716678858, 5669452.627084237523377]
            ]
          ]
        ]
      }
    },
    {
      "type": "Feature",
      "properties": {
        "fclty__": "Bowen Steam Generator Unit 1, Unit 2, Unit 3, and Unit 4",
        "plnt_nm": "Bowen",
        "utlty_n": "Georgia Power Co",
        "strt_dd": "317 Covered Bridge Road, SW",
        "city": "Cartersville",
        "state": "Georgia",
        "zip": 30120,
        "prm_src": "coal"
      },
      "geometry": {
        "type": "MultiPolygon",
        "coordinates": [
          [
            [
              [-9448668.061044536530972, 4045679.531698693521321],
              [-9448674.6776507422328, 4045426.853701952379197],
              [-9448694.50933369807899, 4045174.86827803729102],
              [-9448727.501736143603921, 4044924.266101479064673],
              [-9448773.564428193494678, 4044675.734055425506085],
              [-9448832.571155212819576, 4044429.953348938375711],
              [-9448904.360183862969279, 4044187.597649851348251],
              [-9448988.734745407477021, 4043949.331238288898021],
              [-9449085.463575037196279, 4043715.807185923680663],
              [-9449194.281545754522085, 4043487.665565950796008],
              [-9449314.890395065769553, 4043265.531698693521321],
              [-9449446.95954249612987, 4043050.014437641017139],
              [-9449590.126995693892241, 4042841.704500625375658],
              [-9449744.00034262239933, 4042641.172850704751909],
              [-9449908.157827131450176, 4042448.969131193123758],
              [-9450082.149504967033863, 4042265.620159124955535],
              [-9450265.498477036133409, 4042091.628481288440526],
              [-9450457.702196547761559, 4041927.470996779389679],
              [-9450658.23384646885097, 4041773.597649851348251],
              [-9450866.54378348402679, 4041630.43019665312022],
              [-9451082.061044536530972, 4041498.361049222294241],
              [-9451304.194911794736981, 4041377.752199911978096],
              [-9451532.336531765758991, 4041268.93422919511795],
              [-9451765.860584132373333, 4041172.205399564933032],
              [-9452004.126995693892241, 4041087.83083802042529],
              [-9452246.482694782316685, 4041016.041809369809926],
              [-9452492.263401268050075, 4040957.035082350485027],
              [-9452740.795447321608663, 4040910.972390300128609],
              [-9452991.39762387983501, 4040877.979987855535001],
              [-9453243.383047794923186, 4040858.148304898291826],
              [-9453496.061044536530972, 4040851.531698693521321],
              [-9453748.739041278138757, 4040858.148304898291826],
              [-9454000.724465193226933, 4040877.979987855535001],
              [-9454251.32664175145328, 4040910.972390300128609],
              [-9454499.858687805011868, 4040957.035082350485027],
              [-9454745.639394290745258, 4041016.041809369809926],
              [-9454987.995093379169703, 4041087.83083802042529],
              [-9455226.26150494068861, 4041172.205399564933032],
              [-9455459.785557307302952, 4041268.93422919511795],
              [-9455687.927177278324962, 4041377.752199911978096],
              [-9455910.061044536530972, 4041498.361049222294241],
              [-9456125.578305589035153, 4041630.43019665312022],
              [-9456333.888242604210973, 4041773.597649851348251],
              [-9456534.419892525300384, 4041927.470996779389679],
              [-9456726.623612036928535, 4042091.628481288440526],
              [-9456909.97258410602808, 4042265.620159124955535],
              [-9457083.964261941611767, 4042448.969131193123758],
              [-9457248.121746450662613, 4042641.172850704751909],
              [-9457401.995093379169703, 4042841.704500625375658],
              [-9457545.162546576932073, 4043050.014437641017139],
              [-9457677.23169400729239, 4043265.531698693521321],
              [-9457797.840543318539858, 4043487.665565950796008],
              [-9457906.658514035865664, 4043715.807185923680663],
              [-9458003.387343665584922, 4043949.331238288898021],
              [-9458087.761905210092664, 4044187.597649851348251],
              [-9458159.550933860242367, 4044429.953348938375711],
              [-9458218.557660879567266, 4044675.734055425506085],
              [-9458264.620352929458022, 4044924.266101479064673],
              [-9458297.612755374982953, 4045174.86827803729102],
              [-9458317.444438330829144, 4045426.853701952379197],
              [-9458324.061044536530972, 4045679.531698693521321],
              [-9458317.444438330829144, 4045932.209695434663445],
              [-9458297.612755374982953, 4046184.195119349751621],
              [-9458264.620352929458022, 4046434.797295907977968],
              [-9458218.557660879567266, 4046683.329341961536556],
              [-9458159.550933860242367, 4046929.11004844866693],
              [-9458087.761905210092664, 4047171.465747535694391],
              [-9458003.387343665584922, 4047409.732159098144621],
              [-9457906.658514035865664, 4047643.256211463361979],
              [-9457797.840543318539858, 4047871.397831436246634],
              [-9457677.23169400729239, 4048093.531698693521321],
              [-9457545.162546576932073, 4048309.048959746025503],
              [-9457401.995093379169703, 4048517.358896761666983],
              [-9457248.121746450662613, 4048717.890546682290733],
              [-9457083.964261941611767, 4048910.094266193918884],
              [-9456909.97258410602808, 4049093.443238262087107],
              [-9456726.623612036928535, 4049267.434916098602116],
              [-9456534.419892525300384, 4049431.592400607652962],
              [-9456333.888242604210973, 4049585.465747535694391],
              [-9456125.578305589035153, 4049728.633200733922422],
              [-9455910.061044536530972, 4049860.7023481647484],
              [-9455687.927177278324962, 4049981.311197475064546],
              [-9455459.785557307302952, 4050090.129168191924691],
              [-9455226.26150494068861, 4050186.85799782210961],
              [-9454987.995093379169703, 4050271.232559366617352],
              [-9454745.639394290745258, 4050343.021588017232716],
              [-9454499.858687805011868, 4050402.028315036557615],
              [-9454251.32664175145328, 4050448.091007086914033],
              [-9454000.724465193226933, 4050481.083409531507641],
              [-9453748.739041278138757, 4050500.915092488750815],
              [-9453496.061044536530972, 4050507.531698693521321],
              [-9453243.383047794923186, 4050500.915092488750815],
              [-9452991.39762387983501, 4050481.083409531507641],
              [-9452740.795447321608663, 4050448.091007086914033],
              [-9452492.263401268050075, 4050402.028315036557615],
              [-9452246.482694782316685, 4050343.021588017232716],
              [-9452004.126995693892241, 4050271.232559366617352],
              [-9451765.860584132373333, 4050186.85799782210961],
              [-9451532.336531765758991, 4050090.129168191924691],
              [-9451304.194911794736981, 4049981.311197475064546],
              [-9451082.061044536530972, 4049860.7023481647484],
              [-9450866.54378348402679, 4049728.633200733922422],
              [-9450658.23384646885097, 4049585.465747535694391],
              [-9450457.702196547761559, 4049431.592400607652962],
              [-9450265.498477036133409, 4049267.434916098602116],
              [-9450082.149504967033863, 4049093.443238262087107],
              [-9449908.157827131450176, 4048910.094266193918884],
              [-9449744.00034262239933, 4048717.890546682290733],
              [-9449590.126995693892241, 4048517.358896761666983],
              [-9449446.95954249612987, 4048309.048959746025503],
              [-9449314.890395065769553, 4048093.531698693521321],
              [-9449194.281545754522085, 4047871.397831436246634],
              [-9449085.463575037196279, 4047643.256211463361979],
              [-9448988.734745407477021, 4047409.732159098144621],
              [-9448904.360183862969279, 4047171.465747535694391],
              [-9448832.571155212819576, 4046929.11004844866693],
              [-9448773.564428193494678, 4046683.329341961536556],
              [-9448727.501736143603921, 4046434.797295907977968],
              [-9448694.50933369807899, 4046184.195119349751621],
              [-9448674.6776507422328, 4045932.209695434663445],
              [-9448668.061044536530972, 4045679.531698693521321]
            ]
          ]
        ]
      }
    },
    {
      "type": "Feature",
      "properties": {
        "fclty__": "Brame Energy Center Unit 2",
        "plnt_nm": "Brame Energy Center",
        "utlty_n": "Cleco Power LLC",
        "strt_dd": "275 Rodemacher Rd",
        "city": "Lena",
        "state": "Louisiana",
        "zip": 71447,
        "prm_src": "petroleum"
      },
      "geometry": {
        "type": "MultiPolygon",
        "coordinates": [
          [
            [
              [-10316344.158489510416985, 3684154.363327672705054],
              [-10316350.775095716118813, 3683901.68533093156293],
              [-10316370.606778671965003, 3683649.699907016474754],
              [-10316403.599181117489934, 3683399.097730458248407],
              [-10316449.661873167380691, 3683150.565684404689819],
              [-10316508.668600186705589, 3682904.784977917559445],
              [-10316580.457628836855292, 3682662.429278830531985],
              [-10316664.832190381363034, 3682424.162867268081754],
              [-10316761.561020011082292, 3682190.638814902864397],
              [-10316870.378990728408098, 3681962.497194929979742],
              [-10316990.987840039655566, 3681740.363327672705054],
              [-10317123.056987470015883, 3681524.846066620200872],
              [-10317266.224440667778254, 3681316.536129604559392],
              [-10317420.097787596285343, 3681116.004479683935642],
              [-10317584.255272105336189, 3680923.800760172307491],
              [-10317758.246949940919876, 3680740.451788104139268],
              [-10317941.595922010019422, 3680566.460110267624259],
              [-10318133.799641521647573, 3680402.302625758573413],
              [-10318334.331291442736983, 3680248.429278830531985],
              [-10318542.641228457912803, 3680105.261825632303953],
              [-10318758.158489510416985, 3679973.192678201477975],
              [-10318980.292356768622994, 3679852.583828891161829],
              [-10319208.433976739645004, 3679743.765858174301684],
              [-10319441.958029106259346, 3679647.037028544116765],
              [-10319680.224440667778254, 3679562.662466999609023],
              [-10319922.580139756202698, 3679490.873438348993659],
              [-10320168.360846241936088, 3679431.86671132966876],
              [-10320416.892892295494676, 3679385.804019279312342],
              [-10320667.495068853721023, 3679352.811616834718734],
              [-10320919.480492768809199, 3679332.97993387747556],
              [-10321172.158489510416985, 3679326.363327672705054],
              [-10321424.83648625202477, 3679332.97993387747556],
              [-10321676.821910167112947, 3679352.811616834718734],
              [-10321927.424086725339293, 3679385.804019279312342],
              [-10322175.956132778897882, 3679431.86671132966876],
              [-10322421.736839264631271, 3679490.873438348993659],
              [-10322664.092538353055716, 3679562.662466999609023],
              [-10322902.358949914574623, 3679647.037028544116765],
              [-10323135.883002281188965, 3679743.765858174301684],
              [-10323364.024622252210975, 3679852.583828891161829],
              [-10323586.158489510416985, 3679973.192678201477975],
              [-10323801.675750562921166, 3680105.261825632303953],
              [-10324009.985687578096986, 3680248.429278830531985],
              [-10324210.517337499186397, 3680402.302625758573413],
              [-10324402.721057010814548, 3680566.460110267624259],
              [-10324586.070029079914093, 3680740.451788104139268],
              [-10324760.06170691549778, 3680923.800760172307491],
              [-10324924.219191424548626, 3681116.004479683935642],
              [-10325078.092538353055716, 3681316.536129604559392],
              [-10325221.259991550818086, 3681524.846066620200872],
              [-10325353.329138981178403, 3681740.363327672705054],
              [-10325473.937988292425871, 3681962.497194929979742],
              [-10325582.755959009751678, 3682190.638814902864397],
              [-10325679.484788639470935, 3682424.162867268081754],
              [-10325763.859350183978677, 3682662.429278830531985],
              [-10325835.64837883412838, 3682904.784977917559445],
              [-10325894.655105853453279, 3683150.565684404689819],
              [-10325940.717797903344035, 3683399.097730458248407],
              [-10325973.710200348868966, 3683649.699907016474754],
              [-10325993.541883304715157, 3683901.68533093156293],
              [-10326000.158489510416985, 3684154.363327672705054],
              [-10325993.541883304715157, 3684407.041324413847178],
              [-10325973.710200348868966, 3684659.026748328935355],
              [-10325940.717797903344035, 3684909.628924887161702],
              [-10325894.655105853453279, 3685158.16097094072029],
              [-10325835.64837883412838, 3685403.941677427850664],
              [-10325763.859350183978677, 3685646.297376514878124],
              [-10325679.484788639470935, 3685884.563788077328354],
              [-10325582.755959009751678, 3686118.087840442545712],
              [-10325473.937988292425871, 3686346.229460415430367],
              [-10325353.329138981178403, 3686568.363327672705054],
              [-10325221.259991550818086, 3686783.880588725209236],
              [-10325078.092538353055716, 3686992.190525740850717],
              [-10324924.219191424548626, 3687192.722175661474466],
              [-10324760.06170691549778, 3687384.925895173102617],
              [-10324586.070029079914093, 3687568.27486724127084],
              [-10324402.721057010814548, 3687742.26654507778585],
              [-10324210.517337499186397, 3687906.424029586836696],
              [-10324009.985687578096986, 3688060.297376514878124],
              [-10323801.675750562921166, 3688203.464829713106155],
              [-10323586.158489510416985, 3688335.533977143932134],
              [-10323364.024622252210975, 3688456.142826454248279],
              [-10323135.883002281188965, 3688564.960797171108425],
              [-10322902.358949914574623, 3688661.689626801293343],
              [-10322664.092538353055716, 3688746.064188345801085],
              [-10322421.736839264631271, 3688817.85321699641645],
              [-10322175.956132778897882, 3688876.859944015741348],
              [-10321927.424086725339293, 3688922.922636066097766],
              [-10321676.821910167112947, 3688955.915038510691375],
              [-10321424.83648625202477, 3688975.746721467934549],
              [-10321172.158489510416985, 3688982.363327672705054],
              [-10320919.480492768809199, 3688975.746721467934549],
              [-10320667.495068853721023, 3688955.915038510691375],
              [-10320416.892892295494676, 3688922.922636066097766],
              [-10320168.360846241936088, 3688876.859944015741348],
              [-10319922.580139756202698, 3688817.85321699641645],
              [-10319680.224440667778254, 3688746.064188345801085],
              [-10319441.958029106259346, 3688661.689626801293343],
              [-10319208.433976739645004, 3688564.960797171108425],
              [-10318980.292356768622994, 3688456.142826454248279],
              [-10318758.158489510416985, 3688335.533977143932134],
              [-10318542.641228457912803, 3688203.464829713106155],
              [-10318334.331291442736983, 3688060.297376514878124],
              [-10318133.799641521647573, 3687906.424029586836696],
              [-10317941.595922010019422, 3687742.26654507778585],
              [-10317758.246949940919876, 3687568.27486724127084],
              [-10317584.255272105336189, 3687384.925895173102617],
              [-10317420.097787596285343, 3687192.722175661474466],
              [-10317266.224440667778254, 3686992.190525740850717],
              [-10317123.056987470015883, 3686783.880588725209236],
              [-10316990.987840039655566, 3686568.363327672705054],
              [-10316870.378990728408098, 3686346.229460415430367],
              [-10316761.561020011082292, 3686118.087840442545712],
              [-10316664.832190381363034, 3685884.563788077328354],
              [-10316580.457628836855292, 3685646.297376514878124],
              [-10316508.668600186705589, 3685403.941677427850664],
              [-10316449.661873167380691, 3685158.16097094072029],
              [-10316403.599181117489934, 3684909.628924887161702],
              [-10316370.606778671965003, 3684659.026748328935355],
              [-10316350.775095716118813, 3684407.041324413847178],
              [-10316344.158489510416985, 3684154.363327672705054]
            ]
          ]
        ]
      }
    },
    {
      "type": "Feature",
      "properties": {
        "fclty__": "Coal Creek Station",
        "plnt_nm": "Coal Creek",
        "utlty_n": "Rainbow Energy Center",
        "strt_dd": "2875 3rd Street SW",
        "city": "Underwood",
        "state": "North Dakota",
        "zip": 58576,
        "prm_src": "coal"
      },
      "geometry": {
        "type": "MultiPolygon",
        "coordinates": [
          [
            [
              [-11255924.186705641448498, 6003950.785601205192506],
              [-11255930.803311847150326, 6003698.107604464516044],
              [-11255950.634994802996516, 6003446.122180548496544],
              [-11255983.627397248521447, 6003195.52000399120152],
              [-11256029.690089298412204, 6002946.987957936711609],
              [-11256088.696816317737103, 6002701.207251450046897],
              [-11256160.485844967886806, 6002458.851552362553775],
              [-11256244.860406512394547, 6002220.585140800103545],
              [-11256341.589236142113805, 6001987.061088435351849],
              [-11256450.407206859439611, 6001758.919468462467194],
              [-11256571.016056170687079, 6001536.785601205192506],
              [-11256703.085203601047397, 6001321.268340152688324],
              [-11256846.252656798809767, 6001112.958403137512505],
              [-11257000.126003727316856, 6000912.426753216423094],
              [-11257164.283488236367702, 6000720.223033704794943],
              [-11257338.275166071951389, 6000536.87406163662672],
              [-11257521.624138141050935, 6000362.882383800111711],
              [-11257713.827857652679086, 6000198.724899291060865],
              [-11257914.359507573768497, 6000044.851552362553775],
              [-11258122.669444588944316, 5999901.684099164791405],
              [-11258338.186705641448498, 5999769.614951733499765],
              [-11258560.320572899654508, 5999649.006102424114943],
              [-11258788.462192870676517, 5999540.188131706789136],
              [-11259021.986245237290859, 5999443.459302077069879],
              [-11259260.252656798809767, 5999359.084740532562137],
              [-11259502.608355887234211, 5999287.295711881481111],
              [-11259748.389062372967601, 5999228.288984862156212],
              [-11259996.921108426526189, 5999182.226292812265456],
              [-11260247.523284984752536, 5999149.233890366740525],
              [-11260499.508708899840713, 5999129.402207409963012],
              [-11260752.186705641448498, 5999122.785601205192506],
              [-11261004.864702383056283, 5999129.402207409963012],
              [-11261256.85012629814446, 5999149.233890366740525],
              [-11261507.452302856370807, 5999182.226292812265456],
              [-11261755.984348909929395, 5999228.288984862156212],
              [-11262001.765055395662785, 5999287.295711881481111],
              [-11262244.120754484087229, 5999359.084740532562137],
              [-11262482.387166045606136, 5999443.459302077069879],
              [-11262715.911218412220478, 5999540.188131706789136],
              [-11262944.052838383242488, 5999649.006102424114943],
              [-11263166.186705641448498, 5999769.614951733499765],
              [-11263381.70396669395268, 5999901.684099164791405],
              [-11263590.013903709128499, 6000044.851552362553775],
              [-11263790.54555363021791, 6000198.724899291060865],
              [-11263982.749273141846061, 6000362.882383800111711],
              [-11264166.098245210945606, 6000536.87406163662672],
              [-11264340.089923046529293, 6000720.223033704794943],
              [-11264504.247407555580139, 6000912.426753216423094],
              [-11264658.120754484087229, 6001112.958403137512505],
              [-11264801.288207681849599, 6001321.268340152688324],
              [-11264933.357355112209916, 6001536.785601205192506],
              [-11265053.966204423457384, 6001758.919468462467194],
              [-11265162.784175140783191, 6001987.061088435351849],
              [-11265259.513004770502448, 6002220.585140800103545],
              [-11265343.88756631501019, 6002458.851552362553775],
              [-11265415.676594965159893, 6002701.207251450046897],
              [-11265474.683321984484792, 6002946.987957936711609],
              [-11265520.746014034375548, 6003195.52000399120152],
              [-11265553.738416479900479, 6003446.122180548496544],
              [-11265573.57009943574667, 6003698.107604464516044],
              [-11265580.186705641448498, 6003950.785601205192506],
              [-11265573.57009943574667, 6004203.463597945868969],
              [-11265553.738416479900479, 6004455.449021860957146],
              [-11265520.746014034375548, 6004706.051198419183493],
              [-11265474.683321984484792, 6004954.583244473673403],
              [-11265415.676594965159893, 6005200.363950960338116],
              [-11265343.88756631501019, 6005442.719650047831237],
              [-11265259.513004770502448, 6005680.986061610281467],
              [-11265162.784175140783191, 6005914.510113975033164],
              [-11265053.966204423457384, 6006142.651733947917819],
              [-11264933.357355112209916, 6006364.785601205192506],
              [-11264801.288207681849599, 6006580.302862257696688],
              [-11264658.120754484087229, 6006788.612799272872508],
              [-11264504.247407555580139, 6006989.144449193961918],
              [-11264340.089923046529293, 6007181.348168705590069],
              [-11264166.098245210945606, 6007364.697140773758292],
              [-11263982.749273141846061, 6007538.688818610273302],
              [-11263790.54555363021791, 6007702.846303119324148],
              [-11263590.013903709128499, 6007856.719650047831237],
              [-11263381.70396669395268, 6007999.887103245593607],
              [-11263166.186705641448498, 6008131.956250676885247],
              [-11262944.052838383242488, 6008252.56509998627007],
              [-11262715.911218412220478, 6008361.383070703595877],
              [-11262482.387166045606136, 6008458.111900333315134],
              [-11262244.120754484087229, 6008542.486461877822876],
              [-11262001.765055395662785, 6008614.275490528903902],
              [-11261755.984348909929395, 6008673.2822175482288],
              [-11261507.452302856370807, 6008719.344909598119557],
              [-11261256.85012629814446, 6008752.337312043644488],
              [-11261004.864702383056283, 6008772.168995000422001],
              [-11260752.186705641448498, 6008778.785601205192506],
              [-11260499.508708899840713, 6008772.168995000422001],
              [-11260247.523284984752536, 6008752.337312043644488],
              [-11259996.921108426526189, 6008719.344909598119557],
              [-11259748.389062372967601, 6008673.2822175482288],
              [-11259502.608355887234211, 6008614.275490528903902],
              [-11259260.252656798809767, 6008542.486461877822876],
              [-11259021.986245237290859, 6008458.111900333315134],
              [-11258788.462192870676517, 6008361.383070703595877],
              [-11258560.320572899654508, 6008252.56509998627007],
              [-11258338.186705641448498, 6008131.956250676885247],
              [-11258122.669444588944316, 6007999.887103245593607],
              [-11257914.359507573768497, 6007856.719650047831237],
              [-11257713.827857652679086, 6007702.846303119324148],
              [-11257521.624138141050935, 6007538.688818610273302],
              [-11257338.275166071951389, 6007364.697140773758292],
              [-11257164.283488236367702, 6007181.348168705590069],
              [-11257000.126003727316856, 6006989.144449193961918],
              [-11256846.252656798809767, 6006788.612799272872508],
              [-11256703.085203601047397, 6006580.302862257696688],
              [-11256571.016056170687079, 6006364.785601205192506],
              [-11256450.407206859439611, 6006142.651733947917819],
              [-11256341.589236142113805, 6005914.510113975033164],
              [-11256244.860406512394547, 6005680.986061610281467],
              [-11256160.485844967886806, 6005442.719650047831237],
              [-11256088.696816317737103, 6005200.363950960338116],
              [-11256029.690089298412204, 6004954.583244473673403],
              [-11255983.627397248521447, 6004706.051198419183493],
              [-11255950.634994802996516, 6004455.449021861888468],
              [-11255930.803311847150326, 6004203.463597945868969],
              [-11255924.186705641448498, 6003950.785601205192506]
            ]
          ]
        ]
      }
    },
    {
      "type": "Feature",
      "properties": {
        "fclty__": "Coleto Creek Power Station",
        "plnt_nm": "Coleto Creek",
        "utlty_n": "Coleto Creek Power LP",
        "strt_dd": "FM 2987 off Hwy 59",
        "city": "Fannin",
        "state": "Texas",
        "zip": 77960,
        "prm_src": "coal"
      },
      "geometry": {
        "type": "MultiPolygon",
        "coordinates": [
          [
            [
              [-10817003.568332260474563, 3339142.447107226587832],
              [-10817010.184938466176391, 3338889.769110485445708],
              [-10817030.016621422022581, 3338637.783686570357531],
              [-10817063.009023867547512, 3338387.181510012131184],
              [-10817109.071715917438269, 3338138.649463958572596],
              [-10817168.078442936763167, 3337892.868757471442223],
              [-10817239.86747158691287, 3337650.513058384414762],
              [-10817324.242033131420612, 3337412.246646821964532],
              [-10817420.97086276113987, 3337178.722594456747174],
              [-10817529.788833478465676, 3336950.580974483862519],
              [-10817650.397682789713144, 3336728.447107226587832],
              [-10817782.466830220073462, 3336512.92984617408365],
              [-10817925.634283417835832, 3336304.619909158442169],
              [-10818079.507630346342921, 3336104.08825923781842],
              [-10818243.665114855393767, 3335911.884539726190269],
              [-10818417.656792690977454, 3335728.535567658022046],
              [-10818601.005764760077, 3335554.543889821507037],
              [-10818793.209484271705151, 3335390.386405312456191],
              [-10818993.741134192794561, 3335236.513058384414762],
              [-10819202.051071207970381, 3335093.345605186186731],
              [-10819417.568332260474563, 3334961.276457755360752],
              [-10819639.702199518680573, 3334840.667608445044607],
              [-10819867.843819489702582, 3334731.849637728184462],
              [-10820101.367871856316924, 3334635.120808097999543],
              [-10820339.634283417835832, 3334550.746246553491801],
              [-10820581.989982506260276, 3334478.957217902876437],
              [-10820827.770688991993666, 3334419.950490883551538],
              [-10821076.302735045552254, 3334373.88779883319512],
              [-10821326.904911603778601, 3334340.895396388601512],
              [-10821578.890335518866777, 3334321.063713431358337],
              [-10821831.568332260474563, 3334314.447107226587832],
              [-10822084.246329002082348, 3334321.063713431358337],
              [-10822336.231752917170525, 3334340.895396388601512],
              [-10822586.833929475396872, 3334373.88779883319512],
              [-10822835.36597552895546, 3334419.950490883551538],
              [-10823081.146682014688849, 3334478.957217902876437],
              [-10823323.502381103113294, 3334550.746246553491801],
              [-10823561.768792664632201, 3334635.120808097999543],
              [-10823795.292845031246543, 3334731.849637728184462],
              [-10824023.434465002268553, 3334840.667608445044607],
              [-10824245.568332260474563, 3334961.276457755360752],
              [-10824461.085593312978745, 3335093.345605186186731],
              [-10824669.395530328154564, 3335236.513058384414762],
              [-10824869.927180249243975, 3335390.386405312456191],
              [-10825062.130899760872126, 3335554.543889821507037],
              [-10825245.479871829971671, 3335728.535567658022046],
              [-10825419.471549665555358, 3335911.884539726190269],
              [-10825583.629034174606204, 3336104.08825923781842],
              [-10825737.502381103113294, 3336304.619909158442169],
              [-10825880.669834300875664, 3336512.92984617408365],
              [-10826012.738981731235981, 3336728.447107226587832],
              [-10826133.347831042483449, 3336950.580974483862519],
              [-10826242.165801759809256, 3337178.722594456747174],
              [-10826338.894631389528513, 3337412.246646821964532],
              [-10826423.269192934036255, 3337650.513058384414762],
              [-10826495.058221584185958, 3337892.868757471442223],
              [-10826554.064948603510857, 3338138.649463958572596],
              [-10826600.127640653401613, 3338387.181510012131184],
              [-10826633.120043098926544, 3338637.783686570357531],
              [-10826652.951726054772735, 3338889.769110485445708],
              [-10826659.568332260474563, 3339142.447107226587832],
              [-10826652.951726054772735, 3339395.125103967729956],
              [-10826633.120043098926544, 3339647.110527882818133],
              [-10826600.127640653401613, 3339897.71270444104448],
              [-10826554.064948603510857, 3340146.244750494603068],
              [-10826495.058221584185958, 3340392.025456981733441],
              [-10826423.269192934036255, 3340634.381156068760902],
              [-10826338.894631389528513, 3340872.647567631211132],
              [-10826242.165801759809256, 3341106.17161999642849],
              [-10826133.347831042483449, 3341334.313239969313145],
              [-10826012.738981731235981, 3341556.447107226587832],
              [-10825880.669834300875664, 3341771.964368279092014],
              [-10825737.502381103113294, 3341980.274305294733495],
              [-10825583.629034174606204, 3342180.805955215357244],
              [-10825419.471549665555358, 3342373.009674726985395],
              [-10825245.479871829971671, 3342556.358646795153618],
              [-10825062.130899760872126, 3342730.350324631668627],
              [-10824869.927180249243975, 3342894.507809140719473],
              [-10824669.395530328154564, 3343048.381156068760902],
              [-10824461.085593312978745, 3343191.548609266988933],
              [-10824245.568332260474563, 3343323.617756697814912],
              [-10824023.434465002268553, 3343444.226606008131057],
              [-10823795.292845031246543, 3343553.044576724991202],
              [-10823561.768792664632201, 3343649.773406355176121],
              [-10823323.502381103113294, 3343734.147967899683863],
              [-10823081.146682014688849, 3343805.936996550299227],
              [-10822835.36597552895546, 3343864.943723569624126],
              [-10822586.833929475396872, 3343911.006415619980544],
              [-10822336.231752917170525, 3343943.998818064574152],
              [-10822084.246329002082348, 3343963.830501021817327],
              [-10821831.568332260474563, 3343970.447107226587832],
              [-10821578.890335518866777, 3343963.830501021817327],
              [-10821326.904911603778601, 3343943.998818064574152],
              [-10821076.302735045552254, 3343911.006415619980544],
              [-10820827.770688991993666, 3343864.943723569624126],
              [-10820581.989982506260276, 3343805.936996550299227],
              [-10820339.634283417835832, 3343734.147967899683863],
              [-10820101.367871856316924, 3343649.773406355176121],
              [-10819867.843819489702582, 3343553.044576724991202],
              [-10819639.702199518680573, 3343444.226606008131057],
              [-10819417.568332260474563, 3343323.617756697814912],
              [-10819202.051071207970381, 3343191.548609266988933],
              [-10818993.741134192794561, 3343048.381156068760902],
              [-10818793.209484271705151, 3342894.507809140719473],
              [-10818601.005764760077, 3342730.350324631668627],
              [-10818417.656792690977454, 3342556.358646795153618],
              [-10818243.665114855393767, 3342373.009674726985395],
              [-10818079.507630346342921, 3342180.805955215357244],
              [-10817925.634283417835832, 3341980.274305294733495],
              [-10817782.466830220073462, 3341771.964368279092014],
              [-10817650.397682789713144, 3341556.447107226587832],
              [-10817529.788833478465676, 3341334.313239969313145],
              [-10817420.97086276113987, 3341106.17161999642849],
              [-10817324.242033131420612, 3340872.647567631211132],
              [-10817239.86747158691287, 3340634.381156068760902],
              [-10817168.078442936763167, 3340392.025456981733441],
              [-10817109.071715917438269, 3340146.244750494603068],
              [-10817063.009023867547512, 3339897.71270444104448],
              [-10817030.016621422022581, 3339647.110527882818133],
              [-10817010.184938466176391, 3339395.125103967729956],
              [-10817003.568332260474563, 3339142.447107226587832]
            ]
          ]
        ]
      }
    },
    {
      "type": "Feature",
      "properties": {
        "fclty__": "Colstrip Steam Electric Station Units 3 and 4",
        "plnt_nm": "Colstrip",
        "utlty_n": "Talen Montana LLC",
        "strt_dd": "1 Warehouse Road",
        "city": "Colstrip",
        "state": "Montana",
        "zip": 59323,
        "prm_src": "coal"
      },
      "geometry": {
        "type": "MultiPolygon",
        "coordinates": [
          [
            [
              [-11863388.191434070467949, 5761635.662218404002488],
              [-11863394.808040276169777, 5761382.984221663326025],
              [-11863414.639723232015967, 5761130.998797747306526],
              [-11863447.632125677540898, 5760880.396621190011501],
              [-11863493.694817727431655, 5760631.864575135521591],
              [-11863552.701544746756554, 5760386.083868648856878],
              [-11863624.490573396906257, 5760143.728169561363757],
              [-11863708.865134941413999, 5759905.461757998913527],
              [-11863805.593964571133256, 5759671.93770563416183],
              [-11863914.411935288459063, 5759443.796085661277175],
              [-11864035.020784599706531, 5759221.662218404002488],
              [-11864167.089932030066848, 5759006.144957351498306],
              [-11864310.257385227829218, 5758797.835020336322486],
              [-11864464.130732156336308, 5758597.303370415233076],
              [-11864628.288216665387154, 5758405.099650903604925],
              [-11864802.27989450097084, 5758221.750678835436702],
              [-11864985.628866570070386, 5758047.759000998921692],
              [-11865177.832586081698537, 5757883.601516489870846],
              [-11865378.364236002787948, 5757729.728169561363757],
              [-11865586.674173017963767, 5757586.560716363601387],
              [-11865802.191434070467949, 5757454.491568932309747],
              [-11866024.325301328673959, 5757333.882719622924924],
              [-11866252.466921299695969, 5757225.064748905599117],
              [-11866485.99097366631031, 5757128.33591927587986],
              [-11866724.257385227829218, 5757043.961357731372118],
              [-11866966.613084316253662, 5756972.172329080291092],
              [-11867212.393790801987052, 5756913.165602060966194],
              [-11867460.92583685554564, 5756867.102910011075437],
              [-11867711.528013413771987, 5756834.110507565550506],
              [-11867963.513437328860164, 5756814.278824608772993],
              [-11868216.191434070467949, 5756807.662218404002488],
              [-11868468.869430812075734, 5756814.278824608772993],
              [-11868720.854854727163911, 5756834.110507565550506],
              [-11868971.457031285390258, 5756867.102910011075437],
              [-11869219.989077338948846, 5756913.165602060966194],
              [-11869465.769783824682236, 5756972.172329080291092],
              [-11869708.12548291310668, 5757043.961357731372118],
              [-11869946.391894474625587, 5757128.33591927587986],
              [-11870179.915946841239929, 5757225.064748905599117],
              [-11870408.057566812261939, 5757333.882719622924924],
              [-11870630.191434070467949, 5757454.491568932309747],
              [-11870845.708695122972131, 5757586.560716363601387],
              [-11871054.01863213814795, 5757729.728169561363757],
              [-11871254.550282059237361, 5757883.601516489870846],
              [-11871446.754001570865512, 5758047.759000998921692],
              [-11871630.102973639965057, 5758221.750678835436702],
              [-11871804.094651475548744, 5758405.099650903604925],
              [-11871968.25213598459959, 5758597.303370415233076],
              [-11872122.12548291310668, 5758797.835020336322486],
              [-11872265.29293611086905, 5759006.144957351498306],
              [-11872397.362083541229367, 5759221.662218404002488],
              [-11872517.970932852476835, 5759443.796085661277175],
              [-11872626.788903569802642, 5759671.93770563416183],
              [-11872723.517733199521899, 5759905.461757998913527],
              [-11872807.892294744029641, 5760143.728169561363757],
              [-11872879.681323394179344, 5760386.083868648856878],
              [-11872938.688050413504243, 5760631.864575135521591],
              [-11872984.750742463395, 5760880.396621190011501],
              [-11873017.74314490891993, 5761130.998797747306526],
              [-11873037.574827864766121, 5761382.984221663326025],
              [-11873044.191434070467949, 5761635.662218404002488],
              [-11873037.574827864766121, 5761888.34021514467895],
              [-11873017.74314490891993, 5762140.325639059767127],
              [-11872984.750742463395, 5762390.927815617993474],
              [-11872938.688050413504243, 5762639.459861672483385],
              [-11872879.681323394179344, 5762885.240568159148097],
              [-11872807.892294744029641, 5763127.596267246641219],
              [-11872723.517733199521899, 5763365.862678809091449],
              [-11872626.788903569802642, 5763599.386731173843145],
              [-11872517.970932852476835, 5763827.5283511467278],
              [-11872397.362083541229367, 5764049.662218404002488],
              [-11872265.29293611086905, 5764265.17947945650667],
              [-11872122.12548291310668, 5764473.489416471682489],
              [-11871968.25213598459959, 5764674.0210663927719],
              [-11871804.094651475548744, 5764866.224785904400051],
              [-11871630.102973639965057, 5765049.573757972568274],
              [-11871446.754001570865512, 5765223.565435809083283],
              [-11871254.550282059237361, 5765387.722920318134129],
              [-11871054.01863213814795, 5765541.596267246641219],
              [-11870845.708695122972131, 5765684.763720444403589],
              [-11870630.191434070467949, 5765816.832867875695229],
              [-11870408.057566812261939, 5765937.441717185080051],
              [-11870179.915946841239929, 5766046.259687902405858],
              [-11869946.391894474625587, 5766142.988517532125115],
              [-11869708.12548291310668, 5766227.363079076632857],
              [-11869465.769783824682236, 5766299.152107727713883],
              [-11869219.989077338948846, 5766358.158834747038782],
              [-11868971.457031285390258, 5766404.221526796929538],
              [-11868720.854854727163911, 5766437.213929242454469],
              [-11868468.869430812075734, 5766457.045612199231982],
              [-11868216.191434070467949, 5766463.662218404002488],
              [-11867963.513437328860164, 5766457.045612199231982],
              [-11867711.528013413771987, 5766437.213929242454469],
              [-11867460.92583685554564, 5766404.221526796929538],
              [-11867212.393790801987052, 5766358.158834747038782],
              [-11866966.613084316253662, 5766299.152107727713883],
              [-11866724.257385227829218, 5766227.363079076632857],
              [-11866485.99097366631031, 5766142.988517532125115],
              [-11866252.466921299695969, 5766046.259687902405858],
              [-11866024.325301328673959, 5765937.441717185080051],
              [-11865802.191434070467949, 5765816.832867875695229],
              [-11865586.674173017963767, 5765684.763720444403589],
              [-11865378.364236002787948, 5765541.596267246641219],
              [-11865177.832586081698537, 5765387.722920318134129],
              [-11864985.628866570070386, 5765223.565435809083283],
              [-11864802.27989450097084, 5765049.573757972568274],
              [-11864628.288216665387154, 5764866.224785904400051],
              [-11864464.130732156336308, 5764674.0210663927719],
              [-11864310.257385227829218, 5764473.489416471682489],
              [-11864167.089932030066848, 5764265.17947945650667],
              [-11864035.020784599706531, 5764049.662218404002488],
              [-11863914.411935288459063, 5763827.5283511467278],
              [-11863805.593964571133256, 5763599.386731173843145],
              [-11863708.865134941413999, 5763365.862678809091449],
              [-11863624.490573396906257, 5763127.596267246641219],
              [-11863552.701544746756554, 5762885.240568159148097],
              [-11863493.694817727431655, 5762639.459861672483385],
              [-11863447.632125677540898, 5762390.927815617993474],
              [-11863414.639723232015967, 5762140.32563906069845],
              [-11863394.808040276169777, 5761888.34021514467895],
              [-11863388.191434070467949, 5761635.662218404002488]
            ]
          ]
        ]
      }
    },
    {
      "type": "Feature",
      "properties": {
        "fclty__": "Colver Green Facility",
        "plnt_nm": "Colver Green Energy",
        "utlty_n": "Inter-Power/AhlCon Partners, L.P.",
        "strt_dd": "141 Interpower Drive",
        "city": "Colver",
        "state": "Pennsylvania",
        "zip": 15927,
        "prm_src": "coal"
      },
      "geometry": {
        "type": "MultiPolygon",
        "coordinates": [
          [
            [
              [-8766918.556358922272921, 4946349.87229304201901],
              [-8766925.172965127974749, 4946097.194296301342547],
              [-8766945.004648083820939, 4945845.208872385323048],
              [-8766977.99705052934587, 4945594.606695828028023],
              [-8767024.059742579236627, 4945346.074649773538113],
              [-8767083.066469598561525, 4945100.2939432868734],
              [-8767154.855498248711228, 4944857.938244199380279],
              [-8767239.23005979321897, 4944619.671832636930048],
              [-8767335.958889422938228, 4944386.147780272178352],
              [-8767444.776860140264034, 4944158.006160299293697],
              [-8767565.385709451511502, 4943935.87229304201901],
              [-8767697.454856881871819, 4943720.355031989514828],
              [-8767840.62231007963419, 4943512.045094974339008],
              [-8767994.495657008141279, 4943311.513445053249598],
              [-8768158.653141517192125, 4943119.309725541621447],
              [-8768332.644819352775812, 4942935.960753473453224],
              [-8768515.993791421875358, 4942761.969075636938214],
              [-8768708.197510933503509, 4942597.811591127887368],
              [-8768908.729160854592919, 4942443.938244199380279],
              [-8769117.039097869768739, 4942300.770791001617908],
              [-8769332.556358922272921, 4942168.701643570326269],
              [-8769554.69022618047893, 4942048.092794260941446],
              [-8769782.83184615150094, 4941939.274823543615639],
              [-8770016.355898518115282, 4941842.545993913896382],
              [-8770254.62231007963419, 4941758.17143236938864],
              [-8770496.978009168058634, 4941686.382403718307614],
              [-8770742.758715653792024, 4941627.375676698982716],
              [-8770991.290761707350612, 4941581.312984649091959],
              [-8771241.892938265576959, 4941548.320582203567028],
              [-8771493.878362180665135, 4941528.488899246789515],
              [-8771746.556358922272921, 4941521.87229304201901],
              [-8771999.234355663880706, 4941528.488899246789515],
              [-8772251.219779578968883, 4941548.320582203567028],
              [-8772501.82195613719523, 4941581.312984649091959],
              [-8772750.354002190753818, 4941627.375676698982716],
              [-8772996.134708676487207, 4941686.382403718307614],
              [-8773238.490407764911652, 4941758.17143236938864],
              [-8773476.756819326430559, 4941842.545993913896382],
              [-8773710.280871693044901, 4941939.274823543615639],
              [-8773938.422491664066911, 4942048.092794260941446],
              [-8774160.556358922272921, 4942168.701643570326269],
              [-8774376.073619974777102, 4942300.770791001617908],
              [-8774584.383556989952922, 4942443.938244199380279],
              [-8774784.915206911042333, 4942597.811591127887368],
              [-8774977.118926422670484, 4942761.969075636938214],
              [-8775160.467898491770029, 4942935.960753473453224],
              [-8775334.459576327353716, 4943119.309725541621447],
              [-8775498.617060836404562, 4943311.513445053249598],
              [-8775652.490407764911652, 4943512.045094974339008],
              [-8775795.657860962674022, 4943720.355031989514828],
              [-8775927.727008393034339, 4943935.87229304201901],
              [-8776048.335857704281807, 4944158.006160299293697],
              [-8776157.153828421607614, 4944386.147780272178352],
              [-8776253.882658051326871, 4944619.671832636930048],
              [-8776338.257219595834613, 4944857.938244199380279],
              [-8776410.046248245984316, 4945100.2939432868734],
              [-8776469.052975265309215, 4945346.074649773538113],
              [-8776515.115667315199971, 4945594.606695828028023],
              [-8776548.108069760724902, 4945845.208872385323048],
              [-8776567.939752716571093, 4946097.194296301342547],
              [-8776574.556358922272921, 4946349.87229304201901],
              [-8776567.939752716571093, 4946602.550289782695472],
              [-8776548.108069760724902, 4946854.535713697783649],
              [-8776515.115667315199971, 4947105.137890256009996],
              [-8776469.052975265309215, 4947353.669936310499907],
              [-8776410.046248245984316, 4947599.450642797164619],
              [-8776338.257219595834613, 4947841.806341884657741],
              [-8776253.882658051326871, 4948080.072753447107971],
              [-8776157.153828421607614, 4948313.596805811859667],
              [-8776048.335857704281807, 4948541.738425784744322],
              [-8775927.727008393034339, 4948763.87229304201901],
              [-8775795.657860962674022, 4948979.389554094523191],
              [-8775652.490407764911652, 4949187.699491109699011],
              [-8775498.617060836404562, 4949388.231141030788422],
              [-8775334.459576327353716, 4949580.434860542416573],
              [-8775160.467898491770029, 4949763.783832610584795],
              [-8774977.118926422670484, 4949937.775510447099805],
              [-8774784.915206911042333, 4950101.932994956150651],
              [-8774584.383556989952922, 4950255.806341884657741],
              [-8774376.073619974777102, 4950398.973795082420111],
              [-8774160.556358922272921, 4950531.042942513711751],
              [-8773938.422491664066911, 4950651.651791823096573],
              [-8773710.280871693044901, 4950760.46976254042238],
              [-8773476.756819326430559, 4950857.198592170141637],
              [-8773238.490407764911652, 4950941.573153714649379],
              [-8772996.134708676487207, 4951013.362182365730405],
              [-8772750.354002190753818, 4951072.368909385055304],
              [-8772501.82195613719523, 4951118.43160143494606],
              [-8772251.219779578968883, 4951151.424003880470991],
              [-8771999.234355663880706, 4951171.255686837248504],
              [-8771746.556358922272921, 4951177.87229304201901],
              [-8771493.878362180665135, 4951171.255686837248504],
              [-8771241.892938265576959, 4951151.424003880470991],
              [-8770991.290761707350612, 4951118.43160143494606],
              [-8770742.758715653792024, 4951072.368909385055304],
              [-8770496.978009168058634, 4951013.362182365730405],
              [-8770254.62231007963419, 4950941.573153714649379],
              [-8770016.355898518115282, 4950857.198592170141637],
              [-8769782.83184615150094, 4950760.46976254042238],
              [-8769554.69022618047893, 4950651.651791823096573],
              [-8769332.556358922272921, 4950531.042942513711751],
              [-8769117.039097869768739, 4950398.973795082420111],
              [-8768908.729160854592919, 4950255.806341884657741],
              [-8768708.197510933503509, 4950101.932994956150651],
              [-8768515.993791421875358, 4949937.775510447099805],
              [-8768332.644819352775812, 4949763.783832610584795],
              [-8768158.653141517192125, 4949580.434860542416573],
              [-8767994.495657008141279, 4949388.231141030788422],
              [-8767840.62231007963419, 4949187.699491109699011],
              [-8767697.454856881871819, 4948979.389554094523191],
              [-8767565.385709451511502, 4948763.87229304201901],
              [-8767444.776860140264034, 4948541.738425784744322],
              [-8767335.958889422938228, 4948313.596805811859667],
              [-8767239.23005979321897, 4948080.072753447107971],
              [-8767154.855498248711228, 4947841.806341884657741],
              [-8767083.066469598561525, 4947599.450642797164619],
              [-8767024.059742579236627, 4947353.669936310499907],
              [-8766977.99705052934587, 4947105.137890256009996],
              [-8766945.004648083820939, 4946854.535713698714972],
              [-8766925.172965127974749, 4946602.550289782695472],
              [-8766918.556358922272921, 4946349.87229304201901]
            ]
          ]
        ]
      }
    },
    {
      "type": "Feature",
      "properties": {
        "fclty__": "Conemaugh Station Unit 1 and Unit 2",
        "plnt_nm": "Conemaugh",
        "utlty_n": "KeyCon Operating LLC",
        "strt_dd": "1442 Power Plant Road",
        "city": "New Florence",
        "state": "Pennsylvania",
        "zip": 15944,
        "prm_src": "coal"
      },
      "geometry": {
        "type": "MultiPolygon",
        "coordinates": [
          [
            [
              [-8796213.393556080758572, 4921931.259364378638566],
              [-8796220.0101622864604, 4921678.581367637962103],
              [-8796239.84184524230659, 4921426.595943721942604],
              [-8796272.834247687831521, 4921175.993767164647579],
              [-8796318.896939737722278, 4920927.461721110157669],
              [-8796377.903666757047176, 4920681.681014623492956],
              [-8796449.692695407196879, 4920439.325315535999835],
              [-8796534.067256951704621, 4920201.058903973549604],
              [-8796630.796086581423879, 4919967.534851608797908],
              [-8796739.614057298749685, 4919739.393231635913253],
              [-8796860.222906609997153, 4919517.259364378638566],
              [-8796992.292054040357471, 4919301.742103326134384],
              [-8797135.459507238119841, 4919093.432166310958564],
              [-8797289.33285416662693, 4918892.900516389869153],
              [-8797453.490338675677776, 4918700.696796878241003],
              [-8797627.482016511261463, 4918517.34782481007278],
              [-8797810.830988580361009, 4918343.35614697355777],
              [-8798003.03470809198916, 4918179.198662464506924],
              [-8798203.56635801307857, 4918025.325315535999835],
              [-8798411.87629502825439, 4917882.157862338237464],
              [-8798627.393556080758572, 4917750.088714906945825],
              [-8798849.527423338964581, 4917629.479865597561002],
              [-8799077.669043309986591, 4917520.661894880235195],
              [-8799311.193095676600933, 4917423.933065250515938],
              [-8799549.459507238119841, 4917339.558503706008196],
              [-8799791.815206326544285, 4917267.76947505492717],
              [-8800037.595912812277675, 4917208.762748035602272],
              [-8800286.127958865836263, 4917162.700055985711515],
              [-8800536.73013542406261, 4917129.707653540186584],
              [-8800788.715559339150786, 4917109.875970583409071],
              [-8801041.393556080758572, 4917103.259364378638566],
              [-8801294.071552822366357, 4917109.875970583409071],
              [-8801546.056976737454534, 4917129.707653540186584],
              [-8801796.659153295680881, 4917162.700055985711515],
              [-8802045.191199349239469, 4917208.762748035602272],
              [-8802290.971905834972858, 4917267.76947505492717],
              [-8802533.327604923397303, 4917339.558503706008196],
              [-8802771.59401648491621, 4917423.933065250515938],
              [-8803005.118068851530552, 4917520.661894880235195],
              [-8803233.259688822552562, 4917629.479865597561002],
              [-8803455.393556080758572, 4917750.088714906945825],
              [-8803670.910817133262753, 4917882.157862338237464],
              [-8803879.220754148438573, 4918025.325315535999835],
              [-8804079.752404069527984, 4918179.198662464506924],
              [-8804271.956123581156135, 4918343.35614697355777],
              [-8804455.30509565025568, 4918517.34782481007278],
              [-8804629.296773485839367, 4918700.696796878241003],
              [-8804793.454257994890213, 4918892.900516389869153],
              [-8804947.327604923397303, 4919093.432166310958564],
              [-8805090.495058121159673, 4919301.742103326134384],
              [-8805222.56420555151999, 4919517.259364378638566],
              [-8805343.173054862767458, 4919739.393231635913253],
              [-8805451.991025580093265, 4919967.534851608797908],
              [-8805548.719855209812522, 4920201.058903973549604],
              [-8805633.094416754320264, 4920439.325315535999835],
              [-8805704.883445404469967, 4920681.681014623492956],
              [-8805763.890172423794866, 4920927.461721110157669],
              [-8805809.952864473685622, 4921175.993767164647579],
              [-8805842.945266919210553, 4921426.595943721942604],
              [-8805862.776949875056744, 4921678.581367637962103],
              [-8805869.393556080758572, 4921931.259364378638566],
              [-8805862.776949875056744, 4922183.937361119315028],
              [-8805842.945266919210553, 4922435.922785034403205],
              [-8805809.952864473685622, 4922686.524961592629552],
              [-8805763.890172423794866, 4922935.057007647119462],
              [-8805704.883445404469967, 4923180.837714133784175],
              [-8805633.094416754320264, 4923423.193413221277297],
              [-8805548.719855209812522, 4923661.459824783727527],
              [-8805451.991025580093265, 4923894.983877148479223],
              [-8805343.173054862767458, 4924123.125497121363878],
              [-8805222.56420555151999, 4924345.259364378638566],
              [-8805090.495058121159673, 4924560.776625431142747],
              [-8804947.327604923397303, 4924769.086562446318567],
              [-8804793.454257994890213, 4924969.618212367407978],
              [-8804629.296773485839367, 4925161.821931879036129],
              [-8804455.30509565025568, 4925345.170903947204351],
              [-8804271.956123581156135, 4925519.162581783719361],
              [-8804079.752404069527984, 4925683.320066292770207],
              [-8803879.220754148438573, 4925837.193413221277297],
              [-8803670.910817133262753, 4925980.360866419039667],
              [-8803455.393556080758572, 4926112.430013850331306],
              [-8803233.259688822552562, 4926233.038863159716129],
              [-8803005.118068851530552, 4926341.856833877041936],
              [-8802771.59401648491621, 4926438.585663506761193],
              [-8802533.327604923397303, 4926522.960225051268935],
              [-8802290.971905834972858, 4926594.749253702349961],
              [-8802045.191199349239469, 4926653.75598072167486],
              [-8801796.659153295680881, 4926699.818672771565616],
              [-8801546.056976737454534, 4926732.811075217090547],
              [-8801294.071552822366357, 4926752.64275817386806],
              [-8801041.393556080758572, 4926759.259364378638566],
              [-8800788.715559339150786, 4926752.64275817386806],
              [-8800536.73013542406261, 4926732.811075217090547],
              [-8800286.127958865836263, 4926699.818672771565616],
              [-8800037.595912812277675, 4926653.75598072167486],
              [-8799791.815206326544285, 4926594.749253702349961],
              [-8799549.459507238119841, 4926522.960225051268935],
              [-8799311.193095676600933, 4926438.585663506761193],
              [-8799077.669043309986591, 4926341.856833877041936],
              [-8798849.527423338964581, 4926233.038863159716129],
              [-8798627.393556080758572, 4926112.430013850331306],
              [-8798411.87629502825439, 4925980.360866419039667],
              [-8798203.56635801307857, 4925837.193413221277297],
              [-8798003.03470809198916, 4925683.320066292770207],
              [-8797810.830988580361009, 4925519.162581783719361],
              [-8797627.482016511261463, 4925345.170903947204351],
              [-8797453.490338675677776, 4925161.821931879036129],
              [-8797289.33285416662693, 4924969.618212367407978],
              [-8797135.459507238119841, 4924769.086562446318567],
              [-8796992.292054040357471, 4924560.776625431142747],
              [-8796860.222906609997153, 4924345.259364378638566],
              [-8796739.614057298749685, 4924123.125497121363878],
              [-8796630.796086581423879, 4923894.983877148479223],
              [-8796534.067256951704621, 4923661.459824783727527],
              [-8796449.692695407196879, 4923423.193413221277297],
              [-8796377.903666757047176, 4923180.837714133784175],
              [-8796318.896939737722278, 4922935.057007647119462],
              [-8796272.834247687831521, 4922686.524961592629552],
              [-8796239.84184524230659, 4922435.922785035334527],
              [-8796220.0101622864604, 4922183.937361119315028],
              [-8796213.393556080758572, 4921931.259364378638566]
            ]
          ]
        ]
      }
    },
    {
      "type": "Feature",
      "properties": {
        "fclty__": "Cooper Station",
        "plnt_nm": "Cooper",
        "utlty_n": "East Kentucky Power Coop, Inc",
        "strt_dd": "670 Cooper Power Plant Rd.",
        "city": "Somerset",
        "state": "Kentucky",
        "zip": 42501,
        "prm_src": "coal"
      },
      "geometry": {
        "type": "MultiPolygon",
        "coordinates": [
          [
            [
              [-9411899.233235517516732, 4438841.95506208948791],
              [-9411905.84984172321856, 4438589.277065348811448],
              [-9411925.681524679064751, 4438337.291641432791948],
              [-9411958.673927124589682, 4438086.689464875496924],
              [-9412004.736619174480438, 4437838.157418821007013],
              [-9412063.743346193805337, 4437592.376712334342301],
              [-9412135.53237484395504, 4437350.021013246849179],
              [-9412219.906936388462782, 4437111.754601684398949],
              [-9412316.635766018182039, 4436878.230549319647253],
              [-9412425.453736735507846, 4436650.088929346762598],
              [-9412546.062586046755314, 4436427.95506208948791],
              [-9412678.131733477115631, 4436212.437801036983728],
              [-9412821.299186674878001, 4436004.127864021807909],
              [-9412975.172533603385091, 4435803.596214100718498],
              [-9413139.330018112435937, 4435611.392494589090347],
              [-9413313.321695948019624, 4435428.043522520922124],
              [-9413496.670668017119169, 4435254.051844684407115],
              [-9413688.87438752874732, 4435089.894360175356269],
              [-9413889.406037449836731, 4434936.021013246849179],
              [-9414097.71597446501255, 4434792.853560049086809],
              [-9414313.233235517516732, 4434660.784412617795169],
              [-9414535.367102775722742, 4434540.175563308410347],
              [-9414763.508722746744752, 4434431.35759259108454],
              [-9414997.032775113359094, 4434334.628762961365283],
              [-9415235.299186674878001, 4434250.254201416857541],
              [-9415477.654885763302445, 4434178.465172765776515],
              [-9415723.435592249035835, 4434119.458445746451616],
              [-9415971.967638302594423, 4434073.39575369656086],
              [-9416222.56981486082077, 4434040.403351251035929],
              [-9416474.555238775908947, 4434020.571668294258416],
              [-9416727.233235517516732, 4434013.95506208948791],
              [-9416979.911232259124517, 4434020.571668294258416],
              [-9417231.896656174212694, 4434040.403351251035929],
              [-9417482.498832732439041, 4434073.39575369656086],
              [-9417731.030878785997629, 4434119.458445746451616],
              [-9417976.811585271731019, 4434178.465172765776515],
              [-9418219.167284360155463, 4434250.254201416857541],
              [-9418457.433695921674371, 4434334.628762961365283],
              [-9418690.957748288288713, 4434431.35759259108454],
              [-9418919.099368259310722, 4434540.175563308410347],
              [-9419141.233235517516732, 4434660.784412617795169],
              [-9419356.750496570020914, 4434792.853560049086809],
              [-9419565.060433585196733, 4434936.021013246849179],
              [-9419765.592083506286144, 4435089.894360175356269],
              [-9419957.795803017914295, 4435254.051844684407115],
              [-9420141.144775087013841, 4435428.043522520922124],
              [-9420315.136452922597528, 4435611.392494589090347],
              [-9420479.293937431648374, 4435803.596214100718498],
              [-9420633.167284360155463, 4436004.127864021807909],
              [-9420776.334737557917833, 4436212.437801036983728],
              [-9420908.403884988278151, 4436427.95506208948791],
              [-9421029.012734299525619, 4436650.088929346762598],
              [-9421137.830705016851425, 4436878.230549319647253],
              [-9421234.559534646570683, 4437111.754601684398949],
              [-9421318.934096191078424, 4437350.021013246849179],
              [-9421390.723124841228127, 4437592.376712334342301],
              [-9421449.729851860553026, 4437838.157418821007013],
              [-9421495.792543910443783, 4438086.689464875496924],
              [-9421528.784946355968714, 4438337.291641432791948],
              [-9421548.616629311814904, 4438589.277065348811448],
              [-9421555.233235517516732, 4438841.95506208948791],
              [-9421548.616629311814904, 4439094.633058830164373],
              [-9421528.784946355968714, 4439346.61848274525255],
              [-9421495.792543910443783, 4439597.220659303478897],
              [-9421449.729851860553026, 4439845.752705357968807],
              [-9421390.723124841228127, 4440091.53341184463352],
              [-9421318.934096191078424, 4440333.889110932126641],
              [-9421234.559534646570683, 4440572.155522494576871],
              [-9421137.830705016851425, 4440805.679574859328568],
              [-9421029.012734299525619, 4441033.821194832213223],
              [-9420908.403884988278151, 4441255.95506208948791],
              [-9420776.334737557917833, 4441471.472323141992092],
              [-9420633.167284360155463, 4441679.782260157167912],
              [-9420479.293937431648374, 4441880.313910078257322],
              [-9420315.136452922597528, 4442072.517629589885473],
              [-9420141.144775087013841, 4442255.866601658053696],
              [-9419957.795803017914295, 4442429.858279494568706],
              [-9419765.592083506286144, 4442594.015764003619552],
              [-9419565.060433585196733, 4442747.889110932126641],
              [-9419356.750496570020914, 4442891.056564129889011],
              [-9419141.233235517516732, 4443023.125711561180651],
              [-9418919.099368259310722, 4443143.734560870565474],
              [-9418690.957748288288713, 4443252.552531587891281],
              [-9418457.433695921674371, 4443349.281361217610538],
              [-9418219.167284360155463, 4443433.65592276211828],
              [-9417976.811585271731019, 4443505.444951413199306],
              [-9417731.030878785997629, 4443564.451678432524204],
              [-9417482.498832732439041, 4443610.514370482414961],
              [-9417231.896656174212694, 4443643.506772927939892],
              [-9416979.911232259124517, 4443663.338455884717405],
              [-9416727.233235517516732, 4443669.95506208948791],
              [-9416474.555238775908947, 4443663.338455884717405],
              [-9416222.56981486082077, 4443643.506772927939892],
              [-9415971.967638302594423, 4443610.514370482414961],
              [-9415723.435592249035835, 4443564.451678432524204],
              [-9415477.654885763302445, 4443505.444951413199306],
              [-9415235.299186674878001, 4443433.65592276211828],
              [-9414997.032775113359094, 4443349.281361217610538],
              [-9414763.508722746744752, 4443252.552531587891281],
              [-9414535.367102775722742, 4443143.734560870565474],
              [-9414313.233235517516732, 4443023.125711561180651],
              [-9414097.71597446501255, 4442891.056564129889011],
              [-9413889.406037449836731, 4442747.889110932126641],
              [-9413688.87438752874732, 4442594.015764003619552],
              [-9413496.670668017119169, 4442429.858279494568706],
              [-9413313.321695948019624, 4442255.866601658053696],
              [-9413139.330018112435937, 4442072.517629589885473],
              [-9412975.172533603385091, 4441880.313910078257322],
              [-9412821.299186674878001, 4441679.782260157167912],
              [-9412678.131733477115631, 4441471.472323141992092],
              [-9412546.062586046755314, 4441255.95506208948791],
              [-9412425.453736735507846, 4441033.821194832213223],
              [-9412316.635766018182039, 4440805.679574859328568],
              [-9412219.906936388462782, 4440572.155522494576871],
              [-9412135.53237484395504, 4440333.889110932126641],
              [-9412063.743346193805337, 4440091.53341184463352],
              [-9412004.736619174480438, 4439845.752705357968807],
              [-9411958.673927124589682, 4439597.220659303478897],
              [-9411925.681524679064751, 4439346.618482746183872],
              [-9411905.84984172321856, 4439094.633058830164373],
              [-9411899.233235517516732, 4438841.95506208948791]
            ]
          ]
        ]
      }
    },
    {
      "type": "Feature",
      "properties": {
        "fclty__": "Coyote Station",
        "plnt_nm": "Coyote",
        "utlty_n": "Otter Tail Power Co",
        "strt_dd": "6240  13th Street SW",
        "city": "Beulah",
        "state": "North Dakota",
        "zip": 58523,
        "prm_src": "coal"
      },
      "geometry": {
        "type": "MultiPolygon",
        "coordinates": [
          [
            [
              [-11329246.327789500355721, 5978295.063659997656941],
              [-11329252.944395706057549, 5978042.385663256980479],
              [-11329272.776078661903739, 5977790.400239340960979],
              [-11329305.76848110742867, 5977539.798062783665955],
              [-11329351.831173157319427, 5977291.266016729176044],
              [-11329410.837900176644325, 5977045.485310242511332],
              [-11329482.626928826794028, 5976803.12961115501821],
              [-11329567.00149037130177, 5976564.86319959256798],
              [-11329663.730320001021028, 5976331.339147227816284],
              [-11329772.548290718346834, 5976103.197527254931629],
              [-11329893.157140029594302, 5975881.063659997656941],
              [-11330025.226287459954619, 5975665.54639894515276],
              [-11330168.39374065771699, 5975457.23646192997694],
              [-11330322.267087586224079, 5975256.704812008887529],
              [-11330486.424572095274925, 5975064.501092497259378],
              [-11330660.416249930858612, 5974881.152120429091156],
              [-11330843.765222, 5974707.160442592576146],
              [-11331035.968941511586308, 5974543.0029580835253],
              [-11331236.500591432675719, 5974389.12961115501821],
              [-11331444.810528447851539, 5974245.96215795725584],
              [-11331660.327789500355721, 5974113.8930105259642],
              [-11331882.46165675856173, 5973993.284161216579378],
              [-11332110.60327672958374, 5973884.466190499253571],
              [-11332344.127329096198082, 5973787.737360869534314],
              [-11332582.39374065771699, 5973703.362799325026572],
              [-11332824.749439746141434, 5973631.573770673945546],
              [-11333070.530146231874824, 5973572.567043654620647],
              [-11333319.062192285433412, 5973526.504351604729891],
              [-11333569.664368843659759, 5973493.51194915920496],
              [-11333821.649792758747935, 5973473.680266202427447],
              [-11334074.327789500355721, 5973467.063659997656941],
              [-11334327.005786241963506, 5973473.680266202427447],
              [-11334578.991210157051682, 5973493.51194915920496],
              [-11334829.593386715278029, 5973526.504351604729891],
              [-11335078.125432768836617, 5973572.567043654620647],
              [-11335323.906139254570007, 5973631.573770673945546],
              [-11335566.261838342994452, 5973703.362799325026572],
              [-11335804.528249904513359, 5973787.737360869534314],
              [-11336038.052302271127701, 5973884.466190499253571],
              [-11336266.193922242149711, 5973993.284161216579378],
              [-11336488.327789500355721, 5974113.8930105259642],
              [-11336703.845050552859902, 5974245.96215795725584],
              [-11336912.154987568035722, 5974389.12961115501821],
              [-11337112.686637489125133, 5974543.0029580835253],
              [-11337304.890357, 5974707.160442592576146],
              [-11337488.239329069852829, 5974881.152120429091156],
              [-11337662.231006905436516, 5975064.501092497259378],
              [-11337826.388491414487362, 5975256.704812008887529],
              [-11337980.261838342994452, 5975457.23646192997694],
              [-11338123.429291540756822, 5975665.54639894515276],
              [-11338255.498438971117139, 5975881.063659997656941],
              [-11338376.107288282364607, 5976103.197527254931629],
              [-11338484.925259, 5976331.339147227816284],
              [-11338581.654088629409671, 5976564.86319959256798],
              [-11338666.028650173917413, 5976803.12961115501821],
              [-11338737.817678824067116, 5977045.485310242511332],
              [-11338796.824405843392015, 5977291.266016729176044],
              [-11338842.887097893282771, 5977539.798062783665955],
              [-11338875.879500338807702, 5977790.400239340960979],
              [-11338895.711183294653893, 5978042.385663256980479],
              [-11338902.327789500355721, 5978295.063659997656941],
              [-11338895.711183294653893, 5978547.741656738333404],
              [-11338875.879500338807702, 5978799.727080653421581],
              [-11338842.887097893282771, 5979050.329257211647928],
              [-11338796.824405843392015, 5979298.861303266137838],
              [-11338737.817678824067116, 5979544.642009752802551],
              [-11338666.028650173917413, 5979786.997708840295672],
              [-11338581.654088629409671, 5980025.264120402745903],
              [-11338484.925259, 5980258.788172767497599],
              [-11338376.107288282364607, 5980486.929792740382254],
              [-11338255.498438971117139, 5980709.063659997656941],
              [-11338123.429291540756822, 5980924.580921050161123],
              [-11337980.261838342994452, 5981132.890858065336943],
              [-11337826.388491414487362, 5981333.422507986426353],
              [-11337662.231006905436516, 5981525.626227498054504],
              [-11337488.239329069852829, 5981708.975199566222727],
              [-11337304.890357, 5981882.966877402737737],
              [-11337112.686637489125133, 5982047.124361911788583],
              [-11336912.154987568035722, 5982200.997708840295672],
              [-11336703.845050552859902, 5982344.165162038058043],
              [-11336488.327789500355721, 5982476.234309469349682],
              [-11336266.193922242149711, 5982596.843158778734505],
              [-11336038.052302271127701, 5982705.661129496060312],
              [-11335804.528249904513359, 5982802.389959125779569],
              [-11335566.261838342994452, 5982886.764520670287311],
              [-11335323.906139254570007, 5982958.553549321368337],
              [-11335078.125432768836617, 5983017.560276340693235],
              [-11334829.593386715278029, 5983063.622968390583992],
              [-11334578.991210157051682, 5983096.615370836108923],
              [-11334327.005786241963506, 5983116.447053792886436],
              [-11334074.327789500355721, 5983123.063659997656941],
              [-11333821.649792758747935, 5983116.447053792886436],
              [-11333569.664368843659759, 5983096.615370836108923],
              [-11333319.062192285433412, 5983063.622968390583992],
              [-11333070.530146231874824, 5983017.560276340693235],
              [-11332824.749439746141434, 5982958.553549321368337],
              [-11332582.39374065771699, 5982886.764520670287311],
              [-11332344.127329096198082, 5982802.389959125779569],
              [-11332110.60327672958374, 5982705.661129496060312],
              [-11331882.46165675856173, 5982596.843158778734505],
              [-11331660.327789500355721, 5982476.234309469349682],
              [-11331444.810528447851539, 5982344.165162038058043],
              [-11331236.500591432675719, 5982200.997708840295672],
              [-11331035.968941511586308, 5982047.124361911788583],
              [-11330843.765222, 5981882.966877402737737],
              [-11330660.416249930858612, 5981708.975199566222727],
              [-11330486.424572095274925, 5981525.626227498054504],
              [-11330322.267087586224079, 5981333.422507986426353],
              [-11330168.39374065771699, 5981132.890858065336943],
              [-11330025.226287459954619, 5980924.580921050161123],
              [-11329893.157140029594302, 5980709.063659997656941],
              [-11329772.548290718346834, 5980486.929792740382254],
              [-11329663.730320001021028, 5980258.788172767497599],
              [-11329567.00149037130177, 5980025.264120402745903],
              [-11329482.626928826794028, 5979786.997708840295672],
              [-11329410.837900176644325, 5979544.642009752802551],
              [-11329351.831173157319427, 5979298.861303266137838],
              [-11329305.76848110742867, 5979050.329257211647928],
              [-11329272.776078661903739, 5978799.727080654352903],
              [-11329252.944395706057549, 5978547.741656738333404],
              [-11329246.327789500355721, 5978295.063659997656941]
            ]
          ]
        ]
      }
    },
    {
      "type": "Feature",
      "properties": {
        "fclty__": "Cumberland Fossil Plant",
        "plnt_nm": "Cumberland (TN)",
        "utlty_n": "Tennessee Valley Authority",
        "strt_dd": "815 Cumberland City Rd.",
        "city": "Cumberland City",
        "state": "Tennessee",
        "zip": 37050,
        "prm_src": "coal"
      },
      "geometry": {
        "type": "MultiPolygon",
        "coordinates": [
          [
            [
              [-9752759.514044521376491, 4354459.806401008740067],
              [-9752766.130650727078319, 4354207.128404268063605],
              [-9752785.962333682924509, 4353955.142980352044106],
              [-9752818.95473612844944, 4353704.540803794749081],
              [-9752865.017428178340197, 4353456.008757740259171],
              [-9752924.024155197665095, 4353210.228051253594458],
              [-9752995.813183847814798, 4352967.872352166101336],
              [-9753080.18774539232254, 4352729.605940603651106],
              [-9753176.916575022041798, 4352496.08188823889941],
              [-9753285.734545739367604, 4352267.940268266014755],
              [-9753406.343395050615072, 4352045.806401008740067],
              [-9753538.412542480975389, 4351830.289139956235886],
              [-9753681.57999567873776, 4351621.979202941060066],
              [-9753835.453342607244849, 4351421.447553019970655],
              [-9753999.610827116295695, 4351229.243833508342505],
              [-9754173.602504951879382, 4351045.894861440174282],
              [-9754356.951477020978928, 4350871.903183603659272],
              [-9754549.155196532607079, 4350707.745699094608426],
              [-9754749.686846453696489, 4350553.872352166101336],
              [-9754957.996783468872309, 4350410.704898968338966],
              [-9755173.514044521376491, 4350278.635751537047327],
              [-9755395.6479117795825, 4350158.026902227662504],
              [-9755623.78953175060451, 4350049.208931510336697],
              [-9755857.313584117218852, 4349952.48010188061744],
              [-9756095.57999567873776, 4349868.105540336109698],
              [-9756337.935694767162204, 4349796.316511685028672],
              [-9756583.716401252895594, 4349737.309784665703773],
              [-9756832.248447306454182, 4349691.247092615813017],
              [-9757082.850623864680529, 4349658.254690170288086],
              [-9757334.836047779768705, 4349638.423007213510573],
              [-9757587.514044521376491, 4349631.806401008740067],
              [-9757840.192041262984276, 4349638.423007213510573],
              [-9758092.177465178072453, 4349658.254690170288086],
              [-9758342.7796417362988, 4349691.247092615813017],
              [-9758591.311687789857388, 4349737.309784665703773],
              [-9758837.092394275590777, 4349796.316511685028672],
              [-9759079.448093364015222, 4349868.105540336109698],
              [-9759317.714504925534129, 4349952.48010188061744],
              [-9759551.238557292148471, 4350049.208931510336697],
              [-9759779.380177263170481, 4350158.026902227662504],
              [-9760001.514044521376491, 4350278.635751537047327],
              [-9760217.031305573880672, 4350410.704898968338966],
              [-9760425.341242589056492, 4350553.872352166101336],
              [-9760625.872892510145903, 4350707.745699094608426],
              [-9760818.076612021774054, 4350871.903183603659272],
              [-9761001.425584090873599, 4351045.894861440174282],
              [-9761175.417261926457286, 4351229.243833508342505],
              [-9761339.574746435508132, 4351421.447553019970655],
              [-9761493.448093364015222, 4351621.979202941060066],
              [-9761636.615546561777592, 4351830.289139956235886],
              [-9761768.684693992137909, 4352045.806401008740067],
              [-9761889.293543303385377, 4352267.940268266014755],
              [-9761998.111514020711184, 4352496.08188823889941],
              [-9762094.840343650430441, 4352729.605940603651106],
              [-9762179.214905194938183, 4352967.872352166101336],
              [-9762251.003933845087886, 4353210.228051253594458],
              [-9762310.010660864412785, 4353456.008757740259171],
              [-9762356.073352914303541, 4353704.540803794749081],
              [-9762389.065755359828472, 4353955.142980352044106],
              [-9762408.897438315674663, 4354207.128404268063605],
              [-9762415.514044521376491, 4354459.806401008740067],
              [-9762408.897438315674663, 4354712.48439774941653],
              [-9762389.065755359828472, 4354964.469821664504707],
              [-9762356.073352914303541, 4355215.071998222731054],
              [-9762310.010660864412785, 4355463.604044277220964],
              [-9762251.003933845087886, 4355709.384750763885677],
              [-9762179.214905194938183, 4355951.740449851378798],
              [-9762094.840343650430441, 4356190.006861413829029],
              [-9761998.111514020711184, 4356423.530913778580725],
              [-9761889.293543303385377, 4356651.67253375146538],
              [-9761768.684693992137909, 4356873.806401008740067],
              [-9761636.615546561777592, 4357089.323662061244249],
              [-9761493.448093364015222, 4357297.633599076420069],
              [-9761339.574746435508132, 4357498.16524899750948],
              [-9761175.417261926457286, 4357690.36896850913763],
              [-9761001.425584090873599, 4357873.717940577305853],
              [-9760818.076612021774054, 4358047.709618413820863],
              [-9760625.872892510145903, 4358211.867102922871709],
              [-9760425.341242589056492, 4358365.740449851378798],
              [-9760217.031305573880672, 4358508.907903049141169],
              [-9760001.514044521376491, 4358640.977050480432808],
              [-9759779.380177263170481, 4358761.585899789817631],
              [-9759551.238557292148471, 4358870.403870507143438],
              [-9759317.714504925534129, 4358967.132700136862695],
              [-9759079.448093364015222, 4359051.507261681370437],
              [-9758837.092394275590777, 4359123.296290332451463],
              [-9758591.311687789857388, 4359182.303017351776361],
              [-9758342.7796417362988, 4359228.365709401667118],
              [-9758092.177465178072453, 4359261.358111847192049],
              [-9757840.192041262984276, 4359281.189794803969562],
              [-9757587.514044521376491, 4359287.806401008740067],
              [-9757334.836047779768705, 4359281.189794803969562],
              [-9757082.850623864680529, 4359261.358111847192049],
              [-9756832.248447306454182, 4359228.365709401667118],
              [-9756583.716401252895594, 4359182.303017351776361],
              [-9756337.935694767162204, 4359123.296290332451463],
              [-9756095.57999567873776, 4359051.507261681370437],
              [-9755857.313584117218852, 4358967.132700136862695],
              [-9755623.78953175060451, 4358870.403870507143438],
              [-9755395.6479117795825, 4358761.585899789817631],
              [-9755173.514044521376491, 4358640.977050480432808],
              [-9754957.996783468872309, 4358508.907903049141169],
              [-9754749.686846453696489, 4358365.740449851378798],
              [-9754549.155196532607079, 4358211.867102922871709],
              [-9754356.951477020978928, 4358047.709618413820863],
              [-9754173.602504951879382, 4357873.717940577305853],
              [-9753999.610827116295695, 4357690.36896850913763],
              [-9753835.453342607244849, 4357498.16524899750948],
              [-9753681.57999567873776, 4357297.633599076420069],
              [-9753538.412542480975389, 4357089.323662061244249],
              [-9753406.343395050615072, 4356873.806401008740067],
              [-9753285.734545739367604, 4356651.67253375146538],
              [-9753176.916575022041798, 4356423.530913778580725],
              [-9753080.18774539232254, 4356190.006861413829029],
              [-9752995.813183847814798, 4355951.740449851378798],
              [-9752924.024155197665095, 4355709.384750763885677],
              [-9752865.017428178340197, 4355463.604044277220964],
              [-9752818.95473612844944, 4355215.071998222731054],
              [-9752785.962333682924509, 4354964.469821665436029],
              [-9752766.130650727078319, 4354712.48439774941653],
              [-9752759.514044521376491, 4354459.806401008740067]
            ]
          ]
        ]
      }
    },
    {
      "type": "Feature",
      "properties": {
        "fclty__": "D.B. Wilson Station",
        "plnt_nm": "D B Wilson",
        "utlty_n": "Big Rivers Electric Corp",
        "strt_dd": "5663 Highway 85 West",
        "city": "Centertown",
        "state": "Kentucky",
        "zip": 42328,
        "prm_src": "coal"
      },
      "geometry": {
        "type": "MultiPolygon",
        "coordinates": [
          [
            [
              [-9688940.049972739070654, 4501975.916409767232835],
              [-9688946.666578944772482, 4501723.238413026556373],
              [-9688966.498261900618672, 4501471.252989110536873],
              [-9688999.490664346143603, 4501220.650812553241849],
              [-9689045.55335639603436, 4500972.118766498751938],
              [-9689104.560083415359259, 4500726.338060012087226],
              [-9689176.349112065508962, 4500483.982360924594104],
              [-9689260.723673610016704, 4500245.715949362143874],
              [-9689357.452503239735961, 4500012.191896997392178],
              [-9689466.270473957061768, 4499784.050277024507523],
              [-9689586.879323268309236, 4499561.916409767232835],
              [-9689718.948470698669553, 4499346.399148714728653],
              [-9689862.115923896431923, 4499138.089211699552834],
              [-9690015.989270824939013, 4498937.557561778463423],
              [-9690180.146755333989859, 4498745.353842266835272],
              [-9690354.138433169573545, 4498562.004870198667049],
              [-9690537.487405238673091, 4498388.01319236215204],
              [-9690729.691124750301242, 4498223.855707853101194],
              [-9690930.222774671390653, 4498069.982360924594104],
              [-9691138.532711686566472, 4497926.814907726831734],
              [-9691354.049972739070654, 4497794.745760295540094],
              [-9691576.183839997276664, 4497674.136910986155272],
              [-9691804.325459968298674, 4497565.318940268829465],
              [-9692037.849512334913015, 4497468.590110639110208],
              [-9692276.115923896431923, 4497384.215549094602466],
              [-9692518.471622984856367, 4497312.42652044352144],
              [-9692764.252329470589757, 4497253.419793424196541],
              [-9693012.784375524148345, 4497207.357101374305785],
              [-9693263.386552082374692, 4497174.364698928780854],
              [-9693515.371975997462869, 4497154.533015972003341],
              [-9693768.049972739070654, 4497147.916409767232835],
              [-9694020.727969480678439, 4497154.533015972003341],
              [-9694272.713393395766616, 4497174.364698928780854],
              [-9694523.315569953992963, 4497207.357101374305785],
              [-9694771.847616007551551, 4497253.419793424196541],
              [-9695017.628322493284941, 4497312.42652044352144],
              [-9695259.984021581709385, 4497384.215549094602466],
              [-9695498.250433143228292, 4497468.590110639110208],
              [-9695731.774485509842634, 4497565.318940268829465],
              [-9695959.916105480864644, 4497674.136910986155272],
              [-9696182.049972739070654, 4497794.745760295540094],
              [-9696397.567233791574836, 4497926.814907726831734],
              [-9696605.877170806750655, 4498069.982360924594104],
              [-9696806.408820727840066, 4498223.855707853101194],
              [-9696998.612540239468217, 4498388.01319236215204],
              [-9697181.961512308567762, 4498562.004870198667049],
              [-9697355.953190144151449, 4498745.353842266835272],
              [-9697520.110674653202295, 4498937.557561778463423],
              [-9697673.984021581709385, 4499138.089211699552834],
              [-9697817.151474779471755, 4499346.399148714728653],
              [-9697949.220622209832072, 4499561.916409767232835],
              [-9698069.82947152107954, 4499784.050277024507523],
              [-9698178.647442238405347, 4500012.191896997392178],
              [-9698275.376271868124604, 4500245.715949362143874],
              [-9698359.750833412632346, 4500483.982360924594104],
              [-9698431.539862062782049, 4500726.338060012087226],
              [-9698490.546589082106948, 4500972.118766498751938],
              [-9698536.609281131997705, 4501220.650812553241849],
              [-9698569.601683577522635, 4501471.252989110536873],
              [-9698589.433366533368826, 4501723.238413026556373],
              [-9698596.049972739070654, 4501975.916409767232835],
              [-9698589.433366533368826, 4502228.594406507909298],
              [-9698569.601683577522635, 4502480.579830422997475],
              [-9698536.609281131997705, 4502731.182006981223822],
              [-9698490.546589082106948, 4502979.714053035713732],
              [-9698431.539862062782049, 4503225.494759522378445],
              [-9698359.750833412632346, 4503467.850458609871566],
              [-9698275.376271868124604, 4503706.116870172321796],
              [-9698178.647442238405347, 4503939.640922537073493],
              [-9698069.82947152107954, 4504167.782542509958148],
              [-9697949.220622209832072, 4504389.916409767232835],
              [-9697817.151474779471755, 4504605.433670819737017],
              [-9697673.984021581709385, 4504813.743607834912837],
              [-9697520.110674653202295, 4505014.275257756002247],
              [-9697355.953190144151449, 4505206.478977267630398],
              [-9697181.961512308567762, 4505389.827949335798621],
              [-9696998.612540239468217, 4505563.819627172313631],
              [-9696806.408820727840066, 4505727.977111681364477],
              [-9696605.877170806750655, 4505881.850458609871566],
              [-9696397.567233791574836, 4506025.017911807633936],
              [-9696182.049972739070654, 4506157.087059238925576],
              [-9695959.916105480864644, 4506277.695908548310399],
              [-9695731.774485509842634, 4506386.513879265636206],
              [-9695498.250433143228292, 4506483.242708895355463],
              [-9695259.984021581709385, 4506567.617270439863205],
              [-9695017.628322493284941, 4506639.406299090944231],
              [-9694771.847616007551551, 4506698.413026110269129],
              [-9694523.315569953992963, 4506744.475718160159886],
              [-9694272.713393395766616, 4506777.468120605684817],
              [-9694020.727969480678439, 4506797.29980356246233],
              [-9693768.049972739070654, 4506803.916409767232835],
              [-9693515.371975997462869, 4506797.29980356246233],
              [-9693263.386552082374692, 4506777.468120605684817],
              [-9693012.784375524148345, 4506744.475718160159886],
              [-9692764.252329470589757, 4506698.413026110269129],
              [-9692518.471622984856367, 4506639.406299090944231],
              [-9692276.115923896431923, 4506567.617270439863205],
              [-9692037.849512334913015, 4506483.242708895355463],
              [-9691804.325459968298674, 4506386.513879265636206],
              [-9691576.183839997276664, 4506277.695908548310399],
              [-9691354.049972739070654, 4506157.087059238925576],
              [-9691138.532711686566472, 4506025.017911807633936],
              [-9690930.222774671390653, 4505881.850458609871566],
              [-9690729.691124750301242, 4505727.977111681364477],
              [-9690537.487405238673091, 4505563.819627172313631],
              [-9690354.138433169573545, 4505389.827949335798621],
              [-9690180.146755333989859, 4505206.478977267630398],
              [-9690015.989270824939013, 4505014.275257756002247],
              [-9689862.115923896431923, 4504813.743607834912837],
              [-9689718.948470698669553, 4504605.433670819737017],
              [-9689586.879323268309236, 4504389.916409767232835],
              [-9689466.270473957061768, 4504167.782542509958148],
              [-9689357.452503239735961, 4503939.640922537073493],
              [-9689260.723673610016704, 4503706.116870172321796],
              [-9689176.349112065508962, 4503467.850458609871566],
              [-9689104.560083415359259, 4503225.494759522378445],
              [-9689045.55335639603436, 4502979.714053035713732],
              [-9688999.490664346143603, 4502731.182006981223822],
              [-9688966.498261900618672, 4502480.579830423928797],
              [-9688946.666578944772482, 4502228.594406507909298],
              [-9688940.049972739070654, 4501975.916409767232835]
            ]
          ]
        ]
      }
    },
    {
      "type": "Feature",
      "properties": {
        "fclty__": "Dry Fork Station Unit 1",
        "plnt_nm": "Dry Fork Station",
        "utlty_n": "Basin Electric Power Coop",
        "strt_dd": "Interstate 90",
        "city": "Gillette",
        "state": "Wyoming",
        "zip": 82732,
        "prm_src": "coal"
      },
      "geometry": {
        "type": "MultiPolygon",
        "coordinates": [
          [
            [
              [-11735018.228194460272789, 5525822.213710051029921],
              [-11735024.844800665974617, 5525569.535713310353458],
              [-11735044.676483621820807, 5525317.550289394333959],
              [-11735077.668886067345738, 5525066.948112837038934],
              [-11735123.731578117236495, 5524818.416066782549024],
              [-11735182.738305136561394, 5524572.635360295884311],
              [-11735254.527333786711097, 5524330.27966120839119],
              [-11735338.901895331218839, 5524092.013249645940959],
              [-11735435.630724960938096, 5523858.489197281189263],
              [-11735544.448695678263903, 5523630.347577308304608],
              [-11735665.057544989511371, 5523408.213710051029921],
              [-11735797.126692419871688, 5523192.696448998525739],
              [-11735940.294145617634058, 5522984.386511983349919],
              [-11736094.167492546141148, 5522783.854862062260509],
              [-11736258.324977055191994, 5522591.651142550632358],
              [-11736432.316654890775681, 5522408.302170482464135],
              [-11736615.665626959875226, 5522234.310492645949125],
              [-11736807.869346471503377, 5522070.153008136898279],
              [-11737008.400996392592788, 5521916.27966120839119],
              [-11737216.710933407768607, 5521773.112208010628819],
              [-11737432.228194460272789, 5521641.04306057933718],
              [-11737654.362061718478799, 5521520.434211269952357],
              [-11737882.503681689500809, 5521411.61624055262655],
              [-11738116.02773405611515, 5521314.887410922907293],
              [-11738354.294145617634058, 5521230.512849378399551],
              [-11738596.649844706058502, 5521158.723820727318525],
              [-11738842.430551191791892, 5521099.717093707993627],
              [-11739090.96259724535048, 5521053.65440165810287],
              [-11739341.564773803576827, 5521020.661999212577939],
              [-11739593.550197718665004, 5521000.830316255800426],
              [-11739846.228194460272789, 5520994.213710051029921],
              [-11740098.906191201880574, 5521000.830316255800426],
              [-11740350.891615116968751, 5521020.661999212577939],
              [-11740601.493791675195098, 5521053.65440165810287],
              [-11740850.025837728753686, 5521099.717093707993627],
              [-11741095.806544214487076, 5521158.723820727318525],
              [-11741338.16224330291152, 5521230.512849378399551],
              [-11741576.428654864430428, 5521314.887410922907293],
              [-11741809.952707231044769, 5521411.61624055262655],
              [-11742038.094327202066779, 5521520.434211269952357],
              [-11742260.228194460272789, 5521641.04306057933718],
              [-11742475.745455512776971, 5521773.112208010628819],
              [-11742684.05539252795279, 5521916.27966120839119],
              [-11742884.587042449042201, 5522070.153008136898279],
              [-11743076.790761960670352, 5522234.310492645949125],
              [-11743260.139734029769897, 5522408.302170482464135],
              [-11743434.131411865353584, 5522591.651142550632358],
              [-11743598.28889637440443, 5522783.854862062260509],
              [-11743752.16224330291152, 5522984.386511983349919],
              [-11743895.32969650067389, 5523192.696448998525739],
              [-11744027.398843931034207, 5523408.213710051029921],
              [-11744148.007693242281675, 5523630.347577308304608],
              [-11744256.825663959607482, 5523858.489197281189263],
              [-11744353.554493589326739, 5524092.013249645940959],
              [-11744437.929055133834481, 5524330.27966120839119],
              [-11744509.718083783984184, 5524572.635360295884311],
              [-11744568.724810803309083, 5524818.416066782549024],
              [-11744614.78750285319984, 5525066.948112837038934],
              [-11744647.779905298724771, 5525317.550289394333959],
              [-11744667.611588254570961, 5525569.535713310353458],
              [-11744674.228194460272789, 5525822.213710051029921],
              [-11744667.611588254570961, 5526074.891706791706383],
              [-11744647.779905298724771, 5526326.87713070679456],
              [-11744614.78750285319984, 5526577.479307265020907],
              [-11744568.724810803309083, 5526826.011353319510818],
              [-11744509.718083783984184, 5527071.79205980617553],
              [-11744437.929055133834481, 5527314.147758893668652],
              [-11744353.554493589326739, 5527552.414170456118882],
              [-11744256.825663959607482, 5527785.938222820870578],
              [-11744148.007693242281675, 5528014.079842793755233],
              [-11744027.398843931034207, 5528236.213710051029921],
              [-11743895.32969650067389, 5528451.730971103534102],
              [-11743752.16224330291152, 5528660.040908118709922],
              [-11743598.28889637440443, 5528860.572558039799333],
              [-11743434.131411865353584, 5529052.776277551427484],
              [-11743260.139734029769897, 5529236.125249619595706],
              [-11743076.790761960670352, 5529410.116927456110716],
              [-11742884.587042449042201, 5529574.274411965161562],
              [-11742684.05539252795279, 5529728.147758893668652],
              [-11742475.745455512776971, 5529871.315212091431022],
              [-11742260.228194460272789, 5530003.384359522722661],
              [-11742038.094327202066779, 5530123.993208832107484],
              [-11741809.952707231044769, 5530232.811179549433291],
              [-11741576.428654864430428, 5530329.540009179152548],
              [-11741338.16224330291152, 5530413.91457072366029],
              [-11741095.806544214487076, 5530485.703599374741316],
              [-11740850.025837728753686, 5530544.710326394066215],
              [-11740601.493791675195098, 5530590.773018443956971],
              [-11740350.891615116968751, 5530623.765420889481902],
              [-11740098.906191201880574, 5530643.597103846259415],
              [-11739846.228194460272789, 5530650.213710051029921],
              [-11739593.550197718665004, 5530643.597103846259415],
              [-11739341.564773803576827, 5530623.765420889481902],
              [-11739090.96259724535048, 5530590.773018443956971],
              [-11738842.430551191791892, 5530544.710326394066215],
              [-11738596.649844706058502, 5530485.703599374741316],
              [-11738354.294145617634058, 5530413.91457072366029],
              [-11738116.02773405611515, 5530329.540009179152548],
              [-11737882.503681689500809, 5530232.811179549433291],
              [-11737654.362061718478799, 5530123.993208832107484],
              [-11737432.228194460272789, 5530003.384359522722661],
              [-11737216.710933407768607, 5529871.315212091431022],
              [-11737008.400996392592788, 5529728.147758893668652],
              [-11736807.869346471503377, 5529574.274411965161562],
              [-11736615.665626959875226, 5529410.116927456110716],
              [-11736432.316654890775681, 5529236.125249619595706],
              [-11736258.324977055191994, 5529052.776277551427484],
              [-11736094.167492546141148, 5528860.572558039799333],
              [-11735940.294145617634058, 5528660.040908118709922],
              [-11735797.126692419871688, 5528451.730971103534102],
              [-11735665.057544989511371, 5528236.213710051029921],
              [-11735544.448695678263903, 5528014.079842793755233],
              [-11735435.630724960938096, 5527785.938222820870578],
              [-11735338.901895331218839, 5527552.414170456118882],
              [-11735254.527333786711097, 5527314.147758893668652],
              [-11735182.738305136561394, 5527071.79205980617553],
              [-11735123.731578117236495, 5526826.011353319510818],
              [-11735077.668886067345738, 5526577.479307265020907],
              [-11735044.676483621820807, 5526326.877130707725883],
              [-11735024.844800665974617, 5526074.891706791706383],
              [-11735018.228194460272789, 5525822.213710051029921]
            ]
          ]
        ]
      }
    },
    {
      "type": "Feature",
      "properties": {
        "fclty__": "EPC Generating Station",
        "plnt_nm": "Ebensburg Power",
        "utlty_n": "Ebensburg Power Co",
        "strt_dd": "2840 New Germany Road",
        "city": "Ebensburg",
        "state": "Pennsylvania",
        "zip": 15931,
        "prm_src": "coal"
      },
      "geometry": {
        "type": "MultiPolygon",
        "coordinates": [
          [
            [
              [-8761270.205396072939038, 4932283.616954257711768],
              [-8761276.822002278640866, 4932030.938957517035306],
              [-8761296.653685234487057, 4931778.953533601015806],
              [-8761329.646087680011988, 4931528.351357043720782],
              [-8761375.708779729902744, 4931279.819310989230871],
              [-8761434.715506749227643, 4931034.038604502566159],
              [-8761506.504535399377346, 4930791.682905415073037],
              [-8761590.879096943885088, 4930553.416493852622807],
              [-8761687.607926573604345, 4930319.89244148787111],
              [-8761796.425897290930152, 4930091.750821514986455],
              [-8761917.03474660217762, 4929869.616954257711768],
              [-8762049.103894032537937, 4929654.099693205207586],
              [-8762192.271347230300307, 4929445.789756190031767],
              [-8762346.144694158807397, 4929245.258106268942356],
              [-8762510.302178667858243, 4929053.054386757314205],
              [-8762684.29385650344193, 4928869.705414689145982],
              [-8762867.642828572541475, 4928695.713736852630973],
              [-8763059.846548084169626, 4928531.556252343580127],
              [-8763260.378198005259037, 4928377.682905415073037],
              [-8763468.688135020434856, 4928234.515452217310667],
              [-8763684.205396072939038, 4928102.446304786019027],
              [-8763906.339263331145048, 4927981.837455476634204],
              [-8764134.480883302167058, 4927873.019484759308398],
              [-8764368.0049356687814, 4927776.29065512958914],
              [-8764606.271347230300307, 4927691.916093585081398],
              [-8764848.627046318724751, 4927620.127064934000373],
              [-8765094.407752804458141, 4927561.120337914675474],
              [-8765342.939798858016729, 4927515.057645864784718],
              [-8765593.541975416243076, 4927482.065243419259787],
              [-8765845.527399331331253, 4927462.233560462482274],
              [-8766098.205396072939038, 4927455.616954257711768],
              [-8766350.883392814546824, 4927462.233560462482274],
              [-8766602.868816729635, 4927482.065243419259787],
              [-8766853.470993287861347, 4927515.057645864784718],
              [-8767102.003039341419935, 4927561.120337914675474],
              [-8767347.783745827153325, 4927620.127064934000373],
              [-8767590.139444915577769, 4927691.916093585081398],
              [-8767828.405856477096677, 4927776.29065512958914],
              [-8768061.929908843711019, 4927873.019484759308398],
              [-8768290.071528814733028, 4927981.837455476634204],
              [-8768512.205396072939038, 4928102.446304786019027],
              [-8768727.72265712544322, 4928234.515452217310667],
              [-8768936.03259414061904, 4928377.682905415073037],
              [-8769136.56424406170845, 4928531.556252343580127],
              [-8769328.767963573336601, 4928695.713736852630973],
              [-8769512.116935642436147, 4928869.705414689145982],
              [-8769686.108613478019834, 4929053.054386757314205],
              [-8769850.26609798707068, 4929245.258106268942356],
              [-8770004.139444915577769, 4929445.789756190031767],
              [-8770147.306898113340139, 4929654.099693205207586],
              [-8770279.376045543700457, 4929869.616954257711768],
              [-8770399.984894854947925, 4930091.750821514986455],
              [-8770508.802865572273731, 4930319.89244148787111],
              [-8770605.531695201992989, 4930553.416493852622807],
              [-8770689.906256746500731, 4930791.682905415073037],
              [-8770761.695285396650434, 4931034.038604502566159],
              [-8770820.702012415975332, 4931279.819310989230871],
              [-8770866.764704465866089, 4931528.351357043720782],
              [-8770899.75710691139102, 4931778.953533601015806],
              [-8770919.58878986723721, 4932030.938957517035306],
              [-8770926.205396072939038, 4932283.616954257711768],
              [-8770919.58878986723721, 4932536.294950998388231],
              [-8770899.75710691139102, 4932788.280374913476408],
              [-8770866.764704465866089, 4933038.882551471702754],
              [-8770820.702012415975332, 4933287.414597526192665],
              [-8770761.695285396650434, 4933533.195304012857378],
              [-8770689.906256746500731, 4933775.551003100350499],
              [-8770605.531695201992989, 4934013.817414662800729],
              [-8770508.802865572273731, 4934247.341467027552426],
              [-8770399.984894854947925, 4934475.483087000437081],
              [-8770279.376045543700457, 4934697.616954257711768],
              [-8770147.306898113340139, 4934913.13421531021595],
              [-8770004.139444915577769, 4935121.444152325391769],
              [-8769850.26609798707068, 4935321.97580224648118],
              [-8769686.108613478019834, 4935514.179521758109331],
              [-8769512.116935642436147, 4935697.528493826277554],
              [-8769328.767963573336601, 4935871.520171662792563],
              [-8769136.56424406170845, 4936035.67765617184341],
              [-8768936.03259414061904, 4936189.551003100350499],
              [-8768727.72265712544322, 4936332.718456298112869],
              [-8768512.205396072939038, 4936464.787603729404509],
              [-8768290.071528814733028, 4936585.396453038789332],
              [-8768061.929908843711019, 4936694.214423756115139],
              [-8767828.405856477096677, 4936790.943253385834396],
              [-8767590.139444915577769, 4936875.317814930342138],
              [-8767347.783745827153325, 4936947.106843581423163],
              [-8767102.003039341419935, 4937006.113570600748062],
              [-8766853.470993287861347, 4937052.176262650638819],
              [-8766602.868816729635, 4937085.16866509616375],
              [-8766350.883392814546824, 4937105.000348052941263],
              [-8766098.205396072939038, 4937111.616954257711768],
              [-8765845.527399331331253, 4937105.000348052941263],
              [-8765593.541975416243076, 4937085.16866509616375],
              [-8765342.939798858016729, 4937052.176262650638819],
              [-8765094.407752804458141, 4937006.113570600748062],
              [-8764848.627046318724751, 4936947.106843581423163],
              [-8764606.271347230300307, 4936875.317814930342138],
              [-8764368.0049356687814, 4936790.943253385834396],
              [-8764134.480883302167058, 4936694.214423756115139],
              [-8763906.339263331145048, 4936585.396453038789332],
              [-8763684.205396072939038, 4936464.787603729404509],
              [-8763468.688135020434856, 4936332.718456298112869],
              [-8763260.378198005259037, 4936189.551003100350499],
              [-8763059.846548084169626, 4936035.67765617184341],
              [-8762867.642828572541475, 4935871.520171662792563],
              [-8762684.29385650344193, 4935697.528493826277554],
              [-8762510.302178667858243, 4935514.179521758109331],
              [-8762346.144694158807397, 4935321.97580224648118],
              [-8762192.271347230300307, 4935121.444152325391769],
              [-8762049.103894032537937, 4934913.13421531021595],
              [-8761917.03474660217762, 4934697.616954257711768],
              [-8761796.425897290930152, 4934475.483087000437081],
              [-8761687.607926573604345, 4934247.341467027552426],
              [-8761590.879096943885088, 4934013.817414662800729],
              [-8761506.504535399377346, 4933775.551003100350499],
              [-8761434.715506749227643, 4933533.195304012857378],
              [-8761375.708779729902744, 4933287.414597526192665],
              [-8761329.646087680011988, 4933038.882551471702754],
              [-8761296.653685234487057, 4932788.28037491440773],
              [-8761276.822002278640866, 4932536.294950998388231],
              [-8761270.205396072939038, 4932283.616954257711768]
            ]
          ]
        ]
      }
    },
    {
      "type": "Feature",
      "properties": {
        "fclty__": "Fort Martin Power Station",
        "plnt_nm": "FirstEnergy Fort Martin Power Station",
        "utlty_n": "Monongahela Power Co",
        "strt_dd": "PO Box 247",
        "city": "Maidsville",
        "state": "West Virginia",
        "zip": 26541,
        "prm_src": "coal"
      },
      "geometry": {
        "type": "MultiPolygon",
        "coordinates": [
          [
            [
              [-8892660.600379372015595, 4824009.867824084125459],
              [-8892667.216985577717423, 4823757.189827343448997],
              [-8892687.048668533563614, 4823505.204403427429497],
              [-8892720.041070979088545, 4823254.602226870134473],
              [-8892766.103763028979301, 4823006.070180815644562],
              [-8892825.1104900483042, 4822760.28947432897985],
              [-8892896.899518698453903, 4822517.933775241486728],
              [-8892981.274080242961645, 4822279.667363679036498],
              [-8893078.002909872680902, 4822046.143311314284801],
              [-8893186.820880590006709, 4821818.001691341400146],
              [-8893307.429729901254177, 4821595.867824084125459],
              [-8893439.498877331614494, 4821380.350563031621277],
              [-8893582.666330529376864, 4821172.040626016445458],
              [-8893736.539677457883954, 4820971.508976095356047],
              [-8893900.6971619669348, 4820779.305256583727896],
              [-8894074.688839802518487, 4820595.956284515559673],
              [-8894258.037811871618032, 4820421.964606679044664],
              [-8894450.241531383246183, 4820257.807122169993818],
              [-8894650.773181304335594, 4820103.933775241486728],
              [-8894859.083118319511414, 4819960.766322043724358],
              [-8895074.600379372015595, 4819828.697174612432718],
              [-8895296.734246630221605, 4819708.088325303047895],
              [-8895524.875866601243615, 4819599.270354585722089],
              [-8895758.399918967857957, 4819502.541524956002831],
              [-8895996.666330529376864, 4819418.16696341149509],
              [-8896239.022029617801309, 4819346.377934760414064],
              [-8896484.802736103534698, 4819287.371207741089165],
              [-8896733.334782157093287, 4819241.308515691198409],
              [-8896983.936958715319633, 4819208.316113245673478],
              [-8897235.92238263040781, 4819188.484430288895965],
              [-8897488.600379372015595, 4819181.867824084125459],
              [-8897741.278376113623381, 4819188.484430288895965],
              [-8897993.263800028711557, 4819208.316113245673478],
              [-8898243.865976586937904, 4819241.308515691198409],
              [-8898492.398022640496492, 4819287.371207741089165],
              [-8898738.178729126229882, 4819346.377934760414064],
              [-8898980.534428214654326, 4819418.16696341149509],
              [-8899218.800839776173234, 4819502.541524956002831],
              [-8899452.324892142787576, 4819599.270354585722089],
              [-8899680.466512113809586, 4819708.088325303047895],
              [-8899902.600379372015595, 4819828.697174612432718],
              [-8900118.117640424519777, 4819960.766322043724358],
              [-8900326.427577439695597, 4820103.933775241486728],
              [-8900526.959227360785007, 4820257.807122169993818],
              [-8900719.162946872413158, 4820421.964606679044664],
              [-8900902.511918941512704, 4820595.956284515559673],
              [-8901076.503596777096391, 4820779.305256583727896],
              [-8901240.661081286147237, 4820971.508976095356047],
              [-8901394.534428214654326, 4821172.040626016445458],
              [-8901537.701881412416697, 4821380.350563031621277],
              [-8901669.771028842777014, 4821595.867824084125459],
              [-8901790.379878154024482, 4821818.001691341400146],
              [-8901899.197848871350288, 4822046.143311314284801],
              [-8901995.926678501069546, 4822279.667363679036498],
              [-8902080.301240045577288, 4822517.933775241486728],
              [-8902152.090268695726991, 4822760.28947432897985],
              [-8902211.096995715051889, 4823006.070180815644562],
              [-8902257.159687764942646, 4823254.602226870134473],
              [-8902290.152090210467577, 4823505.204403427429497],
              [-8902309.983773166313767, 4823757.189827343448997],
              [-8902316.600379372015595, 4824009.867824084125459],
              [-8902309.983773166313767, 4824262.545820824801922],
              [-8902290.152090210467577, 4824514.531244739890099],
              [-8902257.159687764942646, 4824765.133421298116446],
              [-8902211.096995715051889, 4825013.665467352606356],
              [-8902152.090268695726991, 4825259.446173839271069],
              [-8902080.301240045577288, 4825501.80187292676419],
              [-8901995.926678501069546, 4825740.06828448921442],
              [-8901899.197848871350288, 4825973.592336853966117],
              [-8901790.379878154024482, 4826201.733956826850772],
              [-8901669.771028842777014, 4826423.867824084125459],
              [-8901537.701881412416697, 4826639.385085136629641],
              [-8901394.534428214654326, 4826847.69502215180546],
              [-8901240.661081286147237, 4827048.226672072894871],
              [-8901076.503596777096391, 4827240.430391584523022],
              [-8900902.511918941512704, 4827423.779363652691245],
              [-8900719.162946872413158, 4827597.771041489206254],
              [-8900526.959227360785007, 4827761.928525998257101],
              [-8900326.427577439695597, 4827915.80187292676419],
              [-8900118.117640424519777, 4828058.96932612452656],
              [-8899902.600379372015595, 4828191.0384735558182],
              [-8899680.466512113809586, 4828311.647322865203023],
              [-8899452.324892142787576, 4828420.46529358252883],
              [-8899218.800839776173234, 4828517.194123212248087],
              [-8898980.534428214654326, 4828601.568684756755829],
              [-8898738.178729126229882, 4828673.357713407836854],
              [-8898492.398022640496492, 4828732.364440427161753],
              [-8898243.865976586937904, 4828778.42713247705251],
              [-8897993.263800028711557, 4828811.419534922577441],
              [-8897741.278376113623381, 4828831.251217879354954],
              [-8897488.600379372015595, 4828837.867824084125459],
              [-8897235.92238263040781, 4828831.251217879354954],
              [-8896983.936958715319633, 4828811.419534922577441],
              [-8896733.334782157093287, 4828778.42713247705251],
              [-8896484.802736103534698, 4828732.364440427161753],
              [-8896239.022029617801309, 4828673.357713407836854],
              [-8895996.666330529376864, 4828601.568684756755829],
              [-8895758.399918967857957, 4828517.194123212248087],
              [-8895524.875866601243615, 4828420.46529358252883],
              [-8895296.734246630221605, 4828311.647322865203023],
              [-8895074.600379372015595, 4828191.0384735558182],
              [-8894859.083118319511414, 4828058.96932612452656],
              [-8894650.773181304335594, 4827915.80187292676419],
              [-8894450.241531383246183, 4827761.928525998257101],
              [-8894258.037811871618032, 4827597.771041489206254],
              [-8894074.688839802518487, 4827423.779363652691245],
              [-8893900.6971619669348, 4827240.430391584523022],
              [-8893736.539677457883954, 4827048.226672072894871],
              [-8893582.666330529376864, 4826847.69502215180546],
              [-8893439.498877331614494, 4826639.385085136629641],
              [-8893307.429729901254177, 4826423.867824084125459],
              [-8893186.820880590006709, 4826201.733956826850772],
              [-8893078.002909872680902, 4825973.592336853966117],
              [-8892981.274080242961645, 4825740.06828448921442],
              [-8892896.899518698453903, 4825501.80187292676419],
              [-8892825.1104900483042, 4825259.446173839271069],
              [-8892766.103763028979301, 4825013.665467352606356],
              [-8892720.041070979088545, 4824765.133421298116446],
              [-8892687.048668533563614, 4824514.531244740821421],
              [-8892667.216985577717423, 4824262.545820824801922],
              [-8892660.600379372015595, 4824009.867824084125459]
            ]
          ]
        ]
      }
    },
    {
      "type": "Feature",
      "properties": {
        "fclty__": "Gallatin Fossil Plant",
        "plnt_nm": "Gallatin (TN)",
        "utlty_n": "Tennessee Valley Authority",
        "strt_dd": "1499 Steam Plant Rd.",
        "city": "Gallatin",
        "state": "Tennessee",
        "zip": 37066,
        "prm_src": "coal"
      },
      "geometry": {
        "type": "MultiPolygon",
        "coordinates": [
          [
            [
              [-9613242.796233313158154, 4344134.793811830691993],
              [-9613249.412839518859982, 4343882.115815090015531],
              [-9613269.244522474706173, 4343630.130391173996031],
              [-9613302.236924920231104, 4343379.528214616701007],
              [-9613348.299616970121861, 4343130.996168562211096],
              [-9613407.306343989446759, 4342885.215462075546384],
              [-9613479.095372639596462, 4342642.859762988053262],
              [-9613563.469934184104204, 4342404.593351425603032],
              [-9613660.198763813823462, 4342171.069299060851336],
              [-9613769.016734531149268, 4341942.927679087966681],
              [-9613889.625583842396736, 4341720.793811830691993],
              [-9614021.694731272757053, 4341505.276550778187811],
              [-9614164.862184470519423, 4341296.966613763011992],
              [-9614318.735531399026513, 4341096.434963841922581],
              [-9614482.893015908077359, 4340904.23124433029443],
              [-9614656.884693743661046, 4340720.882272262126207],
              [-9614840.233665812760592, 4340546.890594425611198],
              [-9615032.437385324388742, 4340382.733109916560352],
              [-9615232.969035245478153, 4340228.859762988053262],
              [-9615441.278972260653973, 4340085.692309790290892],
              [-9615656.796233313158154, 4339953.623162358999252],
              [-9615878.930100571364164, 4339833.014313049614429],
              [-9616107.071720542386174, 4339724.196342332288623],
              [-9616340.595772909000516, 4339627.467512702569366],
              [-9616578.862184470519423, 4339543.092951158061624],
              [-9616821.217883558943868, 4339471.303922506980598],
              [-9617066.998590044677258, 4339412.297195487655699],
              [-9617315.530636098235846, 4339366.234503437764943],
              [-9617566.132812656462193, 4339333.242100992240012],
              [-9617818.118236571550369, 4339313.410418035462499],
              [-9618070.796233313158154, 4339306.793811830691993],
              [-9618323.47423005476594, 4339313.410418035462499],
              [-9618575.459653969854116, 4339333.242100992240012],
              [-9618826.061830528080463, 4339366.234503437764943],
              [-9619074.593876581639051, 4339412.297195487655699],
              [-9619320.374583067372441, 4339471.303922506980598],
              [-9619562.730282155796885, 4339543.092951158061624],
              [-9619800.996693717315793, 4339627.467512702569366],
              [-9620034.520746083930135, 4339724.196342332288623],
              [-9620262.662366054952145, 4339833.014313049614429],
              [-9620484.796233313158154, 4339953.623162358999252],
              [-9620700.313494365662336, 4340085.692309790290892],
              [-9620908.623431380838156, 4340228.859762988053262],
              [-9621109.155081301927567, 4340382.733109916560352],
              [-9621301.358800813555717, 4340546.890594425611198],
              [-9621484.707772882655263, 4340720.882272262126207],
              [-9621658.69945071823895, 4340904.23124433029443],
              [-9621822.856935227289796, 4341096.434963841922581],
              [-9621976.730282155796885, 4341296.966613763011992],
              [-9622119.897735353559256, 4341505.276550778187811],
              [-9622251.966882783919573, 4341720.793811830691993],
              [-9622372.575732095167041, 4341942.927679087966681],
              [-9622481.393702812492847, 4342171.069299060851336],
              [-9622578.122532442212105, 4342404.593351425603032],
              [-9622662.497093986719847, 4342642.859762988053262],
              [-9622734.28612263686955, 4342885.215462075546384],
              [-9622793.292849656194448, 4343130.996168562211096],
              [-9622839.355541706085205, 4343379.528214616701007],
              [-9622872.347944151610136, 4343630.130391173996031],
              [-9622892.179627107456326, 4343882.115815090015531],
              [-9622898.796233313158154, 4344134.793811830691993],
              [-9622892.179627107456326, 4344387.471808571368456],
              [-9622872.347944151610136, 4344639.457232486456633],
              [-9622839.355541706085205, 4344890.05940904468298],
              [-9622793.292849656194448, 4345138.59145509917289],
              [-9622734.28612263686955, 4345384.372161585837603],
              [-9622662.497093986719847, 4345626.727860673330724],
              [-9622578.122532442212105, 4345864.994272235780954],
              [-9622481.393702812492847, 4346098.518324600532651],
              [-9622372.575732095167041, 4346326.659944573417306],
              [-9622251.966882783919573, 4346548.793811830691993],
              [-9622119.897735353559256, 4346764.311072883196175],
              [-9621976.730282155796885, 4346972.621009898371994],
              [-9621822.856935227289796, 4347173.152659819461405],
              [-9621658.69945071823895, 4347365.356379331089556],
              [-9621484.707772882655263, 4347548.705351399257779],
              [-9621301.358800813555717, 4347722.697029235772789],
              [-9621109.155081301927567, 4347886.854513744823635],
              [-9620908.623431380838156, 4348040.727860673330724],
              [-9620700.313494365662336, 4348183.895313871093094],
              [-9620484.796233313158154, 4348315.964461302384734],
              [-9620262.662366054952145, 4348436.573310611769557],
              [-9620034.520746083930135, 4348545.391281329095364],
              [-9619800.996693717315793, 4348642.120110958814621],
              [-9619562.730282155796885, 4348726.494672503322363],
              [-9619320.374583067372441, 4348798.283701154403389],
              [-9619074.593876581639051, 4348857.290428173728287],
              [-9618826.061830528080463, 4348903.353120223619044],
              [-9618575.459653969854116, 4348936.345522669143975],
              [-9618323.47423005476594, 4348956.177205625921488],
              [-9618070.796233313158154, 4348962.793811830691993],
              [-9617818.118236571550369, 4348956.177205625921488],
              [-9617566.132812656462193, 4348936.345522669143975],
              [-9617315.530636098235846, 4348903.353120223619044],
              [-9617066.998590044677258, 4348857.290428173728287],
              [-9616821.217883558943868, 4348798.283701154403389],
              [-9616578.862184470519423, 4348726.494672503322363],
              [-9616340.595772909000516, 4348642.120110958814621],
              [-9616107.071720542386174, 4348545.391281329095364],
              [-9615878.930100571364164, 4348436.573310611769557],
              [-9615656.796233313158154, 4348315.964461302384734],
              [-9615441.278972260653973, 4348183.895313871093094],
              [-9615232.969035245478153, 4348040.727860673330724],
              [-9615032.437385324388742, 4347886.854513744823635],
              [-9614840.233665812760592, 4347722.697029235772789],
              [-9614656.884693743661046, 4347548.705351399257779],
              [-9614482.893015908077359, 4347365.356379331089556],
              [-9614318.735531399026513, 4347173.152659819461405],
              [-9614164.862184470519423, 4346972.621009898371994],
              [-9614021.694731272757053, 4346764.311072883196175],
              [-9613889.625583842396736, 4346548.793811830691993],
              [-9613769.016734531149268, 4346326.659944573417306],
              [-9613660.198763813823462, 4346098.518324600532651],
              [-9613563.469934184104204, 4345864.994272235780954],
              [-9613479.095372639596462, 4345626.727860673330724],
              [-9613407.306343989446759, 4345384.372161585837603],
              [-9613348.299616970121861, 4345138.59145509917289],
              [-9613302.236924920231104, 4344890.05940904468298],
              [-9613269.244522474706173, 4344639.457232487387955],
              [-9613249.412839518859982, 4344387.471808571368456],
              [-9613242.796233313158154, 4344134.793811830691993]
            ]
          ]
        ]
      }
    },
    {
      "type": "Feature",
      "properties": {
        "fclty__": "Grant Town Power Plant Boiler #1A and Boiler #1B",
        "plnt_nm": "Grant Town Power Plant",
        "utlty_n": "American Bituminous Power LP",
        "strt_dd": "228 ABPP Drive",
        "city": "Grant Town",
        "state": "West Virginia",
        "zip": 26574,
        "prm_src": "coal"
      },
      "geometry": {
        "type": "MultiPolygon",
        "coordinates": [
          [
            [
              [-8918891.702550919726491, 4802471.56578463036567],
              [-8918898.319157125428319, 4802218.887787889689207],
              [-8918918.150840081274509, 4801966.902363973669708],
              [-8918951.14324252679944, 4801716.300187416374683],
              [-8918997.205934576690197, 4801467.768141361884773],
              [-8919056.212661596015096, 4801221.98743487522006],
              [-8919128.001690246164799, 4800979.631735787726939],
              [-8919212.376251790672541, 4800741.365324225276709],
              [-8919309.105081420391798, 4800507.841271860525012],
              [-8919417.923052137717605, 4800279.699651887640357],
              [-8919538.531901448965073, 4800057.56578463036567],
              [-8919670.60104887932539, 4799842.048523577861488],
              [-8919813.76850207708776, 4799633.738586562685668],
              [-8919967.64184900559485, 4799433.206936641596258],
              [-8920131.799333514645696, 4799241.003217129968107],
              [-8920305.791011350229383, 4799057.654245061799884],
              [-8920489.139983419328928, 4798883.662567225284874],
              [-8920681.343702930957079, 4798719.505082716234028],
              [-8920881.87535285204649, 4798565.631735787726939],
              [-8921090.185289867222309, 4798422.464282589964569],
              [-8921305.702550919726491, 4798290.395135158672929],
              [-8921527.836418177932501, 4798169.786285849288106],
              [-8921755.978038148954511, 4798060.968315131962299],
              [-8921989.502090515568852, 4797964.239485502243042],
              [-8922227.76850207708776, 4797879.8649239577353],
              [-8922470.124201165512204, 4797808.075895306654274],
              [-8922715.904907651245594, 4797749.069168287329376],
              [-8922964.436953704804182, 4797703.006476237438619],
              [-8923215.039130263030529, 4797670.014073791913688],
              [-8923467.024554178118706, 4797650.182390835136175],
              [-8923719.702550919726491, 4797643.56578463036567],
              [-8923972.380547661334276, 4797650.182390835136175],
              [-8924224.365971576422453, 4797670.014073791913688],
              [-8924474.9681481346488, 4797703.006476237438619],
              [-8924723.500194188207388, 4797749.069168287329376],
              [-8924969.280900673940778, 4797808.075895306654274],
              [-8925211.636599762365222, 4797879.8649239577353],
              [-8925449.90301132388413, 4797964.239485502243042],
              [-8925683.427063690498471, 4798060.968315131962299],
              [-8925911.568683661520481, 4798169.786285849288106],
              [-8926133.702550919726491, 4798290.395135158672929],
              [-8926349.219811972230673, 4798422.464282589964569],
              [-8926557.529748987406492, 4798565.631735787726939],
              [-8926758.061398908495903, 4798719.505082716234028],
              [-8926950.265118420124054, 4798883.662567225284874],
              [-8927133.614090489223599, 4799057.654245061799884],
              [-8927307.605768324807286, 4799241.003217129968107],
              [-8927471.763252833858132, 4799433.206936641596258],
              [-8927625.636599762365222, 4799633.738586562685668],
              [-8927768.804052960127592, 4799842.048523577861488],
              [-8927900.873200390487909, 4800057.56578463036567],
              [-8928021.482049701735377, 4800279.699651887640357],
              [-8928130.300020419061184, 4800507.841271860525012],
              [-8928227.028850048780441, 4800741.365324225276709],
              [-8928311.403411593288183, 4800979.631735787726939],
              [-8928383.192440243437886, 4801221.98743487522006],
              [-8928442.199167262762785, 4801467.768141361884773],
              [-8928488.261859312653542, 4801716.300187416374683],
              [-8928521.254261758178473, 4801966.902363973669708],
              [-8928541.085944714024663, 4802218.887787889689207],
              [-8928547.702550919726491, 4802471.56578463036567],
              [-8928541.085944714024663, 4802724.243781371042132],
              [-8928521.254261758178473, 4802976.229205286130309],
              [-8928488.261859312653542, 4803226.831381844356656],
              [-8928442.199167262762785, 4803475.363427898846567],
              [-8928383.192440243437886, 4803721.144134385511279],
              [-8928311.403411593288183, 4803963.499833473004401],
              [-8928227.028850048780441, 4804201.766245035454631],
              [-8928130.300020419061184, 4804435.290297400206327],
              [-8928021.482049701735377, 4804663.431917373090982],
              [-8927900.873200390487909, 4804885.56578463036567],
              [-8927768.804052960127592, 4805101.083045682869852],
              [-8927625.636599762365222, 4805309.392982698045671],
              [-8927471.763252833858132, 4805509.924632619135082],
              [-8927307.605768324807286, 4805702.128352130763233],
              [-8927133.614090489223599, 4805885.477324198931456],
              [-8926950.265118420124054, 4806059.469002035446465],
              [-8926758.061398908495903, 4806223.626486544497311],
              [-8926557.529748987406492, 4806377.499833473004401],
              [-8926349.219811972230673, 4806520.667286670766771],
              [-8926133.702550919726491, 4806652.736434102058411],
              [-8925911.568683661520481, 4806773.345283411443233],
              [-8925683.427063690498471, 4806882.16325412876904],
              [-8925449.90301132388413, 4806978.892083758488297],
              [-8925211.636599762365222, 4807063.266645302996039],
              [-8924969.280900673940778, 4807135.055673954077065],
              [-8924723.500194188207388, 4807194.062400973401964],
              [-8924474.9681481346488, 4807240.12509302329272],
              [-8924224.365971576422453, 4807273.117495468817651],
              [-8923972.380547661334276, 4807292.949178425595164],
              [-8923719.702550919726491, 4807299.56578463036567],
              [-8923467.024554178118706, 4807292.949178425595164],
              [-8923215.039130263030529, 4807273.117495468817651],
              [-8922964.436953704804182, 4807240.12509302329272],
              [-8922715.904907651245594, 4807194.062400973401964],
              [-8922470.124201165512204, 4807135.055673954077065],
              [-8922227.76850207708776, 4807063.266645302996039],
              [-8921989.502090515568852, 4806978.892083758488297],
              [-8921755.978038148954511, 4806882.16325412876904],
              [-8921527.836418177932501, 4806773.345283411443233],
              [-8921305.702550919726491, 4806652.736434102058411],
              [-8921090.185289867222309, 4806520.667286670766771],
              [-8920881.87535285204649, 4806377.499833473004401],
              [-8920681.343702930957079, 4806223.626486544497311],
              [-8920489.139983419328928, 4806059.469002035446465],
              [-8920305.791011350229383, 4805885.477324198931456],
              [-8920131.799333514645696, 4805702.128352130763233],
              [-8919967.64184900559485, 4805509.924632619135082],
              [-8919813.76850207708776, 4805309.392982698045671],
              [-8919670.60104887932539, 4805101.083045682869852],
              [-8919538.531901448965073, 4804885.56578463036567],
              [-8919417.923052137717605, 4804663.431917373090982],
              [-8919309.105081420391798, 4804435.290297400206327],
              [-8919212.376251790672541, 4804201.766245035454631],
              [-8919128.001690246164799, 4803963.499833473004401],
              [-8919056.212661596015096, 4803721.144134385511279],
              [-8918997.205934576690197, 4803475.363427898846567],
              [-8918951.14324252679944, 4803226.831381844356656],
              [-8918918.150840081274509, 4802976.229205287061632],
              [-8918898.319157125428319, 4802724.243781371042132],
              [-8918891.702550919726491, 4802471.56578463036567]
            ]
          ]
        ]
      }
    },
    {
      "type": "Feature",
      "properties": {
        "fclty__": "Harrison Power Station",
        "plnt_nm": "FirstEnergy Harrison Power Station",
        "utlty_n": "Monongahela Power Co",
        "strt_dd": "PO Box 600",
        "city": "Haywood",
        "state": "West Virginia",
        "zip": 26366,
        "prm_src": "coal"
      },
      "geometry": {
        "type": "MultiPolygon",
        "coordinates": [
          [
            [
              [-8937744.994150649756193, 4776850.54844855517149],
              [-8937751.610756855458021, 4776597.870451814495027],
              [-8937771.442439811304212, 4776345.885027898475528],
              [-8937804.434842256829143, 4776095.282851341180503],
              [-8937850.497534306719899, 4775846.750805286690593],
              [-8937909.504261326044798, 4775600.97009880002588],
              [-8937981.293289976194501, 4775358.614399712532759],
              [-8938065.667851520702243, 4775120.347988150082529],
              [-8938162.3966811504215, 4774886.823935785330832],
              [-8938271.214651867747307, 4774658.682315812446177],
              [-8938391.823501178994775, 4774436.54844855517149],
              [-8938523.892648609355092, 4774221.031187502667308],
              [-8938667.060101807117462, 4774012.721250487491488],
              [-8938820.933448735624552, 4773812.189600566402078],
              [-8938985.090933244675398, 4773619.985881054773927],
              [-8939159.082611080259085, 4773436.636908986605704],
              [-8939342.43158314935863, 4773262.645231150090694],
              [-8939534.635302660986781, 4773098.487746641039848],
              [-8939735.166952582076192, 4772944.614399712532759],
              [-8939943.476889597252011, 4772801.446946514770389],
              [-8940158.994150649756193, 4772669.377799083478749],
              [-8940381.128017907962203, 4772548.768949774093926],
              [-8940609.269637878984213, 4772439.950979056768119],
              [-8940842.793690245598555, 4772343.222149427048862],
              [-8941081.060101807117462, 4772258.84758788254112],
              [-8941323.415800895541906, 4772187.058559231460094],
              [-8941569.196507381275296, 4772128.051832212135196],
              [-8941817.728553434833884, 4772081.989140162244439],
              [-8942068.330729993060231, 4772048.996737716719508],
              [-8942320.316153908148408, 4772029.165054759941995],
              [-8942572.994150649756193, 4772022.54844855517149],
              [-8942825.672147391363978, 4772029.165054759941995],
              [-8943077.657571306452155, 4772048.996737716719508],
              [-8943328.259747864678502, 4772081.989140162244439],
              [-8943576.79179391823709, 4772128.051832212135196],
              [-8943822.57250040397048, 4772187.058559231460094],
              [-8944064.928199492394924, 4772258.84758788254112],
              [-8944303.194611053913832, 4772343.222149427048862],
              [-8944536.718663420528173, 4772439.950979056768119],
              [-8944764.860283391550183, 4772548.768949774093926],
              [-8944986.994150649756193, 4772669.377799083478749],
              [-8945202.511411702260375, 4772801.446946514770389],
              [-8945410.821348717436194, 4772944.614399712532759],
              [-8945611.352998638525605, 4773098.487746641039848],
              [-8945803.556718150153756, 4773262.645231150090694],
              [-8945986.905690219253302, 4773436.636908986605704],
              [-8946160.897368054836988, 4773619.985881054773927],
              [-8946325.054852563887835, 4773812.189600566402078],
              [-8946478.928199492394924, 4774012.721250487491488],
              [-8946622.095652690157294, 4774221.031187502667308],
              [-8946754.164800120517612, 4774436.54844855517149],
              [-8946874.773649431765079, 4774658.682315812446177],
              [-8946983.591620149090886, 4774886.823935785330832],
              [-8947080.320449778810143, 4775120.347988150082529],
              [-8947164.695011323317885, 4775358.614399712532759],
              [-8947236.484039973467588, 4775600.97009880002588],
              [-8947295.490766992792487, 4775846.750805286690593],
              [-8947341.553459042683244, 4776095.282851341180503],
              [-8947374.545861488208175, 4776345.885027898475528],
              [-8947394.377544444054365, 4776597.870451814495027],
              [-8947400.994150649756193, 4776850.54844855517149],
              [-8947394.377544444054365, 4777103.226445295847952],
              [-8947374.545861488208175, 4777355.211869210936129],
              [-8947341.553459042683244, 4777605.814045769162476],
              [-8947295.490766992792487, 4777854.346091823652387],
              [-8947236.484039973467588, 4778100.126798310317099],
              [-8947164.695011323317885, 4778342.482497397810221],
              [-8947080.320449778810143, 4778580.748908960260451],
              [-8946983.591620149090886, 4778814.272961325012147],
              [-8946874.773649431765079, 4779042.414581297896802],
              [-8946754.164800120517612, 4779264.54844855517149],
              [-8946622.095652690157294, 4779480.065709607675672],
              [-8946478.928199492394924, 4779688.375646622851491],
              [-8946325.054852563887835, 4779888.907296543940902],
              [-8946160.897368054836988, 4780081.111016055569053],
              [-8945986.905690219253302, 4780264.459988123737276],
              [-8945803.556718150153756, 4780438.451665960252285],
              [-8945611.352998638525605, 4780602.609150469303131],
              [-8945410.821348717436194, 4780756.482497397810221],
              [-8945202.511411702260375, 4780899.649950595572591],
              [-8944986.994150649756193, 4781031.719098026864231],
              [-8944764.860283391550183, 4781152.327947336249053],
              [-8944536.718663420528173, 4781261.14591805357486],
              [-8944303.194611053913832, 4781357.874747683294117],
              [-8944064.928199492394924, 4781442.249309227801859],
              [-8943822.57250040397048, 4781514.038337878882885],
              [-8943576.79179391823709, 4781573.045064898207784],
              [-8943328.259747864678502, 4781619.10775694809854],
              [-8943077.657571306452155, 4781652.100159393623471],
              [-8942825.672147391363978, 4781671.931842350400984],
              [-8942572.994150649756193, 4781678.54844855517149],
              [-8942320.316153908148408, 4781671.931842350400984],
              [-8942068.330729993060231, 4781652.100159393623471],
              [-8941817.728553434833884, 4781619.10775694809854],
              [-8941569.196507381275296, 4781573.045064898207784],
              [-8941323.415800895541906, 4781514.038337878882885],
              [-8941081.060101807117462, 4781442.249309227801859],
              [-8940842.793690245598555, 4781357.874747683294117],
              [-8940609.269637878984213, 4781261.14591805357486],
              [-8940381.128017907962203, 4781152.327947336249053],
              [-8940158.994150649756193, 4781031.719098026864231],
              [-8939943.476889597252011, 4780899.649950595572591],
              [-8939735.166952582076192, 4780756.482497397810221],
              [-8939534.635302660986781, 4780602.609150469303131],
              [-8939342.43158314935863, 4780438.451665960252285],
              [-8939159.082611080259085, 4780264.459988123737276],
              [-8938985.090933244675398, 4780081.111016055569053],
              [-8938820.933448735624552, 4779888.907296543940902],
              [-8938667.060101807117462, 4779688.375646622851491],
              [-8938523.892648609355092, 4779480.065709607675672],
              [-8938391.823501178994775, 4779264.54844855517149],
              [-8938271.214651867747307, 4779042.414581297896802],
              [-8938162.3966811504215, 4778814.272961325012147],
              [-8938065.667851520702243, 4778580.748908960260451],
              [-8937981.293289976194501, 4778342.482497397810221],
              [-8937909.504261326044798, 4778100.126798310317099],
              [-8937850.497534306719899, 4777854.346091823652387],
              [-8937804.434842256829143, 4777605.814045769162476],
              [-8937771.442439811304212, 4777355.211869211867452],
              [-8937751.610756855458021, 4777103.226445295847952],
              [-8937744.994150649756193, 4776850.54844855517149]
            ]
          ]
        ]
      }
    },
    {
      "type": "Feature",
      "properties": {
        "fclty__": "Healy Power Plant Unit 1 and Unit 2",
        "plnt_nm": "Healy",
        "utlty_n": "Golden Valley Elec Assn Inc",
        "strt_dd": "2.5 Mile Healy Spur Road",
        "city": "Healy",
        "state": "Alaska",
        "zip": 99743,
        "prm_src": "coal"
      },
      "geometry": {
        "type": "MultiPolygon",
        "coordinates": [
          [
            [
              [-16576210.153658097609878, 9312836.091910310089588],
              [-16576216.770264303311706, 9312583.413913568481803],
              [-16576236.601947259157896, 9312331.428489653393626],
              [-16576269.594349704682827, 9312080.826313095167279],
              [-16576315.657041754573584, 9311832.294267041608691],
              [-16576374.663768773898482, 9311586.513560555875301],
              [-16576446.452797424048185, 9311344.157861467450857],
              [-16576530.827358968555927, 9311105.89144990593195],
              [-16576627.556188598275185, 9310872.367397539317608],
              [-16576736.374159315600991, 9310644.225777568295598],
              [-16576856.983008626848459, 9310422.091910310089588],
              [-16576989.052156057208776, 9310206.574649257585406],
              [-16577132.219609254971147, 9309998.264712242409587],
              [-16577286.092956183478236, 9309797.733062321320176],
              [-16577450.250440692529082, 9309605.529342809692025],
              [-16577624.242118528112769, 9309422.18037074059248],
              [-16577807.591090597212315, 9309248.188692905008793],
              [-16577999.794810108840466, 9309084.031208395957947],
              [-16578200.326460029929876, 9308930.157861467450857],
              [-16578408.636397045105696, 9308786.990408269688487],
              [-16578624.153658097609878, 9308654.92126083932817],
              [-16578846.287525355815887, 9308534.312411528080702],
              [-16579074.429145326837897, 9308425.494440810754895],
              [-16579307.953197693452239, 9308328.765611181035638],
              [-16579546.219609254971147, 9308244.391049636527896],
              [-16579788.575308343395591, 9308172.602020986378193],
              [-16580034.356014829128981, 9308113.595293967053294],
              [-16580282.888060882687569, 9308067.532601917162538],
              [-16580533.490237440913916, 9308034.540199471637607],
              [-16580785.475661356002092, 9308014.708516515791416],
              [-16581038.153658097609878, 9308008.091910310089588],
              [-16581290.831654839217663, 9308014.708516515791416],
              [-16581542.81707875430584, 9308034.540199471637607],
              [-16581793.419255312532187, 9308067.532601917162538],
              [-16582041.951301366090775, 9308113.595293967053294],
              [-16582287.732007851824164, 9308172.602020986378193],
              [-16582530.087706940248609, 9308244.391049636527896],
              [-16582768.354118501767516, 9308328.765611181035638],
              [-16583001.878170868381858, 9308425.494440810754895],
              [-16583230.019790839403868, 9308534.312411528080702],
              [-16583452.153658097609878, 9308654.92126083932817],
              [-16583667.670919150114059, 9308786.990408269688487],
              [-16583875.980856165289879, 9308930.157861467450857],
              [-16584076.51250608637929, 9309084.031208395957947],
              [-16584268.716225598007441, 9309248.188692905008793],
              [-16584452.065197667106986, 9309422.18037074059248],
              [-16584626.056875502690673, 9309605.529342809692025],
              [-16584790.214360011741519, 9309797.733062321320176],
              [-16584944.087706940248609, 9309998.264712242409587],
              [-16585087.255160138010979, 9310206.574649257585406],
              [-16585219.324307568371296, 9310422.091910310089588],
              [-16585339.933156879618764, 9310644.225777568295598],
              [-16585448.751127596944571, 9310872.367397539317608],
              [-16585545.479957226663828, 9311105.89144990593195],
              [-16585629.85451877117157, 9311344.157861467450857],
              [-16585701.643547421321273, 9311586.513560555875301],
              [-16585760.650274440646172, 9311832.294267041608691],
              [-16585806.712966490536928, 9312080.826313095167279],
              [-16585839.705368936061859, 9312331.428489653393626],
              [-16585859.53705189190805, 9312583.413913568481803],
              [-16585866.153658097609878, 9312836.091910310089588],
              [-16585859.53705189190805, 9313088.769907051697373],
              [-16585839.705368936061859, 9313340.75533096678555],
              [-16585806.712966490536928, 9313591.357507525011897],
              [-16585760.650274440646172, 9313839.889553578570485],
              [-16585701.643547421321273, 9314085.670260064303875],
              [-16585629.85451877117157, 9314328.025959152728319],
              [-16585545.479957226663828, 9314566.292370714247227],
              [-16585448.751127596944571, 9314799.816423080861568],
              [-16585339.933156879618764, 9315027.958043051883578],
              [-16585219.324307568371296, 9315250.091910310089588],
              [-16585087.255160138010979, 9315465.60917136259377],
              [-16584944.087706940248609, 9315673.919108377769589],
              [-16584790.214360011741519, 9315874.450758298859],
              [-16584626.056875502690673, 9316066.654477810487151],
              [-16584452.065197667106986, 9316250.003449879586697],
              [-16584268.716225598007441, 9316423.995127715170383],
              [-16584076.51250608637929, 9316588.15261222422123],
              [-16583875.980856165289879, 9316742.025959152728319],
              [-16583667.670919150114059, 9316885.193412350490689],
              [-16583452.153658097609878, 9317017.262559780851007],
              [-16583230.019790839403868, 9317137.871409092098475],
              [-16583001.878170868381858, 9317246.689379809424281],
              [-16582768.354118501767516, 9317343.418209439143538],
              [-16582530.087706940248609, 9317427.79277098365128],
              [-16582287.732007851824164, 9317499.581799633800983],
              [-16582041.951301366090775, 9317558.588526653125882],
              [-16581793.419255312532187, 9317604.651218703016639],
              [-16581542.81707875430584, 9317637.64362114854157],
              [-16581290.831654839217663, 9317657.47530410438776],
              [-16581038.153658097609878, 9317664.091910310089588],
              [-16580785.475661356002092, 9317657.47530410438776],
              [-16580533.490237440913916, 9317637.64362114854157],
              [-16580282.888060882687569, 9317604.651218703016639],
              [-16580034.356014829128981, 9317558.588526653125882],
              [-16579788.575308343395591, 9317499.581799633800983],
              [-16579546.219609254971147, 9317427.79277098365128],
              [-16579307.953197693452239, 9317343.418209439143538],
              [-16579074.429145326837897, 9317246.689379809424281],
              [-16578846.287525355815887, 9317137.871409092098475],
              [-16578624.153658097609878, 9317017.262559780851007],
              [-16578408.636397045105696, 9316885.193412350490689],
              [-16578200.326460029929876, 9316742.025959152728319],
              [-16577999.794810108840466, 9316588.15261222422123],
              [-16577807.591090597212315, 9316423.995127715170383],
              [-16577624.242118528112769, 9316250.003449879586697],
              [-16577450.250440692529082, 9316066.654477810487151],
              [-16577286.092956183478236, 9315874.450758298859],
              [-16577132.219609254971147, 9315673.919108377769589],
              [-16576989.052156057208776, 9315465.60917136259377],
              [-16576856.983008626848459, 9315250.091910310089588],
              [-16576736.374159315600991, 9315027.958043051883578],
              [-16576627.556188598275185, 9314799.816423080861568],
              [-16576530.827358968555927, 9314566.292370714247227],
              [-16576446.452797424048185, 9314328.025959152728319],
              [-16576374.663768773898482, 9314085.670260064303875],
              [-16576315.657041754573584, 9313839.889553578570485],
              [-16576269.594349704682827, 9313591.357507525011897],
              [-16576236.601947259157896, 9313340.75533096678555],
              [-16576216.770264303311706, 9313088.769907051697373],
              [-16576210.153658097609878, 9312836.091910310089588]
            ]
          ]
        ]
      }
    },
    {
      "type": "Feature",
      "properties": {
        "fclty__": "Holcomb Station",
        "plnt_nm": "Holcomb",
        "utlty_n": "Sunflower Electric Power Corp",
        "strt_dd": "2440 Holcomb Lane",
        "city": "Holcomb",
        "state": "Kansas",
        "zip": 67851,
        "prm_src": "coal"
      },
      "geometry": {
        "type": "MultiPolygon",
        "coordinates": [
          [
            [
              [-11235379.284123815596104, 4569654.780663975514472],
              [-11235385.900730021297932, 4569402.102667234838009],
              [-11235405.732412977144122, 4569150.11724331881851],
              [-11235438.724815422669053, 4568899.515066761523485],
              [-11235484.78750747255981, 4568650.983020707033575],
              [-11235543.794234491884708, 4568405.202314220368862],
              [-11235615.583263142034411, 4568162.846615132875741],
              [-11235699.957824686542153, 4567924.58020357042551],
              [-11235796.686654316261411, 4567691.056151205673814],
              [-11235905.504625033587217, 4567462.914531232789159],
              [-11236026.113474344834685, 4567240.780663975514472],
              [-11236158.182621775195003, 4567025.26340292301029],
              [-11236301.350074972957373, 4566816.95346590783447],
              [-11236455.223421901464462, 4566616.421815986745059],
              [-11236619.380906410515308, 4566424.218096475116909],
              [-11236793.372584246098995, 4566240.869124406948686],
              [-11236976.721556315198541, 4566066.877446570433676],
              [-11237168.925275826826692, 4565902.71996206138283],
              [-11237369.456925747916102, 4565748.846615132875741],
              [-11237577.766862763091922, 4565605.67916193511337],
              [-11237793.284123815596104, 4565473.610014503821731],
              [-11238015.417991073802114, 4565353.001165194436908],
              [-11238243.559611044824123, 4565244.183194477111101],
              [-11238477.083663411438465, 4565147.454364847391844],
              [-11238715.350074972957373, 4565063.079803302884102],
              [-11238957.705774061381817, 4564991.290774651803076],
              [-11239203.486480547115207, 4564932.284047632478178],
              [-11239452.018526600673795, 4564886.221355582587421],
              [-11239702.620703158900142, 4564853.22895313706249],
              [-11239954.606127073988318, 4564833.397270180284977],
              [-11240207.284123815596104, 4564826.780663975514472],
              [-11240459.962120557203889, 4564833.397270180284977],
              [-11240711.947544472292066, 4564853.22895313706249],
              [-11240962.549721030518413, 4564886.221355582587421],
              [-11241211.081767084077001, 4564932.284047632478178],
              [-11241456.86247356981039, 4564991.290774651803076],
              [-11241699.218172658234835, 4565063.079803302884102],
              [-11241937.484584219753742, 4565147.454364847391844],
              [-11242171.008636586368084, 4565244.183194477111101],
              [-11242399.150256557390094, 4565353.001165194436908],
              [-11242621.284123815596104, 4565473.610014503821731],
              [-11242836.801384868100286, 4565605.67916193511337],
              [-11243045.111321883276105, 4565748.846615132875741],
              [-11243245.642971804365516, 4565902.71996206138283],
              [-11243437.846691315993667, 4566066.877446570433676],
              [-11243621.195663385093212, 4566240.869124406948686],
              [-11243795.187341220676899, 4566424.218096475116909],
              [-11243959.344825729727745, 4566616.421815986745059],
              [-11244113.218172658234835, 4566816.95346590783447],
              [-11244256.385625855997205, 4567025.26340292301029],
              [-11244388.454773286357522, 4567240.780663975514472],
              [-11244509.06362259760499, 4567462.914531232789159],
              [-11244617.881593314930797, 4567691.056151205673814],
              [-11244714.610422944650054, 4567924.58020357042551],
              [-11244798.984984489157796, 4568162.846615132875741],
              [-11244870.774013139307499, 4568405.202314220368862],
              [-11244929.780740158632398, 4568650.983020707033575],
              [-11244975.843432208523154, 4568899.515066761523485],
              [-11245008.835834654048085, 4569150.11724331881851],
              [-11245028.667517609894276, 4569402.102667234838009],
              [-11245035.284123815596104, 4569654.780663975514472],
              [-11245028.667517609894276, 4569907.458660716190934],
              [-11245008.835834654048085, 4570159.444084631279111],
              [-11244975.843432208523154, 4570410.046261189505458],
              [-11244929.780740158632398, 4570658.578307243995368],
              [-11244870.774013139307499, 4570904.359013730660081],
              [-11244798.984984489157796, 4571146.714712818153203],
              [-11244714.610422944650054, 4571384.981124380603433],
              [-11244617.881593314930797, 4571618.505176745355129],
              [-11244509.06362259760499, 4571846.646796718239784],
              [-11244388.454773286357522, 4572068.780663975514472],
              [-11244256.385625855997205, 4572284.297925028018653],
              [-11244113.218172658234835, 4572492.607862043194473],
              [-11243959.344825729727745, 4572693.139511964283884],
              [-11243795.187341220676899, 4572885.343231475912035],
              [-11243621.195663385093212, 4573068.692203544080257],
              [-11243437.846691315993667, 4573242.683881380595267],
              [-11243245.642971804365516, 4573406.841365889646113],
              [-11243045.111321883276105, 4573560.714712818153203],
              [-11242836.801384868100286, 4573703.882166015915573],
              [-11242621.284123815596104, 4573835.951313447207212],
              [-11242399.150256557390094, 4573956.560162756592035],
              [-11242171.008636586368084, 4574065.378133473917842],
              [-11241937.484584219753742, 4574162.106963103637099],
              [-11241699.218172658234835, 4574246.481524648144841],
              [-11241456.86247356981039, 4574318.270553299225867],
              [-11241211.081767084077001, 4574377.277280318550766],
              [-11240962.549721030518413, 4574423.339972368441522],
              [-11240711.947544472292066, 4574456.332374813966453],
              [-11240459.962120557203889, 4574476.164057770743966],
              [-11240207.284123815596104, 4574482.780663975514472],
              [-11239954.606127073988318, 4574476.164057770743966],
              [-11239702.620703158900142, 4574456.332374813966453],
              [-11239452.018526600673795, 4574423.339972368441522],
              [-11239203.486480547115207, 4574377.277280318550766],
              [-11238957.705774061381817, 4574318.270553299225867],
              [-11238715.350074972957373, 4574246.481524648144841],
              [-11238477.083663411438465, 4574162.106963103637099],
              [-11238243.559611044824123, 4574065.378133473917842],
              [-11238015.417991073802114, 4573956.560162756592035],
              [-11237793.284123815596104, 4573835.951313447207212],
              [-11237577.766862763091922, 4573703.882166015915573],
              [-11237369.456925747916102, 4573560.714712818153203],
              [-11237168.925275826826692, 4573406.841365889646113],
              [-11236976.721556315198541, 4573242.683881380595267],
              [-11236793.372584246098995, 4573068.692203544080257],
              [-11236619.380906410515308, 4572885.343231475912035],
              [-11236455.223421901464462, 4572693.139511964283884],
              [-11236301.350074972957373, 4572492.607862043194473],
              [-11236158.182621775195003, 4572284.297925028018653],
              [-11236026.113474344834685, 4572068.780663975514472],
              [-11235905.504625033587217, 4571846.646796718239784],
              [-11235796.686654316261411, 4571618.505176745355129],
              [-11235699.957824686542153, 4571384.981124380603433],
              [-11235615.583263142034411, 4571146.714712818153203],
              [-11235543.794234491884708, 4570904.359013730660081],
              [-11235484.78750747255981, 4570658.578307243995368],
              [-11235438.724815422669053, 4570410.046261189505458],
              [-11235405.732412977144122, 4570159.444084632210433],
              [-11235385.900730021297932, 4569907.458660716190934],
              [-11235379.284123815596104, 4569654.780663975514472]
            ]
          ]
        ]
      }
    },
    {
      "type": "Feature",
      "properties": {
        "fclty__": "Hugo Generating Station HU-UNIT 1",
        "plnt_nm": "Hugo",
        "utlty_n": "Western Farmers Elec Coop, Inc",
        "strt_dd": "3 Miles West on Hyw. 70",
        "city": "Fort Towson",
        "state": "Oklahoma",
        "zip": 74735,
        "prm_src": "coal"
      },
      "geometry": {
        "type": "MultiPolygon",
        "coordinates": [
          [
            [
              [-10606212.654109314084053, 4030923.777465805411339],
              [-10606219.270715519785881, 4030671.099469064269215],
              [-10606239.102398475632071, 4030419.114045149181038],
              [-10606272.094800921157002, 4030168.511868590954691],
              [-10606318.157492971047759, 4029919.979822537396103],
              [-10606377.164219990372658, 4029674.199116050265729],
              [-10606448.953248640522361, 4029431.843416963238269],
              [-10606533.327810185030103, 4029193.577005400788039],
              [-10606630.05663981474936, 4028960.052953035570681],
              [-10606738.874610532075167, 4028731.911333062686026],
              [-10606859.483459843322635, 4028509.777465805411339],
              [-10606991.552607273682952, 4028294.260204752907157],
              [-10607134.720060471445322, 4028085.950267737265676],
              [-10607288.593407399952412, 4027885.418617816641927],
              [-10607452.750891909003258, 4027693.214898305013776],
              [-10607626.742569744586945, 4027509.865926236845553],
              [-10607810.09154181368649, 4027335.874248400330544],
              [-10608002.295261325314641, 4027171.716763891279697],
              [-10608202.826911246404052, 4027017.843416963238269],
              [-10608411.136848261579871, 4026874.675963765010238],
              [-10608626.654109314084053, 4026742.606816334184259],
              [-10608848.787976572290063, 4026621.997967023868114],
              [-10609076.929596543312073, 4026513.179996307007968],
              [-10609310.453648909926414, 4026416.45116667682305],
              [-10609548.720060471445322, 4026332.076605132315308],
              [-10609791.075759559869766, 4026260.287576481699944],
              [-10610036.856466045603156, 4026201.280849462375045],
              [-10610285.388512099161744, 4026155.218157412018627],
              [-10610535.990688657388091, 4026122.225754967425019],
              [-10610787.976112572476268, 4026102.394072010181844],
              [-10611040.654109314084053, 4026095.777465805411339],
              [-10611293.332106055691838, 4026102.394072010181844],
              [-10611545.317529970780015, 4026122.225754967425019],
              [-10611795.919706529006362, 4026155.218157412018627],
              [-10612044.45175258256495, 4026201.280849462375045],
              [-10612290.23245906829834, 4026260.287576481699944],
              [-10612532.588158156722784, 4026332.076605132315308],
              [-10612770.854569718241692, 4026416.45116667682305],
              [-10613004.378622084856033, 4026513.179996307007968],
              [-10613232.520242055878043, 4026621.997967023868114],
              [-10613454.654109314084053, 4026742.606816334184259],
              [-10613670.171370366588235, 4026874.675963765010238],
              [-10613878.481307381764054, 4027017.843416963238269],
              [-10614079.012957302853465, 4027171.716763891279697],
              [-10614271.216676814481616, 4027335.874248400330544],
              [-10614454.565648883581161, 4027509.865926236845553],
              [-10614628.557326719164848, 4027693.214898305013776],
              [-10614792.714811228215694, 4027885.418617816641927],
              [-10614946.588158156722784, 4028085.950267737265676],
              [-10615089.755611354485154, 4028294.260204752907157],
              [-10615221.824758784845471, 4028509.777465805411339],
              [-10615342.433608096092939, 4028731.911333062686026],
              [-10615451.251578813418746, 4028960.052953035570681],
              [-10615547.980408443138003, 4029193.577005400788039],
              [-10615632.354969987645745, 4029431.843416963238269],
              [-10615704.143998637795448, 4029674.199116050265729],
              [-10615763.150725657120347, 4029919.979822537396103],
              [-10615809.213417707011104, 4030168.511868590954691],
              [-10615842.205820152536035, 4030419.114045149181038],
              [-10615862.037503108382225, 4030671.099469064269215],
              [-10615868.654109314084053, 4030923.777465805411339],
              [-10615862.037503108382225, 4031176.455462546553463],
              [-10615842.205820152536035, 4031428.440886461641639],
              [-10615809.213417707011104, 4031679.043063019867986],
              [-10615763.150725657120347, 4031927.575109073426574],
              [-10615704.143998637795448, 4032173.355815560556948],
              [-10615632.354969987645745, 4032415.711514647584409],
              [-10615547.980408443138003, 4032653.977926210034639],
              [-10615451.251578813418746, 4032887.501978575251997],
              [-10615342.433608096092939, 4033115.643598548136652],
              [-10615221.824758784845471, 4033337.777465805411339],
              [-10615089.755611354485154, 4033553.294726857915521],
              [-10614946.588158156722784, 4033761.604663873557001],
              [-10614792.714811228215694, 4033962.136313794180751],
              [-10614628.557326719164848, 4034154.340033305808902],
              [-10614454.565648883581161, 4034337.689005373977125],
              [-10614271.216676814481616, 4034511.680683210492134],
              [-10614079.012957302853465, 4034675.83816771954298],
              [-10613878.481307381764054, 4034829.711514647584409],
              [-10613670.171370366588235, 4034972.87896784581244],
              [-10613454.654109314084053, 4035104.948115276638418],
              [-10613232.520242055878043, 4035225.556964586954564],
              [-10613004.378622084856033, 4035334.374935303814709],
              [-10612770.854569718241692, 4035431.103764933999628],
              [-10612532.588158156722784, 4035515.47832647850737],
              [-10612290.23245906829834, 4035587.267355129122734],
              [-10612044.45175258256495, 4035646.274082148447633],
              [-10611795.919706529006362, 4035692.336774198804051],
              [-10611545.317529970780015, 4035725.329176643397659],
              [-10611293.332106055691838, 4035745.160859600640833],
              [-10611040.654109314084053, 4035751.777465805411339],
              [-10610787.976112572476268, 4035745.160859600640833],
              [-10610535.990688657388091, 4035725.329176643397659],
              [-10610285.388512099161744, 4035692.336774198804051],
              [-10610036.856466045603156, 4035646.274082148447633],
              [-10609791.075759559869766, 4035587.267355129122734],
              [-10609548.720060471445322, 4035515.47832647850737],
              [-10609310.453648909926414, 4035431.103764933999628],
              [-10609076.929596543312073, 4035334.374935303814709],
              [-10608848.787976572290063, 4035225.556964586954564],
              [-10608626.654109314084053, 4035104.948115276638418],
              [-10608411.136848261579871, 4034972.87896784581244],
              [-10608202.826911246404052, 4034829.711514647584409],
              [-10608002.295261325314641, 4034675.83816771954298],
              [-10607810.09154181368649, 4034511.680683210492134],
              [-10607626.742569744586945, 4034337.689005373977125],
              [-10607452.750891909003258, 4034154.340033305808902],
              [-10607288.593407399952412, 4033962.136313794180751],
              [-10607134.720060471445322, 4033761.604663873557001],
              [-10606991.552607273682952, 4033553.294726857915521],
              [-10606859.483459843322635, 4033337.777465805411339],
              [-10606738.874610532075167, 4033115.643598548136652],
              [-10606630.05663981474936, 4032887.501978575251997],
              [-10606533.327810185030103, 4032653.977926210034639],
              [-10606448.953248640522361, 4032415.711514647584409],
              [-10606377.164219990372658, 4032173.355815560556948],
              [-10606318.157492971047759, 4031927.575109073426574],
              [-10606272.094800921157002, 4031679.043063019867986],
              [-10606239.102398475632071, 4031428.440886461641639],
              [-10606219.270715519785881, 4031176.455462546553463],
              [-10606212.654109314084053, 4030923.777465805411339]
            ]
          ]
        ]
      }
    },
    {
      "type": "Feature",
      "properties": {
        "fclty__": "John B. Rich Memorial Power Station CFB Boiler 1 (CU031) and CFB Boiler 2 (CU032)",
        "plnt_nm": "John B Rich Memorial Power Station",
        "utlty_n": "Gilberton Power Co",
        "strt_dd": "81 Eleanor Avenue",
        "city": "Frackville",
        "state": "Pennsylvania",
        "zip": 17931,
        "prm_src": "coal"
      },
      "geometry": {
        "type": "MultiPolygon",
        "coordinates": [
          [
            [
              [-8477527.955313097685575, 4981459.992622676305473],
              [-8477534.571919303387403, 4981207.31462593562901],
              [-8477554.403602259233594, 4980955.329202019609511],
              [-8477587.396004704758525, 4980704.727025462314487],
              [-8477633.458696754649282, 4980456.194979407824576],
              [-8477692.46542377397418, 4980210.414272921159863],
              [-8477764.254452424123883, 4979968.058573833666742],
              [-8477848.629013968631625, 4979729.792162271216512],
              [-8477945.357843598350883, 4979496.268109906464815],
              [-8478054.175814315676689, 4979268.12648993358016],
              [-8478174.784663626924157, 4979045.992622676305473],
              [-8478306.853811057284474, 4978830.475361623801291],
              [-8478450.021264255046844, 4978622.165424608625472],
              [-8478603.894611183553934, 4978421.633774687536061],
              [-8478768.05209569260478, 4978229.43005517590791],
              [-8478942.043773528188467, 4978046.081083107739687],
              [-8479125.392745597288013, 4977872.089405271224678],
              [-8479317.596465108916163, 4977707.931920762173831],
              [-8479518.128115030005574, 4977554.058573833666742],
              [-8479726.438052045181394, 4977410.891120635904372],
              [-8479941.955313097685575, 4977278.821973204612732],
              [-8480164.089180355891585, 4977158.213123895227909],
              [-8480392.230800326913595, 4977049.395153177902102],
              [-8480625.754852693527937, 4976952.666323548182845],
              [-8480864.021264255046844, 4976868.291762003675103],
              [-8481106.376963343471289, 4976796.502733352594078],
              [-8481352.157669829204679, 4976737.496006333269179],
              [-8481600.689715882763267, 4976691.433314283378422],
              [-8481851.291892440989614, 4976658.440911837853491],
              [-8482103.27731635607779, 4976638.609228881075978],
              [-8482355.955313097685575, 4976631.992622676305473],
              [-8482608.633309839293361, 4976638.609228881075978],
              [-8482860.618733754381537, 4976658.440911837853491],
              [-8483111.220910312607884, 4976691.433314283378422],
              [-8483359.752956366166472, 4976737.496006333269179],
              [-8483605.533662851899862, 4976796.502733352594078],
              [-8483847.889361940324306, 4976868.291762003675103],
              [-8484086.155773501843214, 4976952.666323548182845],
              [-8484319.679825868457556, 4977049.395153177902102],
              [-8484547.821445839479566, 4977158.213123895227909],
              [-8484769.955313097685575, 4977278.821973204612732],
              [-8484985.472574150189757, 4977410.891120635904372],
              [-8485193.782511165365577, 4977554.058573833666742],
              [-8485394.314161086454988, 4977707.931920762173831],
              [-8485586.517880598083138, 4977872.089405271224678],
              [-8485769.866852667182684, 4978046.081083107739687],
              [-8485943.858530502766371, 4978229.43005517590791],
              [-8486108.016015011817217, 4978421.633774687536061],
              [-8486261.889361940324306, 4978622.165424608625472],
              [-8486405.056815138086677, 4978830.475361623801291],
              [-8486537.125962568446994, 4979045.992622676305473],
              [-8486657.734811879694462, 4979268.12648993358016],
              [-8486766.552782597020268, 4979496.268109906464815],
              [-8486863.281612226739526, 4979729.792162271216512],
              [-8486947.656173771247268, 4979968.058573833666742],
              [-8487019.445202421396971, 4980210.414272921159863],
              [-8487078.451929440721869, 4980456.194979407824576],
              [-8487124.514621490612626, 4980704.727025462314487],
              [-8487157.507023936137557, 4980955.329202019609511],
              [-8487177.338706891983747, 4981207.31462593562901],
              [-8487183.955313097685575, 4981459.992622676305473],
              [-8487177.338706891983747, 4981712.670619416981936],
              [-8487157.507023936137557, 4981964.656043332070112],
              [-8487124.514621490612626, 4982215.258219890296459],
              [-8487078.451929440721869, 4982463.79026594478637],
              [-8487019.445202421396971, 4982709.570972431451082],
              [-8486947.656173771247268, 4982951.926671518944204],
              [-8486863.281612226739526, 4983190.193083081394434],
              [-8486766.552782597020268, 4983423.717135446146131],
              [-8486657.734811879694462, 4983651.858755419030786],
              [-8486537.125962568446994, 4983873.992622676305473],
              [-8486405.056815138086677, 4984089.509883728809655],
              [-8486261.889361940324306, 4984297.819820743985474],
              [-8486108.016015011817217, 4984498.351470665074885],
              [-8485943.858530502766371, 4984690.555190176703036],
              [-8485769.866852667182684, 4984873.904162244871259],
              [-8485586.517880598083138, 4985047.895840081386268],
              [-8485394.314161086454988, 4985212.053324590437114],
              [-8485193.782511165365577, 4985365.926671518944204],
              [-8484985.472574150189757, 4985509.094124716706574],
              [-8484769.955313097685575, 4985641.163272147998214],
              [-8484547.821445839479566, 4985761.772121457383037],
              [-8484319.679825868457556, 4985870.590092174708843],
              [-8484086.155773501843214, 4985967.318921804428101],
              [-8483847.889361940324306, 4986051.693483348935843],
              [-8483605.533662851899862, 4986123.482512],
              [-8483359.752956366166472, 4986182.489239019341767],
              [-8483111.220910312607884, 4986228.551931069232523],
              [-8482860.618733754381537, 4986261.544333514757454],
              [-8482608.633309839293361, 4986281.376016471534967],
              [-8482355.955313097685575, 4986287.992622676305473],
              [-8482103.27731635607779, 4986281.376016471534967],
              [-8481851.291892440989614, 4986261.544333514757454],
              [-8481600.689715882763267, 4986228.551931069232523],
              [-8481352.157669829204679, 4986182.489239019341767],
              [-8481106.376963343471289, 4986123.482512],
              [-8480864.021264255046844, 4986051.693483348935843],
              [-8480625.754852693527937, 4985967.318921804428101],
              [-8480392.230800326913595, 4985870.590092174708843],
              [-8480164.089180355891585, 4985761.772121457383037],
              [-8479941.955313097685575, 4985641.163272147998214],
              [-8479726.438052045181394, 4985509.094124716706574],
              [-8479518.128115030005574, 4985365.926671518944204],
              [-8479317.596465108916163, 4985212.053324590437114],
              [-8479125.392745597288013, 4985047.895840081386268],
              [-8478942.043773528188467, 4984873.904162244871259],
              [-8478768.05209569260478, 4984690.555190176703036],
              [-8478603.894611183553934, 4984498.351470665074885],
              [-8478450.021264255046844, 4984297.819820743985474],
              [-8478306.853811057284474, 4984089.509883728809655],
              [-8478174.784663626924157, 4983873.992622676305473],
              [-8478054.175814315676689, 4983651.858755419030786],
              [-8477945.357843598350883, 4983423.717135446146131],
              [-8477848.629013968631625, 4983190.193083081394434],
              [-8477764.254452424123883, 4982951.926671518944204],
              [-8477692.46542377397418, 4982709.570972431451082],
              [-8477633.458696754649282, 4982463.79026594478637],
              [-8477587.396004704758525, 4982215.258219890296459],
              [-8477554.403602259233594, 4981964.656043333001435],
              [-8477534.571919303387403, 4981712.670619416981936],
              [-8477527.955313097685575, 4981459.992622676305473]
            ]
          ]
        ]
      }
    },
    {
      "type": "Feature",
      "properties": {
        "fclty__": "John Twitty Energy Center",
        "plnt_nm": "John Twitty Energy Center",
        "utlty_n": "City Utilities of Springfield - (MO)",
        "strt_dd": "5100 W Farm Road 164",
        "city": "Springfield",
        "state": "Missouri",
        "zip": 65807,
        "prm_src": "coal"
      },
      "geometry": {
        "type": "MultiPolygon",
        "coordinates": [
          [
            [
              [-10391081.05898186378181, 4460273.795605563558638],
              [-10391087.675588069483638, 4460021.117608822882175],
              [-10391107.507271025329828, 4459769.132184906862676],
              [-10391140.499673470854759, 4459518.530008349567652],
              [-10391186.562365520745516, 4459269.997962295077741],
              [-10391245.569092540070415, 4459024.217255808413029],
              [-10391317.358121190220118, 4458781.861556720919907],
              [-10391401.732682734727859, 4458543.595145158469677],
              [-10391498.461512364447117, 4458310.07109279371798],
              [-10391607.279483081772923, 4458081.929472820833325],
              [-10391727.888332393020391, 4457859.795605563558638],
              [-10391859.957479823380709, 4457644.278344511054456],
              [-10392003.124933021143079, 4457435.968407495878637],
              [-10392156.998279949650168, 4457235.436757574789226],
              [-10392321.155764458701015, 4457043.233038063161075],
              [-10392495.147442294284701, 4456859.884065994992852],
              [-10392678.496414363384247, 4456685.892388158477843],
              [-10392870.700133875012398, 4456521.734903649426997],
              [-10393071.231783796101809, 4456367.861556720919907],
              [-10393279.541720811277628, 4456224.694103523157537],
              [-10393495.05898186378181, 4456092.624956091865897],
              [-10393717.19284912198782, 4455972.016106782481074],
              [-10393945.33446909300983, 4455863.198136065155268],
              [-10394178.858521459624171, 4455766.46930643543601],
              [-10394417.124933021143079, 4455682.094744890928268],
              [-10394659.480632109567523, 4455610.305716239847243],
              [-10394905.261338595300913, 4455551.298989220522344],
              [-10395153.793384648859501, 4455505.236297170631588],
              [-10395404.395561207085848, 4455472.243894725106657],
              [-10395656.380985122174025, 4455452.412211768329144],
              [-10395909.05898186378181, 4455445.795605563558638],
              [-10396161.736978605389595, 4455452.412211768329144],
              [-10396413.722402520477772, 4455472.243894725106657],
              [-10396664.324579078704119, 4455505.236297170631588],
              [-10396912.856625132262707, 4455551.298989220522344],
              [-10397158.637331617996097, 4455610.305716239847243],
              [-10397400.993030706420541, 4455682.094744890928268],
              [-10397639.259442267939448, 4455766.46930643543601],
              [-10397872.78349463455379, 4455863.198136065155268],
              [-10398100.9251146055758, 4455972.016106782481074],
              [-10398323.05898186378181, 4456092.624956091865897],
              [-10398538.576242916285992, 4456224.694103523157537],
              [-10398746.886179931461811, 4456367.861556720919907],
              [-10398947.417829852551222, 4456521.734903649426997],
              [-10399139.621549364179373, 4456685.892388158477843],
              [-10399322.970521433278918, 4456859.884065994992852],
              [-10399496.962199268862605, 4457043.233038063161075],
              [-10399661.119683777913451, 4457235.436757574789226],
              [-10399814.993030706420541, 4457435.968407495878637],
              [-10399958.160483904182911, 4457644.278344511054456],
              [-10400090.229631334543228, 4457859.795605563558638],
              [-10400210.838480645790696, 4458081.929472820833325],
              [-10400319.656451363116503, 4458310.07109279371798],
              [-10400416.38528099283576, 4458543.595145158469677],
              [-10400500.759842537343502, 4458781.861556720919907],
              [-10400572.548871187493205, 4459024.217255808413029],
              [-10400631.555598206818104, 4459269.997962295077741],
              [-10400677.61829025670886, 4459518.530008349567652],
              [-10400710.610692702233791, 4459769.132184906862676],
              [-10400730.442375658079982, 4460021.117608822882175],
              [-10400737.05898186378181, 4460273.795605563558638],
              [-10400730.442375658079982, 4460526.473602304235101],
              [-10400710.610692702233791, 4460778.459026219323277],
              [-10400677.61829025670886, 4461029.061202777549624],
              [-10400631.555598206818104, 4461277.593248832039535],
              [-10400572.548871187493205, 4461523.373955318704247],
              [-10400500.759842537343502, 4461765.729654406197369],
              [-10400416.38528099283576, 4462003.996065968647599],
              [-10400319.656451363116503, 4462237.520118333399296],
              [-10400210.838480645790696, 4462465.661738306283951],
              [-10400090.229631334543228, 4462687.795605563558638],
              [-10399958.160483904182911, 4462903.31286661606282],
              [-10399814.993030706420541, 4463111.622803631238639],
              [-10399661.119683777913451, 4463312.15445355232805],
              [-10399496.962199268862605, 4463504.358173063956201],
              [-10399322.970521433278918, 4463687.707145132124424],
              [-10399139.621549364179373, 4463861.698822968639433],
              [-10398947.417829852551222, 4464025.856307477690279],
              [-10398746.886179931461811, 4464179.729654406197369],
              [-10398538.576242916285992, 4464322.897107603959739],
              [-10398323.05898186378181, 4464454.966255035251379],
              [-10398100.9251146055758, 4464575.575104344636202],
              [-10397872.78349463455379, 4464684.393075061962008],
              [-10397639.259442267939448, 4464781.121904691681266],
              [-10397400.993030706420541, 4464865.496466236189008],
              [-10397158.637331617996097, 4464937.285494887270033],
              [-10396912.856625132262707, 4464996.292221906594932],
              [-10396664.324579078704119, 4465042.354913956485689],
              [-10396413.722402520477772, 4465075.34731640201062],
              [-10396161.736978605389595, 4465095.178999358788133],
              [-10395909.05898186378181, 4465101.795605563558638],
              [-10395656.380985122174025, 4465095.178999358788133],
              [-10395404.395561207085848, 4465075.34731640201062],
              [-10395153.793384648859501, 4465042.354913956485689],
              [-10394905.261338595300913, 4464996.292221906594932],
              [-10394659.480632109567523, 4464937.285494887270033],
              [-10394417.124933021143079, 4464865.496466236189008],
              [-10394178.858521459624171, 4464781.121904691681266],
              [-10393945.33446909300983, 4464684.393075061962008],
              [-10393717.19284912198782, 4464575.575104344636202],
              [-10393495.05898186378181, 4464454.966255035251379],
              [-10393279.541720811277628, 4464322.897107603959739],
              [-10393071.231783796101809, 4464179.729654406197369],
              [-10392870.700133875012398, 4464025.856307477690279],
              [-10392678.496414363384247, 4463861.698822968639433],
              [-10392495.147442294284701, 4463687.707145132124424],
              [-10392321.155764458701015, 4463504.358173063956201],
              [-10392156.998279949650168, 4463312.15445355232805],
              [-10392003.124933021143079, 4463111.622803631238639],
              [-10391859.957479823380709, 4462903.31286661606282],
              [-10391727.888332393020391, 4462687.795605563558638],
              [-10391607.279483081772923, 4462465.661738306283951],
              [-10391498.461512364447117, 4462237.520118333399296],
              [-10391401.732682734727859, 4462003.996065968647599],
              [-10391317.358121190220118, 4461765.729654406197369],
              [-10391245.569092540070415, 4461523.373955318704247],
              [-10391186.562365520745516, 4461277.593248832039535],
              [-10391140.499673470854759, 4461029.061202777549624],
              [-10391107.507271025329828, 4460778.4590262202546],
              [-10391087.675588069483638, 4460526.473602304235101],
              [-10391081.05898186378181, 4460273.795605563558638]
            ]
          ]
        ]
      }
    },
    {
      "type": "Feature",
      "properties": {
        "fclty__": "Keystone Station Unit 1 and Unit 2",
        "plnt_nm": "Keystone",
        "utlty_n": "KeyCon Operating LLC",
        "strt_dd": "313 Keystone Drive",
        "city": "Shelocta",
        "state": "Pennsylvania",
        "zip": 15774,
        "prm_src": "coal"
      },
      "geometry": {
        "type": "MultiPolygon",
        "coordinates": [
          [
            [
              [-8827382.850978197529912, 4962379.052207171916962],
              [-8827389.46758440323174, 4962126.374210431240499],
              [-8827409.29926735907793, 4961874.388786515221],
              [-8827442.291669804602861, 4961623.786609957925975],
              [-8827488.354361854493618, 4961375.254563903436065],
              [-8827547.361088873818517, 4961129.473857416771352],
              [-8827619.15011752396822, 4960887.118158329278231],
              [-8827703.524679068475962, 4960648.851746766828001],
              [-8827800.253508698195219, 4960415.327694402076304],
              [-8827909.071479415521026, 4960187.186074429191649],
              [-8828029.680328726768494, 4959965.052207171916962],
              [-8828161.749476157128811, 4959749.53494611941278],
              [-8828304.916929354891181, 4959541.22500910423696],
              [-8828458.790276283398271, 4959340.69335918314755],
              [-8828622.947760792449117, 4959148.489639671519399],
              [-8828796.939438628032804, 4958965.140667603351176],
              [-8828980.288410697132349, 4958791.148989766836166],
              [-8829172.4921302087605, 4958626.99150525778532],
              [-8829373.023780129849911, 4958473.118158329278231],
              [-8829581.33371714502573, 4958329.950705131515861],
              [-8829796.850978197529912, 4958197.881557700224221],
              [-8830018.984845455735922, 4958077.272708390839398],
              [-8830247.126465426757932, 4957968.454737673513591],
              [-8830480.650517793372273, 4957871.725908043794334],
              [-8830718.916929354891181, 4957787.351346499286592],
              [-8830961.272628443315625, 4957715.562317848205566],
              [-8831207.053334929049015, 4957656.555590828880668],
              [-8831455.585380982607603, 4957610.492898778989911],
              [-8831706.18755754083395, 4957577.50049633346498],
              [-8831958.172981455922127, 4957557.668813376687467],
              [-8832210.850978197529912, 4957551.052207171916962],
              [-8832463.528974939137697, 4957557.668813376687467],
              [-8832715.514398854225874, 4957577.50049633346498],
              [-8832966.116575412452221, 4957610.492898778989911],
              [-8833214.648621466010809, 4957656.555590828880668],
              [-8833460.429327951744199, 4957715.562317848205566],
              [-8833702.785027040168643, 4957787.351346499286592],
              [-8833941.051438601687551, 4957871.725908043794334],
              [-8834174.575490968301892, 4957968.454737673513591],
              [-8834402.717110939323902, 4958077.272708390839398],
              [-8834624.850978197529912, 4958197.881557700224221],
              [-8834840.368239250034094, 4958329.950705131515861],
              [-8835048.678176265209913, 4958473.118158329278231],
              [-8835249.209826186299324, 4958626.99150525778532],
              [-8835441.413545697927475, 4958791.148989766836166],
              [-8835624.76251776702702, 4958965.140667603351176],
              [-8835798.754195602610707, 4959148.489639671519399],
              [-8835962.911680111661553, 4959340.69335918314755],
              [-8836116.785027040168643, 4959541.22500910423696],
              [-8836259.952480237931013, 4959749.53494611941278],
              [-8836392.02162766829133, 4959965.052207171916962],
              [-8836512.630476979538798, 4960187.186074429191649],
              [-8836621.448447696864605, 4960415.327694402076304],
              [-8836718.177277326583862, 4960648.851746766828001],
              [-8836802.551838871091604, 4960887.118158329278231],
              [-8836874.340867521241307, 4961129.473857416771352],
              [-8836933.347594540566206, 4961375.254563903436065],
              [-8836979.410286590456963, 4961623.786609957925975],
              [-8837012.402689035981894, 4961874.388786515221],
              [-8837032.234371991828084, 4962126.374210431240499],
              [-8837038.850978197529912, 4962379.052207171916962],
              [-8837032.234371991828084, 4962631.730203912593424],
              [-8837012.402689035981894, 4962883.715627827681601],
              [-8836979.410286590456963, 4963134.317804385907948],
              [-8836933.347594540566206, 4963382.849850440397859],
              [-8836874.340867521241307, 4963628.630556927062571],
              [-8836802.551838871091604, 4963870.986256014555693],
              [-8836718.177277326583862, 4964109.252667577005923],
              [-8836621.448447696864605, 4964342.776719941757619],
              [-8836512.630476979538798, 4964570.918339914642274],
              [-8836392.02162766829133, 4964793.052207171916962],
              [-8836259.952480237931013, 4965008.569468224421144],
              [-8836116.785027040168643, 4965216.879405239596963],
              [-8835962.911680111661553, 4965417.411055160686374],
              [-8835798.754195602610707, 4965609.614774672314525],
              [-8835624.76251776702702, 4965792.963746740482748],
              [-8835441.413545697927475, 4965966.955424576997757],
              [-8835249.209826186299324, 4966131.112909086048603],
              [-8835048.678176265209913, 4966284.986256014555693],
              [-8834840.368239250034094, 4966428.153709212318063],
              [-8834624.850978197529912, 4966560.222856643609703],
              [-8834402.717110939323902, 4966680.831705952994525],
              [-8834174.575490968301892, 4966789.649676670320332],
              [-8833941.051438601687551, 4966886.378506300039589],
              [-8833702.785027040168643, 4966970.753067844547331],
              [-8833460.429327951744199, 4967042.542096495628357],
              [-8833214.648621466010809, 4967101.548823514953256],
              [-8832966.116575412452221, 4967147.611515564844012],
              [-8832715.514398854225874, 4967180.603918010368943],
              [-8832463.528974939137697, 4967200.435600967146456],
              [-8832210.850978197529912, 4967207.052207171916962],
              [-8831958.172981455922127, 4967200.435600967146456],
              [-8831706.18755754083395, 4967180.603918010368943],
              [-8831455.585380982607603, 4967147.611515564844012],
              [-8831207.053334929049015, 4967101.548823514953256],
              [-8830961.272628443315625, 4967042.542096495628357],
              [-8830718.916929354891181, 4966970.753067844547331],
              [-8830480.650517793372273, 4966886.378506300039589],
              [-8830247.126465426757932, 4966789.649676670320332],
              [-8830018.984845455735922, 4966680.831705952994525],
              [-8829796.850978197529912, 4966560.222856643609703],
              [-8829581.33371714502573, 4966428.153709212318063],
              [-8829373.023780129849911, 4966284.986256014555693],
              [-8829172.4921302087605, 4966131.112909086048603],
              [-8828980.288410697132349, 4965966.955424576997757],
              [-8828796.939438628032804, 4965792.963746740482748],
              [-8828622.947760792449117, 4965609.614774672314525],
              [-8828458.790276283398271, 4965417.411055160686374],
              [-8828304.916929354891181, 4965216.879405239596963],
              [-8828161.749476157128811, 4965008.569468224421144],
              [-8828029.680328726768494, 4964793.052207171916962],
              [-8827909.071479415521026, 4964570.918339914642274],
              [-8827800.253508698195219, 4964342.776719941757619],
              [-8827703.524679068475962, 4964109.252667577005923],
              [-8827619.15011752396822, 4963870.986256014555693],
              [-8827547.361088873818517, 4963628.630556927062571],
              [-8827488.354361854493618, 4963382.849850440397859],
              [-8827442.291669804602861, 4963134.317804385907948],
              [-8827409.29926735907793, 4962883.715627828612924],
              [-8827389.46758440323174, 4962631.730203912593424],
              [-8827382.850978197529912, 4962379.052207171916962]
            ]
          ]
        ]
      }
    },
    {
      "type": "Feature",
      "properties": {
        "fclty__": "Kincaid Power Plant Unit 1 and Unit 2",
        "plnt_nm": "Kincaid Generation LLC",
        "utlty_n": "Dynegy Kincaid Generation",
        "strt_dd": "4 Miles West of Kincaid Rt 104",
        "city": "Kincaid",
        "state": "Illinois",
        "zip": 62540,
        "prm_src": "coal"
      },
      "geometry": {
        "type": "MultiPolygon",
        "coordinates": [
          [
            [
              [-9957864.451316729187965, 4806620.169325408525765],
              [-9957871.067922934889793, 4806367.491328667849302],
              [-9957890.899605890735984, 4806115.505904751829803],
              [-9957923.892008336260915, 4805864.903728194534779],
              [-9957969.954700386151671, 4805616.371682140044868],
              [-9958028.96142740547657, 4805370.590975653380156],
              [-9958100.750456055626273, 4805128.235276565887034],
              [-9958185.125017600134015, 4804889.968865003436804],
              [-9958281.853847229853272, 4804656.444812638685107],
              [-9958390.671817947179079, 4804428.303192665800452],
              [-9958511.280667258426547, 4804206.169325408525765],
              [-9958643.349814688786864, 4803990.652064356021583],
              [-9958786.517267886549234, 4803782.342127340845764],
              [-9958940.390614815056324, 4803581.810477419756353],
              [-9959104.54809932410717, 4803389.606757908128202],
              [-9959278.539777159690857, 4803206.257785839959979],
              [-9959461.888749228790402, 4803032.26610800344497],
              [-9959654.092468740418553, 4802868.108623494394124],
              [-9959854.624118661507964, 4802714.235276565887034],
              [-9960062.934055676683784, 4802571.067823368124664],
              [-9960278.451316729187965, 4802438.998675936833024],
              [-9960500.585183987393975, 4802318.389826627448201],
              [-9960728.726803958415985, 4802209.571855910122395],
              [-9960962.250856325030327, 4802112.843026280403137],
              [-9961200.517267886549234, 4802028.468464735895395],
              [-9961442.872966974973679, 4801956.67943608481437],
              [-9961688.653673460707068, 4801897.672709065489471],
              [-9961937.185719514265656, 4801851.610017015598714],
              [-9962187.787896072492003, 4801818.617614570073783],
              [-9962439.77331998758018, 4801798.78593161329627],
              [-9962692.451316729187965, 4801792.169325408525765],
              [-9962945.129313470795751, 4801798.78593161329627],
              [-9963197.114737385883927, 4801818.617614570073783],
              [-9963447.716913944110274, 4801851.610017015598714],
              [-9963696.248959997668862, 4801897.672709065489471],
              [-9963942.029666483402252, 4801956.67943608481437],
              [-9964184.385365571826696, 4802028.468464735895395],
              [-9964422.651777133345604, 4802112.843026280403137],
              [-9964656.175829499959946, 4802209.571855910122395],
              [-9964884.317449470981956, 4802318.389826627448201],
              [-9965106.451316729187965, 4802438.998675936833024],
              [-9965321.968577781692147, 4802571.067823368124664],
              [-9965530.278514796867967, 4802714.235276565887034],
              [-9965730.810164717957377, 4802868.108623494394124],
              [-9965923.013884229585528, 4803032.26610800344497],
              [-9966106.362856298685074, 4803206.257785839959979],
              [-9966280.354534134268761, 4803389.606757908128202],
              [-9966444.512018643319607, 4803581.810477419756353],
              [-9966598.385365571826696, 4803782.342127340845764],
              [-9966741.552818769589067, 4803990.652064356021583],
              [-9966873.621966199949384, 4804206.169325408525765],
              [-9966994.230815511196852, 4804428.303192665800452],
              [-9967103.048786228522658, 4804656.444812638685107],
              [-9967199.777615858241916, 4804889.968865003436804],
              [-9967284.152177402749658, 4805128.235276565887034],
              [-9967355.941206052899361, 4805370.590975653380156],
              [-9967414.947933072224259, 4805616.371682140044868],
              [-9967461.010625122115016, 4805864.903728194534779],
              [-9967494.003027567639947, 4806115.505904751829803],
              [-9967513.834710523486137, 4806367.491328667849302],
              [-9967520.451316729187965, 4806620.169325408525765],
              [-9967513.834710523486137, 4806872.847322149202228],
              [-9967494.003027567639947, 4807124.832746064290404],
              [-9967461.010625122115016, 4807375.434922622516751],
              [-9967414.947933072224259, 4807623.966968677006662],
              [-9967355.941206052899361, 4807869.747675163671374],
              [-9967284.152177402749658, 4808112.103374251164496],
              [-9967199.777615858241916, 4808350.369785813614726],
              [-9967103.048786228522658, 4808583.893838178366423],
              [-9966994.230815511196852, 4808812.035458151251078],
              [-9966873.621966199949384, 4809034.169325408525765],
              [-9966741.552818769589067, 4809249.686586461029947],
              [-9966598.385365571826696, 4809457.996523476205766],
              [-9966444.512018643319607, 4809658.528173397295177],
              [-9966280.354534134268761, 4809850.731892908923328],
              [-9966106.362856298685074, 4810034.080864977091551],
              [-9965923.013884229585528, 4810208.07254281360656],
              [-9965730.810164717957377, 4810372.230027322657406],
              [-9965530.278514796867967, 4810526.103374251164496],
              [-9965321.968577781692147, 4810669.270827448926866],
              [-9965106.451316729187965, 4810801.339974880218506],
              [-9964884.317449470981956, 4810921.948824189603329],
              [-9964656.175829499959946, 4811030.766794906929135],
              [-9964422.651777133345604, 4811127.495624536648393],
              [-9964184.385365571826696, 4811211.870186081156135],
              [-9963942.029666483402252, 4811283.65921473223716],
              [-9963696.248959997668862, 4811342.665941751562059],
              [-9963447.716913944110274, 4811388.728633801452816],
              [-9963197.114737385883927, 4811421.721036246977746],
              [-9962945.129313470795751, 4811441.55271920375526],
              [-9962692.451316729187965, 4811448.169325408525765],
              [-9962439.77331998758018, 4811441.55271920375526],
              [-9962187.787896072492003, 4811421.721036246977746],
              [-9961937.185719514265656, 4811388.728633801452816],
              [-9961688.653673460707068, 4811342.665941751562059],
              [-9961442.872966974973679, 4811283.65921473223716],
              [-9961200.517267886549234, 4811211.870186081156135],
              [-9960962.250856325030327, 4811127.495624536648393],
              [-9960728.726803958415985, 4811030.766794906929135],
              [-9960500.585183987393975, 4810921.948824189603329],
              [-9960278.451316729187965, 4810801.339974880218506],
              [-9960062.934055676683784, 4810669.270827448926866],
              [-9959854.624118661507964, 4810526.103374251164496],
              [-9959654.092468740418553, 4810372.230027322657406],
              [-9959461.888749228790402, 4810208.07254281360656],
              [-9959278.539777159690857, 4810034.080864977091551],
              [-9959104.54809932410717, 4809850.731892908923328],
              [-9958940.390614815056324, 4809658.528173397295177],
              [-9958786.517267886549234, 4809457.996523476205766],
              [-9958643.349814688786864, 4809249.686586461029947],
              [-9958511.280667258426547, 4809034.169325408525765],
              [-9958390.671817947179079, 4808812.035458151251078],
              [-9958281.853847229853272, 4808583.893838178366423],
              [-9958185.125017600134015, 4808350.369785813614726],
              [-9958100.750456055626273, 4808112.103374251164496],
              [-9958028.96142740547657, 4807869.747675163671374],
              [-9957969.954700386151671, 4807623.966968677006662],
              [-9957923.892008336260915, 4807375.434922622516751],
              [-9957890.899605890735984, 4807124.832746065221727],
              [-9957871.067922934889793, 4806872.847322149202228],
              [-9957864.451316729187965, 4806620.169325408525765]
            ]
          ]
        ]
      }
    },
    {
      "type": "Feature",
      "properties": {
        "fclty__": "Kingston Fossil Plant",
        "plnt_nm": "Kingston",
        "utlty_n": "Tennessee Valley Authority",
        "strt_dd": "Swan Pond Rd. PO Box 2000",
        "city": "Kingston",
        "state": "Tennessee",
        "zip": 37763,
        "prm_src": "coal"
      },
      "geometry": {
        "type": "MultiPolygon",
        "coordinates": [
          [
            [
              [-9403828.570153007283807, 4286760.297075540758669],
              [-9403835.186759212985635, 4286507.619078800082207],
              [-9403855.018442168831825, 4286255.633654884062707],
              [-9403888.010844614356756, 4286005.031478326767683],
              [-9403934.073536664247513, 4285756.499432272277772],
              [-9403993.080263683572412, 4285510.71872578561306],
              [-9404064.869292333722115, 4285268.363026698119938],
              [-9404149.243853878229856, 4285030.096615135669708],
              [-9404245.972683507949114, 4284796.572562770918012],
              [-9404354.79065422527492, 4284568.430942798033357],
              [-9404475.399503536522388, 4284346.297075540758669],
              [-9404607.468650966882706, 4284130.779814488254488],
              [-9404750.636104164645076, 4283922.469877473078668],
              [-9404904.509451093152165, 4283721.938227551989257],
              [-9405068.666935602203012, 4283529.734508040361106],
              [-9405242.658613437786698, 4283346.385535972192883],
              [-9405426.007585506886244, 4283172.393858135677874],
              [-9405618.211305018514395, 4283008.236373626627028],
              [-9405818.742954939603806, 4282854.363026698119938],
              [-9406027.052891954779625, 4282711.195573500357568],
              [-9406242.570153007283807, 4282579.126426069065928],
              [-9406464.704020265489817, 4282458.517576759681106],
              [-9406692.845640236511827, 4282349.699606042355299],
              [-9406926.369692603126168, 4282252.970776412636042],
              [-9407164.636104164645076, 4282168.5962148681283],
              [-9407406.99180325306952, 4282096.807186217047274],
              [-9407652.77250973880291, 4282037.800459197722375],
              [-9407901.304555792361498, 4281991.737767147831619],
              [-9408151.906732350587845, 4281958.745364702306688],
              [-9408403.892156265676022, 4281938.913681745529175],
              [-9408656.570153007283807, 4281932.297075540758669],
              [-9408909.248149748891592, 4281938.913681745529175],
              [-9409161.233573663979769, 4281958.745364702306688],
              [-9409411.835750222206116, 4281991.737767147831619],
              [-9409660.367796275764704, 4282037.800459197722375],
              [-9409906.148502761498094, 4282096.807186217047274],
              [-9410148.504201849922538, 4282168.5962148681283],
              [-9410386.770613411441445, 4282252.970776412636042],
              [-9410620.294665778055787, 4282349.699606042355299],
              [-9410848.436285749077797, 4282458.517576759681106],
              [-9411070.570153007283807, 4282579.126426069065928],
              [-9411286.087414059787989, 4282711.195573500357568],
              [-9411494.397351074963808, 4282854.363026698119938],
              [-9411694.929000996053219, 4283008.236373626627028],
              [-9411887.13272050768137, 4283172.393858135677874],
              [-9412070.481692576780915, 4283346.385535972192883],
              [-9412244.473370412364602, 4283529.734508040361106],
              [-9412408.630854921415448, 4283721.938227551989257],
              [-9412562.504201849922538, 4283922.469877473078668],
              [-9412705.671655047684908, 4284130.779814488254488],
              [-9412837.740802478045225, 4284346.297075540758669],
              [-9412958.349651789292693, 4284568.430942798033357],
              [-9413067.1676225066185, 4284796.572562770918012],
              [-9413163.896452136337757, 4285030.096615135669708],
              [-9413248.271013680845499, 4285268.363026698119938],
              [-9413320.060042330995202, 4285510.71872578561306],
              [-9413379.066769350320101, 4285756.499432272277772],
              [-9413425.129461400210857, 4286005.031478326767683],
              [-9413458.121863845735788, 4286255.633654884062707],
              [-9413477.953546801581979, 4286507.619078800082207],
              [-9413484.570153007283807, 4286760.297075540758669],
              [-9413477.953546801581979, 4287012.975072281435132],
              [-9413458.121863845735788, 4287264.960496196523309],
              [-9413425.129461400210857, 4287515.562672754749656],
              [-9413379.066769350320101, 4287764.094718809239566],
              [-9413320.060042330995202, 4288009.875425295904279],
              [-9413248.271013680845499, 4288252.2311243833974],
              [-9413163.896452136337757, 4288490.497535945847631],
              [-9413067.1676225066185, 4288724.021588310599327],
              [-9412958.349651789292693, 4288952.163208283483982],
              [-9412837.740802478045225, 4289174.297075540758669],
              [-9412705.671655047684908, 4289389.814336593262851],
              [-9412562.504201849922538, 4289598.124273608438671],
              [-9412408.630854921415448, 4289798.655923529528081],
              [-9412244.473370412364602, 4289990.859643041156232],
              [-9412070.481692576780915, 4290174.208615109324455],
              [-9411887.13272050768137, 4290348.200292945839465],
              [-9411694.929000996053219, 4290512.357777454890311],
              [-9411494.397351074963808, 4290666.2311243833974],
              [-9411286.087414059787989, 4290809.39857758115977],
              [-9411070.570153007283807, 4290941.46772501245141],
              [-9410848.436285749077797, 4291062.076574321836233],
              [-9410620.294665778055787, 4291170.89454503916204],
              [-9410386.770613411441445, 4291267.623374668881297],
              [-9410148.504201849922538, 4291351.997936213389039],
              [-9409906.148502761498094, 4291423.786964864470065],
              [-9409660.367796275764704, 4291482.793691883794963],
              [-9409411.835750222206116, 4291528.85638393368572],
              [-9409161.233573663979769, 4291561.848786379210651],
              [-9408909.248149748891592, 4291581.680469335988164],
              [-9408656.570153007283807, 4291588.297075540758669],
              [-9408403.892156265676022, 4291581.680469335988164],
              [-9408151.906732350587845, 4291561.848786379210651],
              [-9407901.304555792361498, 4291528.85638393368572],
              [-9407652.77250973880291, 4291482.793691883794963],
              [-9407406.99180325306952, 4291423.786964864470065],
              [-9407164.636104164645076, 4291351.997936213389039],
              [-9406926.369692603126168, 4291267.623374668881297],
              [-9406692.845640236511827, 4291170.89454503916204],
              [-9406464.704020265489817, 4291062.076574321836233],
              [-9406242.570153007283807, 4290941.46772501245141],
              [-9406027.052891954779625, 4290809.39857758115977],
              [-9405818.742954939603806, 4290666.2311243833974],
              [-9405618.211305018514395, 4290512.357777454890311],
              [-9405426.007585506886244, 4290348.200292945839465],
              [-9405242.658613437786698, 4290174.208615109324455],
              [-9405068.666935602203012, 4289990.859643041156232],
              [-9404904.509451093152165, 4289798.655923529528081],
              [-9404750.636104164645076, 4289598.124273608438671],
              [-9404607.468650966882706, 4289389.814336593262851],
              [-9404475.399503536522388, 4289174.297075540758669],
              [-9404354.79065422527492, 4288952.163208283483982],
              [-9404245.972683507949114, 4288724.021588310599327],
              [-9404149.243853878229856, 4288490.497535945847631],
              [-9404064.869292333722115, 4288252.2311243833974],
              [-9403993.080263683572412, 4288009.875425295904279],
              [-9403934.073536664247513, 4287764.094718809239566],
              [-9403888.010844614356756, 4287515.562672754749656],
              [-9403855.018442168831825, 4287264.960496197454631],
              [-9403835.186759212985635, 4287012.975072281435132],
              [-9403828.570153007283807, 4286760.297075540758669]
            ]
          ]
        ]
      }
    },
    {
      "type": "Feature",
      "properties": {
        "fclty__": "Labadie Energy Center",
        "plnt_nm": "Labadie",
        "utlty_n": "Union Electric Co - (MO)",
        "strt_dd": "226 Labadie Power Plant Road",
        "city": "Labadie",
        "state": "Missouri",
        "zip": 63055,
        "prm_src": "coal"
      },
      "geometry": {
        "type": "MultiPolygon",
        "coordinates": [
          [
            [
              [-10107176.950359275564551, 4659159.356542114168406],
              [-10107183.566965481266379, 4658906.678545373491943],
              [-10107203.39864843711257, 4658654.693121457472444],
              [-10107236.391050882637501, 4658404.090944900177419],
              [-10107282.453742932528257, 4658155.558898845687509],
              [-10107341.460469951853156, 4657909.778192359022796],
              [-10107413.249498602002859, 4657667.422493271529675],
              [-10107497.624060146510601, 4657429.156081709079444],
              [-10107594.352889776229858, 4657195.632029344327748],
              [-10107703.170860493555665, 4656967.490409371443093],
              [-10107823.779709804803133, 4656745.356542114168406],
              [-10107955.84885723516345, 4656529.839281061664224],
              [-10108099.01631043292582, 4656321.529344046488404],
              [-10108252.88965736143291, 4656120.997694125398993],
              [-10108417.047141870483756, 4655928.793974613770843],
              [-10108591.038819706067443, 4655745.44500254560262],
              [-10108774.387791775166988, 4655571.45332470908761],
              [-10108966.591511286795139, 4655407.295840200036764],
              [-10109167.12316120788455, 4655253.422493271529675],
              [-10109375.433098223060369, 4655110.255040073767304],
              [-10109590.950359275564551, 4654978.185892642475665],
              [-10109813.084226533770561, 4654857.577043333090842],
              [-10110041.225846504792571, 4654748.759072615765035],
              [-10110274.749898871406913, 4654652.030242986045778],
              [-10110513.01631043292582, 4654567.655681441538036],
              [-10110755.372009521350265, 4654495.86665279045701],
              [-10111001.152716007083654, 4654436.859925771132112],
              [-10111249.684762060642242, 4654390.797233721241355],
              [-10111500.286938618868589, 4654357.804831275716424],
              [-10111752.272362533956766, 4654337.973148318938911],
              [-10112004.950359275564551, 4654331.356542114168406],
              [-10112257.628356017172337, 4654337.973148318938911],
              [-10112509.613779932260513, 4654357.804831275716424],
              [-10112760.21595649048686, 4654390.797233721241355],
              [-10113008.748002544045448, 4654436.859925771132112],
              [-10113254.528709029778838, 4654495.86665279045701],
              [-10113496.884408118203282, 4654567.655681441538036],
              [-10113735.15081967972219, 4654652.030242986045778],
              [-10113968.674872046336532, 4654748.759072615765035],
              [-10114196.816492017358541, 4654857.577043333090842],
              [-10114418.950359275564551, 4654978.185892642475665],
              [-10114634.467620328068733, 4655110.255040073767304],
              [-10114842.777557343244553, 4655253.422493271529675],
              [-10115043.309207264333963, 4655407.295840200036764],
              [-10115235.512926775962114, 4655571.45332470908761],
              [-10115418.86189884506166, 4655745.44500254560262],
              [-10115592.853576680645347, 4655928.793974613770843],
              [-10115757.011061189696193, 4656120.997694125398993],
              [-10115910.884408118203282, 4656321.529344046488404],
              [-10116054.051861315965652, 4656529.839281061664224],
              [-10116186.12100874632597, 4656745.356542114168406],
              [-10116306.729858057573438, 4656967.490409371443093],
              [-10116415.547828774899244, 4657195.632029344327748],
              [-10116512.276658404618502, 4657429.156081709079444],
              [-10116596.651219949126244, 4657667.422493271529675],
              [-10116668.440248599275947, 4657909.778192359022796],
              [-10116727.446975618600845, 4658155.558898845687509],
              [-10116773.509667668491602, 4658404.090944900177419],
              [-10116806.502070114016533, 4658654.693121457472444],
              [-10116826.333753069862723, 4658906.678545373491943],
              [-10116832.950359275564551, 4659159.356542114168406],
              [-10116826.333753069862723, 4659412.034538854844868],
              [-10116806.502070114016533, 4659664.019962769933045],
              [-10116773.509667668491602, 4659914.622139328159392],
              [-10116727.446975618600845, 4660163.154185382649302],
              [-10116668.440248599275947, 4660408.934891869314015],
              [-10116596.651219949126244, 4660651.290590956807137],
              [-10116512.276658404618502, 4660889.557002519257367],
              [-10116415.547828774899244, 4661123.081054884009063],
              [-10116306.729858057573438, 4661351.222674856893718],
              [-10116186.12100874632597, 4661573.356542114168406],
              [-10116054.051861315965652, 4661788.873803166672587],
              [-10115910.884408118203282, 4661997.183740181848407],
              [-10115757.011061189696193, 4662197.715390102937818],
              [-10115592.853576680645347, 4662389.919109614565969],
              [-10115418.86189884506166, 4662573.268081682734191],
              [-10115235.512926775962114, 4662747.259759519249201],
              [-10115043.309207264333963, 4662911.417244028300047],
              [-10114842.777557343244553, 4663065.290590956807137],
              [-10114634.467620328068733, 4663208.458044154569507],
              [-10114418.950359275564551, 4663340.527191585861146],
              [-10114196.816492017358541, 4663461.136040895245969],
              [-10113968.674872046336532, 4663569.954011612571776],
              [-10113735.15081967972219, 4663666.682841242291033],
              [-10113496.884408118203282, 4663751.057402786798775],
              [-10113254.528709029778838, 4663822.846431437879801],
              [-10113008.748002544045448, 4663881.8531584572047],
              [-10112760.21595649048686, 4663927.915850507095456],
              [-10112509.613779932260513, 4663960.908252952620387],
              [-10112257.628356017172337, 4663980.7399359093979],
              [-10112004.950359275564551, 4663987.356542114168406],
              [-10111752.272362533956766, 4663980.7399359093979],
              [-10111500.286938618868589, 4663960.908252952620387],
              [-10111249.684762060642242, 4663927.915850507095456],
              [-10111001.152716007083654, 4663881.8531584572047],
              [-10110755.372009521350265, 4663822.846431437879801],
              [-10110513.01631043292582, 4663751.057402786798775],
              [-10110274.749898871406913, 4663666.682841242291033],
              [-10110041.225846504792571, 4663569.954011612571776],
              [-10109813.084226533770561, 4663461.136040895245969],
              [-10109590.950359275564551, 4663340.527191585861146],
              [-10109375.433098223060369, 4663208.458044154569507],
              [-10109167.12316120788455, 4663065.290590956807137],
              [-10108966.591511286795139, 4662911.417244028300047],
              [-10108774.387791775166988, 4662747.259759519249201],
              [-10108591.038819706067443, 4662573.268081682734191],
              [-10108417.047141870483756, 4662389.919109614565969],
              [-10108252.88965736143291, 4662197.715390102937818],
              [-10108099.01631043292582, 4661997.183740181848407],
              [-10107955.84885723516345, 4661788.873803166672587],
              [-10107823.779709804803133, 4661573.356542114168406],
              [-10107703.170860493555665, 4661351.222674856893718],
              [-10107594.352889776229858, 4661123.081054884009063],
              [-10107497.624060146510601, 4660889.557002519257367],
              [-10107413.249498602002859, 4660651.290590956807137],
              [-10107341.460469951853156, 4660408.934891869314015],
              [-10107282.453742932528257, 4660163.154185382649302],
              [-10107236.391050882637501, 4659914.622139328159392],
              [-10107203.39864843711257, 4659664.019962770864367],
              [-10107183.566965481266379, 4659412.034538854844868],
              [-10107176.950359275564551, 4659159.356542114168406]
            ]
          ]
        ]
      }
    },
    {
      "type": "Feature",
      "properties": {
        "fclty__": "Laramie River Station Units 1, 2, and 3",
        "plnt_nm": "Laramie River Station",
        "utlty_n": "Basin Electric Power Coop",
        "strt_dd": "Hwy 320",
        "city": "Wheatland",
        "state": "Wyoming",
        "zip": 82201,
        "prm_src": "coal"
      },
      "geometry": {
        "type": "MultiPolygon",
        "coordinates": [
          [
            [
              [-11670638.493125513195992, 5177304.469613038003445],
              [-11670645.10973171889782, 5177051.791616297326982],
              [-11670664.94141467474401, 5176799.806192381307483],
              [-11670697.933817120268941, 5176549.204015824012458],
              [-11670743.996509170159698, 5176300.671969769522548],
              [-11670803.003236189484596, 5176054.891263282857835],
              [-11670874.792264839634299, 5175812.535564195364714],
              [-11670959.166826384142041, 5175574.269152632914484],
              [-11671055.895656013861299, 5175340.745100268162787],
              [-11671164.713626731187105, 5175112.603480295278132],
              [-11671285.322476042434573, 5174890.469613038003445],
              [-11671417.39162347279489, 5174674.952351985499263],
              [-11671560.559076670557261, 5174466.642414970323443],
              [-11671714.43242359906435, 5174266.110765049234033],
              [-11671878.589908108115196, 5174073.907045537605882],
              [-11672052.581585943698883, 5173890.558073469437659],
              [-11672235.930558012798429, 5173716.566395632922649],
              [-11672428.134277524426579, 5173552.408911123871803],
              [-11672628.66592744551599, 5173398.535564195364714],
              [-11672836.97586446069181, 5173255.368110997602344],
              [-11673052.493125513195992, 5173123.298963566310704],
              [-11673274.626992771402001, 5173002.690114256925881],
              [-11673502.768612742424011, 5172893.872143539600074],
              [-11673736.292665109038353, 5172797.143313909880817],
              [-11673974.559076670557261, 5172712.768752365373075],
              [-11674216.914775758981705, 5172640.979723714292049],
              [-11674462.695482244715095, 5172581.972996694967151],
              [-11674711.227528298273683, 5172535.910304645076394],
              [-11674961.82970485650003, 5172502.917902199551463],
              [-11675213.815128771588206, 5172483.08621924277395],
              [-11675466.493125513195992, 5172476.469613038003445],
              [-11675719.171122254803777, 5172483.08621924277395],
              [-11675971.156546169891953, 5172502.917902199551463],
              [-11676221.7587227281183, 5172535.910304645076394],
              [-11676470.290768781676888, 5172581.972996694967151],
              [-11676716.071475267410278, 5172640.979723714292049],
              [-11676958.427174355834723, 5172712.768752365373075],
              [-11677196.69358591735363, 5172797.143313909880817],
              [-11677430.217638283967972, 5172893.872143539600074],
              [-11677658.359258254989982, 5173002.690114256925881],
              [-11677880.493125513195992, 5173123.298963566310704],
              [-11678096.010386565700173, 5173255.368110997602344],
              [-11678304.320323580875993, 5173398.535564195364714],
              [-11678504.851973501965404, 5173552.408911123871803],
              [-11678697.055693013593554, 5173716.566395632922649],
              [-11678880.4046650826931, 5173890.558073469437659],
              [-11679054.396342918276787, 5174073.907045537605882],
              [-11679218.553827427327633, 5174266.110765049234033],
              [-11679372.427174355834723, 5174466.642414970323443],
              [-11679515.594627553597093, 5174674.952351985499263],
              [-11679647.66377498395741, 5174890.469613038003445],
              [-11679768.272624295204878, 5175112.603480295278132],
              [-11679877.090595012530684, 5175340.745100268162787],
              [-11679973.819424642249942, 5175574.269152632914484],
              [-11680058.193986186757684, 5175812.535564195364714],
              [-11680129.983014836907387, 5176054.891263282857835],
              [-11680188.989741856232285, 5176300.671969769522548],
              [-11680235.052433906123042, 5176549.204015824012458],
              [-11680268.044836351647973, 5176799.806192381307483],
              [-11680287.876519307494164, 5177051.791616297326982],
              [-11680294.493125513195992, 5177304.469613038003445],
              [-11680287.876519307494164, 5177557.147609778679907],
              [-11680268.044836351647973, 5177809.133033693768084],
              [-11680235.052433906123042, 5178059.735210251994431],
              [-11680188.989741856232285, 5178308.267256306484342],
              [-11680129.983014836907387, 5178554.047962793149054],
              [-11680058.193986186757684, 5178796.403661880642176],
              [-11679973.819424642249942, 5179034.670073443092406],
              [-11679877.090595012530684, 5179268.194125807844102],
              [-11679768.272624295204878, 5179496.335745780728757],
              [-11679647.66377498395741, 5179718.469613038003445],
              [-11679515.594627553597093, 5179933.986874090507627],
              [-11679372.427174355834723, 5180142.296811105683446],
              [-11679218.553827427327633, 5180342.828461026772857],
              [-11679054.396342918276787, 5180535.032180538401008],
              [-11678880.4046650826931, 5180718.381152606569231],
              [-11678697.055693013593554, 5180892.37283044308424],
              [-11678504.851973501965404, 5181056.530314952135086],
              [-11678304.320323580875993, 5181210.403661880642176],
              [-11678096.010386565700173, 5181353.571115078404546],
              [-11677880.493125513195992, 5181485.640262509696186],
              [-11677658.359258254989982, 5181606.249111819081008],
              [-11677430.217638283967972, 5181715.067082536406815],
              [-11677196.69358591735363, 5181811.795912166126072],
              [-11676958.427174355834723, 5181896.170473710633814],
              [-11676716.071475267410278, 5181967.95950236171484],
              [-11676470.290768781676888, 5182026.966229381039739],
              [-11676221.7587227281183, 5182073.028921430930495],
              [-11675971.156546169891953, 5182106.021323876455426],
              [-11675719.171122254803777, 5182125.853006833232939],
              [-11675466.493125513195992, 5182132.469613038003445],
              [-11675213.815128771588206, 5182125.853006833232939],
              [-11674961.82970485650003, 5182106.021323876455426],
              [-11674711.227528298273683, 5182073.028921430930495],
              [-11674462.695482244715095, 5182026.966229381039739],
              [-11674216.914775758981705, 5181967.95950236171484],
              [-11673974.559076670557261, 5181896.170473710633814],
              [-11673736.292665109038353, 5181811.795912166126072],
              [-11673502.768612742424011, 5181715.067082536406815],
              [-11673274.626992771402001, 5181606.249111819081008],
              [-11673052.493125513195992, 5181485.640262509696186],
              [-11672836.97586446069181, 5181353.571115078404546],
              [-11672628.66592744551599, 5181210.403661880642176],
              [-11672428.134277524426579, 5181056.530314952135086],
              [-11672235.930558012798429, 5180892.37283044308424],
              [-11672052.581585943698883, 5180718.381152606569231],
              [-11671878.589908108115196, 5180535.032180538401008],
              [-11671714.43242359906435, 5180342.828461026772857],
              [-11671560.559076670557261, 5180142.296811105683446],
              [-11671417.39162347279489, 5179933.986874090507627],
              [-11671285.322476042434573, 5179718.469613038003445],
              [-11671164.713626731187105, 5179496.335745780728757],
              [-11671055.895656013861299, 5179268.194125807844102],
              [-11670959.166826384142041, 5179034.670073443092406],
              [-11670874.792264839634299, 5178796.403661880642176],
              [-11670803.003236189484596, 5178554.047962793149054],
              [-11670743.996509170159698, 5178308.267256306484342],
              [-11670697.933817120268941, 5178059.735210251994431],
              [-11670664.94141467474401, 5177809.133033694699407],
              [-11670645.10973171889782, 5177557.147609778679907],
              [-11670638.493125513195992, 5177304.469613038003445]
            ]
          ]
        ]
      }
    },
    {
      "type": "Feature",
      "properties": {
        "fclty__": "Leland Olds Station Units 1 and 2",
        "plnt_nm": "Leland Olds",
        "utlty_n": "Basin Electric Power Coop",
        "strt_dd": "Hwy 200",
        "city": "Stanton",
        "state": "North Dakota",
        "zip": 58571,
        "prm_src": "coal"
      },
      "geometry": {
        "type": "MultiPolygon",
        "coordinates": [
          [
            [
              [-11274197.837716810405254, 5988023.741795833222568],
              [-11274204.454323016107082, 5987771.063799092546105],
              [-11274224.286005971953273, 5987519.078375176526606],
              [-11274257.278408417478204, 5987268.476198619231582],
              [-11274303.34110046736896, 5987019.944152564741671],
              [-11274362.347827486693859, 5986774.163446078076959],
              [-11274434.136856136843562, 5986531.807746990583837],
              [-11274518.511417681351304, 5986293.541335428133607],
              [-11274615.240247311070561, 5986060.01728306338191],
              [-11274724.058218028396368, 5985831.875663090497255],
              [-11274844.667067339643836, 5985609.741795833222568],
              [-11274976.736214770004153, 5985394.224534780718386],
              [-11275119.903667967766523, 5985185.914597765542567],
              [-11275273.777014896273613, 5984985.382947844453156],
              [-11275437.934499405324459, 5984793.179228332825005],
              [-11275611.926177240908146, 5984609.830256264656782],
              [-11275795.275149310007691, 5984435.838578428141773],
              [-11275987.478868821635842, 5984271.681093919090927],
              [-11276188.010518742725253, 5984117.807746990583837],
              [-11276396.320455757901073, 5983974.640293792821467],
              [-11276611.837716810405254, 5983842.571146361529827],
              [-11276833.971584068611264, 5983721.962297052145004],
              [-11277062.113204039633274, 5983613.144326334819198],
              [-11277295.637256406247616, 5983516.41549670509994],
              [-11277533.903667967766523, 5983432.040935160592198],
              [-11277776.259367056190968, 5983360.251906509511173],
              [-11278022.040073541924357, 5983301.245179490186274],
              [-11278270.572119595482945, 5983255.182487440295517],
              [-11278521.174296153709292, 5983222.190084994770586],
              [-11278773.159720068797469, 5983202.358402037993073],
              [-11279025.837716810405254, 5983195.741795833222568],
              [-11279278.51571355201304, 5983202.358402037993073],
              [-11279530.501137467101216, 5983222.190084994770586],
              [-11279781.103314025327563, 5983255.182487440295517],
              [-11280029.635360078886151, 5983301.245179490186274],
              [-11280275.416066564619541, 5983360.251906509511173],
              [-11280517.771765653043985, 5983432.040935160592198],
              [-11280756.038177214562893, 5983516.41549670509994],
              [-11280989.562229581177235, 5983613.144326334819198],
              [-11281217.703849552199244, 5983721.962297052145004],
              [-11281439.837716810405254, 5983842.571146361529827],
              [-11281655.354977862909436, 5983974.640293792821467],
              [-11281863.664914878085256, 5984117.807746990583837],
              [-11282064.196564799174666, 5984271.681093919090927],
              [-11282256.400284310802817, 5984435.838578428141773],
              [-11282439.749256379902363, 5984609.830256264656782],
              [-11282613.74093421548605, 5984793.179228332825005],
              [-11282777.898418724536896, 5984985.382947844453156],
              [-11282931.771765653043985, 5985185.914597765542567],
              [-11283074.939218850806355, 5985394.224534780718386],
              [-11283207.008366281166673, 5985609.741795833222568],
              [-11283327.617215592414141, 5985831.875663090497255],
              [-11283436.435186309739947, 5986060.01728306338191],
              [-11283533.164015939459205, 5986293.541335428133607],
              [-11283617.538577483966947, 5986531.807746990583837],
              [-11283689.32760613411665, 5986774.163446078076959],
              [-11283748.334333153441548, 5987019.944152564741671],
              [-11283794.397025203332305, 5987268.476198619231582],
              [-11283827.389427648857236, 5987519.078375176526606],
              [-11283847.221110604703426, 5987771.063799092546105],
              [-11283853.837716810405254, 5988023.741795833222568],
              [-11283847.221110604703426, 5988276.419792573899031],
              [-11283827.389427648857236, 5988528.405216488987207],
              [-11283794.397025203332305, 5988779.007393047213554],
              [-11283748.334333153441548, 5989027.539439101703465],
              [-11283689.32760613411665, 5989273.320145588368177],
              [-11283617.538577483966947, 5989515.675844675861299],
              [-11283533.164015939459205, 5989753.942256238311529],
              [-11283436.435186309739947, 5989987.466308603063226],
              [-11283327.617215592414141, 5990215.607928575947881],
              [-11283207.008366281166673, 5990437.741795833222568],
              [-11283074.939218850806355, 5990653.25905688572675],
              [-11282931.771765653043985, 5990861.568993900902569],
              [-11282777.898418724536896, 5991062.10064382199198],
              [-11282613.74093421548605, 5991254.304363333620131],
              [-11282439.749256379902363, 5991437.653335401788354],
              [-11282256.400284310802817, 5991611.645013238303363],
              [-11282064.196564799174666, 5991775.802497747354209],
              [-11281863.664914878085256, 5991929.675844675861299],
              [-11281655.354977862909436, 5992072.843297873623669],
              [-11281439.837716810405254, 5992204.912445304915309],
              [-11281217.703849552199244, 5992325.521294614300132],
              [-11280989.562229581177235, 5992434.339265331625938],
              [-11280756.038177214562893, 5992531.068094961345196],
              [-11280517.771765653043985, 5992615.442656505852938],
              [-11280275.416066564619541, 5992687.231685156933963],
              [-11280029.635360078886151, 5992746.238412176258862],
              [-11279781.103314025327563, 5992792.301104226149619],
              [-11279530.501137467101216, 5992825.29350667167455],
              [-11279278.51571355201304, 5992845.125189628452063],
              [-11279025.837716810405254, 5992851.741795833222568],
              [-11278773.159720068797469, 5992845.125189628452063],
              [-11278521.174296153709292, 5992825.29350667167455],
              [-11278270.572119595482945, 5992792.301104226149619],
              [-11278022.040073541924357, 5992746.238412176258862],
              [-11277776.259367056190968, 5992687.231685156933963],
              [-11277533.903667967766523, 5992615.442656505852938],
              [-11277295.637256406247616, 5992531.068094961345196],
              [-11277062.113204039633274, 5992434.339265331625938],
              [-11276833.971584068611264, 5992325.521294614300132],
              [-11276611.837716810405254, 5992204.912445304915309],
              [-11276396.320455757901073, 5992072.843297873623669],
              [-11276188.010518742725253, 5991929.675844675861299],
              [-11275987.478868821635842, 5991775.802497747354209],
              [-11275795.275149310007691, 5991611.645013238303363],
              [-11275611.926177240908146, 5991437.653335401788354],
              [-11275437.934499405324459, 5991254.304363333620131],
              [-11275273.777014896273613, 5991062.10064382199198],
              [-11275119.903667967766523, 5990861.568993900902569],
              [-11274976.736214770004153, 5990653.25905688572675],
              [-11274844.667067339643836, 5990437.741795833222568],
              [-11274724.058218028396368, 5990215.607928575947881],
              [-11274615.240247311070561, 5989987.466308603063226],
              [-11274518.511417681351304, 5989753.942256238311529],
              [-11274434.136856136843562, 5989515.675844675861299],
              [-11274362.347827486693859, 5989273.320145588368177],
              [-11274303.34110046736896, 5989027.539439101703465],
              [-11274257.278408417478204, 5988779.007393047213554],
              [-11274224.286005971953273, 5988528.40521648991853],
              [-11274204.454323016107082, 5988276.419792573899031],
              [-11274197.837716810405254, 5988023.741795833222568]
            ]
          ]
        ]
      }
    },
    {
      "type": "Feature",
      "properties": {
        "fclty__": "Limestone Generating Station",
        "plnt_nm": "Limestone",
        "utlty_n": "NRG Texas Power LLC",
        "strt_dd": "Route1, Box 85",
        "city": "Jewett",
        "state": "Texas",
        "zip": 75846,
        "prm_src": "coal"
      },
      "geometry": {
        "type": "MultiPolygon",
        "coordinates": [
          [
            [
              [-10709951.287579564377666, 3687662.958232903853059],
              [-10709957.904185770079494, 3687410.280236162710935],
              [-10709977.735868725925684, 3687158.294812247622758],
              [-10710010.728271171450615, 3686907.692635689396411],
              [-10710056.790963221341372, 3686659.160589635837823],
              [-10710115.79769024066627, 3686413.379883148707449],
              [-10710187.586718890815973, 3686171.024184061679989],
              [-10710271.961280435323715, 3685932.757772499229759],
              [-10710368.690110065042973, 3685699.233720134012401],
              [-10710477.508080782368779, 3685471.092100161127746],
              [-10710598.116930093616247, 3685248.958232903853059],
              [-10710730.186077523976564, 3685033.440971851348877],
              [-10710873.353530721738935, 3684825.131034835707396],
              [-10711027.226877650246024, 3684624.599384915083647],
              [-10711191.38436215929687, 3684432.395665403455496],
              [-10711365.376039994880557, 3684249.046693335287273],
              [-10711548.725012063980103, 3684075.055015498772264],
              [-10711740.928731575608253, 3683910.897530989721417],
              [-10711941.460381496697664, 3683757.024184061679989],
              [-10712149.770318511873484, 3683613.856730863451958],
              [-10712365.287579564377666, 3683481.787583432625979],
              [-10712587.421446822583675, 3683361.178734122309834],
              [-10712815.563066793605685, 3683252.360763405449688],
              [-10713049.087119160220027, 3683155.63193377526477],
              [-10713287.353530721738935, 3683071.257372230757028],
              [-10713529.709229810163379, 3682999.468343580141664],
              [-10713775.489936295896769, 3682940.461616560816765],
              [-10714024.021982349455357, 3682894.398924510460347],
              [-10714274.624158907681704, 3682861.406522065866739],
              [-10714526.60958282276988, 3682841.574839108623564],
              [-10714779.287579564377666, 3682834.958232903853059],
              [-10715031.965576305985451, 3682841.574839108623564],
              [-10715283.951000221073627, 3682861.406522065866739],
              [-10715534.553176779299974, 3682894.398924510460347],
              [-10715783.085222832858562, 3682940.461616560816765],
              [-10716028.865929318591952, 3682999.468343580141664],
              [-10716271.221628407016397, 3683071.257372230757028],
              [-10716509.488039968535304, 3683155.63193377526477],
              [-10716743.012092335149646, 3683252.360763405449688],
              [-10716971.153712306171656, 3683361.178734122309834],
              [-10717193.287579564377666, 3683481.787583432625979],
              [-10717408.804840616881847, 3683613.856730863451958],
              [-10717617.114777632057667, 3683757.024184061679989],
              [-10717817.646427553147078, 3683910.897530989721417],
              [-10718009.850147064775229, 3684075.055015498772264],
              [-10718193.199119133874774, 3684249.046693335287273],
              [-10718367.190796969458461, 3684432.395665403455496],
              [-10718531.348281478509307, 3684624.599384915083647],
              [-10718685.221628407016397, 3684825.131034835707396],
              [-10718828.389081604778767, 3685033.440971851348877],
              [-10718960.458229035139084, 3685248.958232903853059],
              [-10719081.067078346386552, 3685471.092100161127746],
              [-10719189.885049063712358, 3685699.233720134012401],
              [-10719286.613878693431616, 3685932.757772499229759],
              [-10719370.988440237939358, 3686171.024184061679989],
              [-10719442.777468888089061, 3686413.379883148707449],
              [-10719501.78419590741396, 3686659.160589635837823],
              [-10719547.846887957304716, 3686907.692635689396411],
              [-10719580.839290402829647, 3687158.294812247622758],
              [-10719600.670973358675838, 3687410.280236162710935],
              [-10719607.287579564377666, 3687662.958232903853059],
              [-10719600.670973358675838, 3687915.636229644995183],
              [-10719580.839290402829647, 3688167.621653560083359],
              [-10719547.846887957304716, 3688418.223830118309706],
              [-10719501.78419590741396, 3688666.755876171868294],
              [-10719442.777468888089061, 3688912.536582658998668],
              [-10719370.988440237939358, 3689154.892281746026129],
              [-10719286.613878693431616, 3689393.158693308476359],
              [-10719189.885049063712358, 3689626.682745673693717],
              [-10719081.067078346386552, 3689854.824365646578372],
              [-10718960.458229035139084, 3690076.958232903853059],
              [-10718828.389081604778767, 3690292.475493956357241],
              [-10718685.221628407016397, 3690500.785430971998721],
              [-10718531.348281478509307, 3690701.317080892622471],
              [-10718367.190796969458461, 3690893.520800404250622],
              [-10718193.199119133874774, 3691076.869772472418845],
              [-10718009.850147064775229, 3691250.861450308933854],
              [-10717817.646427553147078, 3691415.0189348179847],
              [-10717617.114777632057667, 3691568.892281746026129],
              [-10717408.804840616881847, 3691712.05973494425416],
              [-10717193.287579564377666, 3691844.128882375080138],
              [-10716971.153712306171656, 3691964.737731685396284],
              [-10716743.012092335149646, 3692073.555702402256429],
              [-10716509.488039968535304, 3692170.284532032441348],
              [-10716271.221628407016397, 3692254.65909357694909],
              [-10716028.865929318591952, 3692326.448122227564454],
              [-10715783.085222832858562, 3692385.454849246889353],
              [-10715534.553176779299974, 3692431.517541297245771],
              [-10715283.951000221073627, 3692464.509943741839379],
              [-10715031.965576305985451, 3692484.341626699082553],
              [-10714779.287579564377666, 3692490.958232903853059],
              [-10714526.60958282276988, 3692484.341626699082553],
              [-10714274.624158907681704, 3692464.509943741839379],
              [-10714024.021982349455357, 3692431.517541297245771],
              [-10713775.489936295896769, 3692385.454849246889353],
              [-10713529.709229810163379, 3692326.448122227564454],
              [-10713287.353530721738935, 3692254.65909357694909],
              [-10713049.087119160220027, 3692170.284532032441348],
              [-10712815.563066793605685, 3692073.555702402256429],
              [-10712587.421446822583675, 3691964.737731685396284],
              [-10712365.287579564377666, 3691844.128882375080138],
              [-10712149.770318511873484, 3691712.05973494425416],
              [-10711941.460381496697664, 3691568.892281746026129],
              [-10711740.928731575608253, 3691415.0189348179847],
              [-10711548.725012063980103, 3691250.861450308933854],
              [-10711365.376039994880557, 3691076.869772472418845],
              [-10711191.38436215929687, 3690893.520800404250622],
              [-10711027.226877650246024, 3690701.317080892622471],
              [-10710873.353530721738935, 3690500.785430971998721],
              [-10710730.186077523976564, 3690292.475493956357241],
              [-10710598.116930093616247, 3690076.958232903853059],
              [-10710477.508080782368779, 3689854.824365646578372],
              [-10710368.690110065042973, 3689626.682745673693717],
              [-10710271.961280435323715, 3689393.158693308476359],
              [-10710187.586718890815973, 3689154.892281746026129],
              [-10710115.79769024066627, 3688912.536582658998668],
              [-10710056.790963221341372, 3688666.755876171868294],
              [-10710010.728271171450615, 3688418.223830118309706],
              [-10709977.735868725925684, 3688167.621653560083359],
              [-10709957.904185770079494, 3687915.636229644995183],
              [-10709951.287579564377666, 3687662.958232903853059]
            ]
          ]
        ]
      }
    },
    {
      "type": "Feature",
      "properties": {
        "fclty__": "Martin Lake Steam Electric Station Unit 1, Unit 2, and Unit 3",
        "plnt_nm": "Martin Lake",
        "utlty_n": "Luminant Generation Company LLC",
        "strt_dd": "PO Box 651",
        "city": "Tatum",
        "state": "Texas",
        "zip": 75691,
        "prm_src": "coal"
      },
      "geometry": {
        "type": "MultiPolygon",
        "coordinates": [
          [
            [
              [-10522723.036014357581735, 3797567.248562501743436],
              [-10522729.652620563283563, 3797314.570565760601312],
              [-10522749.484303519129753, 3797062.585141845513135],
              [-10522782.476705964654684, 3796811.982965287286788],
              [-10522828.539398014545441, 3796563.4509192337282],
              [-10522887.546125033870339, 3796317.670212746597826],
              [-10522959.335153684020042, 3796075.314513659570366],
              [-10523043.709715228527784, 3795837.048102097120136],
              [-10523140.438544858247042, 3795603.524049731902778],
              [-10523249.256515575572848, 3795375.382429759018123],
              [-10523369.865364886820316, 3795153.248562501743436],
              [-10523501.934512317180634, 3794937.731301449239254],
              [-10523645.101965514943004, 3794729.421364433597773],
              [-10523798.975312443450093, 3794528.889714512974024],
              [-10523963.132796952500939, 3794336.685995001345873],
              [-10524137.124474788084626, 3794153.33702293317765],
              [-10524320.473446857184172, 3793979.345345096662641],
              [-10524512.677166368812323, 3793815.187860587611794],
              [-10524713.208816289901733, 3793661.314513659570366],
              [-10524921.518753305077553, 3793518.147060461342335],
              [-10525137.036014357581735, 3793386.077913030516356],
              [-10525359.169881615787745, 3793265.469063720200211],
              [-10525587.311501586809754, 3793156.651093003340065],
              [-10525820.835553953424096, 3793059.922263373155147],
              [-10526059.101965514943004, 3792975.547701828647405],
              [-10526301.457664603367448, 3792903.758673178032041],
              [-10526547.238371089100838, 3792844.751946158707142],
              [-10526795.770417142659426, 3792798.689254108350724],
              [-10527046.372593700885773, 3792765.696851663757116],
              [-10527298.358017615973949, 3792745.865168706513941],
              [-10527551.036014357581735, 3792739.248562501743436],
              [-10527803.71401109918952, 3792745.865168706513941],
              [-10528055.699435014277697, 3792765.696851663757116],
              [-10528306.301611572504044, 3792798.689254108350724],
              [-10528554.833657626062632, 3792844.751946158707142],
              [-10528800.614364111796021, 3792903.758673178032041],
              [-10529042.970063200220466, 3792975.547701828647405],
              [-10529281.236474761739373, 3793059.922263373155147],
              [-10529514.760527128353715, 3793156.651093003340065],
              [-10529742.902147099375725, 3793265.469063720200211],
              [-10529965.036014357581735, 3793386.077913030516356],
              [-10530180.553275410085917, 3793518.147060461342335],
              [-10530388.863212425261736, 3793661.314513659570366],
              [-10530589.394862346351147, 3793815.187860587611794],
              [-10530781.598581857979298, 3793979.345345096662641],
              [-10530964.947553927078843, 3794153.33702293317765],
              [-10531138.93923176266253, 3794336.685995001345873],
              [-10531303.096716271713376, 3794528.889714512974024],
              [-10531456.970063200220466, 3794729.421364433597773],
              [-10531600.137516397982836, 3794937.731301449239254],
              [-10531732.206663828343153, 3795153.248562501743436],
              [-10531852.815513139590621, 3795375.382429759018123],
              [-10531961.633483856916428, 3795603.524049731902778],
              [-10532058.362313486635685, 3795837.048102097120136],
              [-10532142.736875031143427, 3796075.314513659570366],
              [-10532214.52590368129313, 3796317.670212746597826],
              [-10532273.532630700618029, 3796563.4509192337282],
              [-10532319.595322750508785, 3796811.982965287286788],
              [-10532352.587725196033716, 3797062.585141845513135],
              [-10532372.419408151879907, 3797314.570565760601312],
              [-10532379.036014357581735, 3797567.248562501743436],
              [-10532372.419408151879907, 3797819.92655924288556],
              [-10532352.587725196033716, 3798071.911983157973737],
              [-10532319.595322750508785, 3798322.514159716200083],
              [-10532273.532630700618029, 3798571.046205769758672],
              [-10532214.52590368129313, 3798816.826912256889045],
              [-10532142.736875031143427, 3799059.182611343916506],
              [-10532058.362313486635685, 3799297.449022906366736],
              [-10531961.633483856916428, 3799530.973075271584094],
              [-10531852.815513139590621, 3799759.114695244468749],
              [-10531732.206663828343153, 3799981.248562501743436],
              [-10531600.137516397982836, 3800196.765823554247618],
              [-10531456.970063200220466, 3800405.075760569889098],
              [-10531303.096716271713376, 3800605.607410490512848],
              [-10531138.93923176266253, 3800797.811130002140999],
              [-10530964.947553927078843, 3800981.160102070309222],
              [-10530781.598581857979298, 3801155.151779906824231],
              [-10530589.394862346351147, 3801319.309264415875077],
              [-10530388.863212425261736, 3801473.182611343916506],
              [-10530180.553275410085917, 3801616.350064542144537],
              [-10529965.036014357581735, 3801748.419211972970515],
              [-10529742.902147099375725, 3801869.028061283286661],
              [-10529514.760527128353715, 3801977.846032000146806],
              [-10529281.236474761739373, 3802074.574861630331725],
              [-10529042.970063200220466, 3802158.949423174839467],
              [-10528800.614364111796021, 3802230.738451825454831],
              [-10528554.833657626062632, 3802289.74517884477973],
              [-10528306.301611572504044, 3802335.807870895136148],
              [-10528055.699435014277697, 3802368.800273339729756],
              [-10527803.71401109918952, 3802388.63195629697293],
              [-10527551.036014357581735, 3802395.248562501743436],
              [-10527298.358017615973949, 3802388.63195629697293],
              [-10527046.372593700885773, 3802368.800273339729756],
              [-10526795.770417142659426, 3802335.807870895136148],
              [-10526547.238371089100838, 3802289.74517884477973],
              [-10526301.457664603367448, 3802230.738451825454831],
              [-10526059.101965514943004, 3802158.949423174839467],
              [-10525820.835553953424096, 3802074.574861630331725],
              [-10525587.311501586809754, 3801977.846032000146806],
              [-10525359.169881615787745, 3801869.028061283286661],
              [-10525137.036014357581735, 3801748.419211972970515],
              [-10524921.518753305077553, 3801616.350064542144537],
              [-10524713.208816289901733, 3801473.182611343916506],
              [-10524512.677166368812323, 3801319.309264415875077],
              [-10524320.473446857184172, 3801155.151779906824231],
              [-10524137.124474788084626, 3800981.160102070309222],
              [-10523963.132796952500939, 3800797.811130002140999],
              [-10523798.975312443450093, 3800605.607410490512848],
              [-10523645.101965514943004, 3800405.075760569889098],
              [-10523501.934512317180634, 3800196.765823554247618],
              [-10523369.865364886820316, 3799981.248562501743436],
              [-10523249.256515575572848, 3799759.114695244468749],
              [-10523140.438544858247042, 3799530.973075271584094],
              [-10523043.709715228527784, 3799297.449022906366736],
              [-10522959.335153684020042, 3799059.182611343916506],
              [-10522887.546125033870339, 3798816.826912256889045],
              [-10522828.539398014545441, 3798571.046205769758672],
              [-10522782.476705964654684, 3798322.514159716200083],
              [-10522749.484303519129753, 3798071.911983157973737],
              [-10522729.652620563283563, 3797819.92655924288556],
              [-10522723.036014357581735, 3797567.248562501743436]
            ]
          ]
        ]
      }
    },
    {
      "type": "Feature",
      "properties": {
        "fclty__": "Merom Generating Station",
        "plnt_nm": "Merom",
        "utlty_n": "Hallador Power Company, LLC",
        "strt_dd": "5500 W. Old 54",
        "city": "Sullivan",
        "state": "Indiana",
        "zip": 47882,
        "prm_src": "coal"
      },
      "geometry": {
        "type": "MultiPolygon",
        "coordinates": [
          [
            [
              [-9736829.694912005215883, 4731617.408059227280319],
              [-9736836.311518210917711, 4731364.730062486603856],
              [-9736856.143201166763902, 4731112.744638570584357],
              [-9736889.135603612288833, 4730862.142462013289332],
              [-9736935.198295662179589, 4730613.610415958799422],
              [-9736994.205022681504488, 4730367.829709472134709],
              [-9737065.994051331654191, 4730125.474010384641588],
              [-9737150.368612876161933, 4729887.207598822191358],
              [-9737247.09744250588119, 4729653.683546457439661],
              [-9737355.915413223206997, 4729425.541926484555006],
              [-9737476.524262534454465, 4729203.408059227280319],
              [-9737608.593409964814782, 4728987.890798174776137],
              [-9737751.760863162577152, 4728779.580861159600317],
              [-9737905.634210091084242, 4728579.049211238510907],
              [-9738069.791694600135088, 4728386.845491726882756],
              [-9738243.783372435718775, 4728203.496519658714533],
              [-9738427.13234450481832, 4728029.504841822199523],
              [-9738619.336064016446471, 4727865.347357313148677],
              [-9738819.867713937535882, 4727711.474010384641588],
              [-9739028.177650952711701, 4727568.306557186879218],
              [-9739243.694912005215883, 4727436.237409755587578],
              [-9739465.828779263421893, 4727315.628560446202755],
              [-9739693.970399234443903, 4727206.810589728876948],
              [-9739927.494451601058245, 4727110.081760099157691],
              [-9740165.760863162577152, 4727025.707198554649949],
              [-9740408.116562251001596, 4726953.918169903568923],
              [-9740653.897268736734986, 4726894.911442884244025],
              [-9740902.429314790293574, 4726848.848750834353268],
              [-9741153.031491348519921, 4726815.856348388828337],
              [-9741405.016915263608098, 4726796.024665432050824],
              [-9741657.694912005215883, 4726789.408059227280319],
              [-9741910.372908746823668, 4726796.024665432050824],
              [-9742162.358332661911845, 4726815.856348388828337],
              [-9742412.960509220138192, 4726848.848750834353268],
              [-9742661.49255527369678, 4726894.911442884244025],
              [-9742907.27326175943017, 4726953.918169903568923],
              [-9743149.628960847854614, 4727025.707198554649949],
              [-9743387.895372409373522, 4727110.081760099157691],
              [-9743621.419424775987864, 4727206.810589728876948],
              [-9743849.561044747009873, 4727315.628560446202755],
              [-9744071.694912005215883, 4727436.237409755587578],
              [-9744287.212173057720065, 4727568.306557186879218],
              [-9744495.522110072895885, 4727711.474010384641588],
              [-9744696.053759993985295, 4727865.347357313148677],
              [-9744888.257479505613446, 4728029.504841822199523],
              [-9745071.606451574712992, 4728203.496519658714533],
              [-9745245.598129410296679, 4728386.845491726882756],
              [-9745409.755613919347525, 4728579.049211238510907],
              [-9745563.628960847854614, 4728779.580861159600317],
              [-9745706.796414045616984, 4728987.890798174776137],
              [-9745838.865561475977302, 4729203.408059227280319],
              [-9745959.47441078722477, 4729425.541926484555006],
              [-9746068.292381504550576, 4729653.683546457439661],
              [-9746165.021211134269834, 4729887.207598822191358],
              [-9746249.395772678777575, 4730125.474010384641588],
              [-9746321.184801328927279, 4730367.829709472134709],
              [-9746380.191528348252177, 4730613.610415958799422],
              [-9746426.254220398142934, 4730862.142462013289332],
              [-9746459.246622843667865, 4731112.744638570584357],
              [-9746479.078305799514055, 4731364.730062486603856],
              [-9746485.694912005215883, 4731617.408059227280319],
              [-9746479.078305799514055, 4731870.086055967956781],
              [-9746459.246622843667865, 4732122.071479883044958],
              [-9746426.254220398142934, 4732372.673656441271305],
              [-9746380.191528348252177, 4732621.205702495761216],
              [-9746321.184801328927279, 4732866.986408982425928],
              [-9746249.395772678777575, 4733109.34210806991905],
              [-9746165.021211134269834, 4733347.60851963236928],
              [-9746068.292381504550576, 4733581.132571997120976],
              [-9745959.47441078722477, 4733809.274191970005631],
              [-9745838.865561475977302, 4734031.408059227280319],
              [-9745706.796414045616984, 4734246.925320279784501],
              [-9745563.628960847854614, 4734455.23525729496032],
              [-9745409.755613919347525, 4734655.766907216049731],
              [-9745245.598129410296679, 4734847.970626727677882],
              [-9745071.606451574712992, 4735031.319598795846105],
              [-9744888.257479505613446, 4735205.311276632361114],
              [-9744696.053759993985295, 4735369.46876114141196],
              [-9744495.522110072895885, 4735523.34210806991905],
              [-9744287.212173057720065, 4735666.50956126768142],
              [-9744071.694912005215883, 4735798.57870869897306],
              [-9743849.561044747009873, 4735919.187558008357882],
              [-9743621.419424775987864, 4736028.005528725683689],
              [-9743387.895372409373522, 4736124.734358355402946],
              [-9743149.628960847854614, 4736209.108919899910688],
              [-9742907.27326175943017, 4736280.897948550991714],
              [-9742661.49255527369678, 4736339.904675570316613],
              [-9742412.960509220138192, 4736385.967367620207369],
              [-9742162.358332661911845, 4736418.9597700657323],
              [-9741910.372908746823668, 4736438.791453022509813],
              [-9741657.694912005215883, 4736445.408059227280319],
              [-9741405.016915263608098, 4736438.791453022509813],
              [-9741153.031491348519921, 4736418.9597700657323],
              [-9740902.429314790293574, 4736385.967367620207369],
              [-9740653.897268736734986, 4736339.904675570316613],
              [-9740408.116562251001596, 4736280.897948550991714],
              [-9740165.760863162577152, 4736209.108919899910688],
              [-9739927.494451601058245, 4736124.734358355402946],
              [-9739693.970399234443903, 4736028.005528725683689],
              [-9739465.828779263421893, 4735919.187558008357882],
              [-9739243.694912005215883, 4735798.57870869897306],
              [-9739028.177650952711701, 4735666.50956126768142],
              [-9738819.867713937535882, 4735523.34210806991905],
              [-9738619.336064016446471, 4735369.46876114141196],
              [-9738427.13234450481832, 4735205.311276632361114],
              [-9738243.783372435718775, 4735031.319598795846105],
              [-9738069.791694600135088, 4734847.970626727677882],
              [-9737905.634210091084242, 4734655.766907216049731],
              [-9737751.760863162577152, 4734455.23525729496032],
              [-9737608.593409964814782, 4734246.925320279784501],
              [-9737476.524262534454465, 4734031.408059227280319],
              [-9737355.915413223206997, 4733809.274191970005631],
              [-9737247.09744250588119, 4733581.132571997120976],
              [-9737150.368612876161933, 4733347.60851963236928],
              [-9737065.994051331654191, 4733109.34210806991905],
              [-9736994.205022681504488, 4732866.986408982425928],
              [-9736935.198295662179589, 4732621.205702495761216],
              [-9736889.135603612288833, 4732372.673656441271305],
              [-9736856.143201166763902, 4732122.071479883976281],
              [-9736836.311518210917711, 4731870.086055967956781],
              [-9736829.694912005215883, 4731617.408059227280319]
            ]
          ]
        ]
      }
    },
    {
      "type": "Feature",
      "properties": {
        "fclty__": "Merrimack Station in Bow, New Hampshire",
        "plnt_nm": "Merrimack",
        "utlty_n": "Granite Shore Power",
        "strt_dd": "97 River Rd.",
        "city": "Bow",
        "state": "New Hampshire",
        "zip": 3301,
        "prm_src": "coal"
      },
      "geometry": {
        "type": "MultiPolygon",
        "coordinates": [
          [
            [
              [-7951086.951402626931667, 5333473.425743856467307],
              [-7951093.568008831702173, 5333220.747747115790844],
              [-7951113.399691788479686, 5332968.762323199771345],
              [-7951146.392094234004617, 5332718.16014664247632],
              [-7951192.454786283895373, 5332469.62810058798641],
              [-7951251.461513303220272, 5332223.847394101321697],
              [-7951323.250541954301298, 5331981.491695013828576],
              [-7951407.62510349880904, 5331743.225283451378345],
              [-7951504.353933128528297, 5331509.701231086626649],
              [-7951613.171903845854104, 5331281.559611113741994],
              [-7951733.780753155238926, 5331059.425743856467307],
              [-7951865.849900586530566, 5330843.908482803963125],
              [-7952009.017353784292936, 5330635.598545788787305],
              [-7952162.890700712800026, 5330435.066895867697895],
              [-7952327.048185221850872, 5330242.863176356069744],
              [-7952501.039863058365881, 5330059.514204287901521],
              [-7952684.388835126534104, 5329885.522526451386511],
              [-7952876.592554638162255, 5329721.365041942335665],
              [-7953077.124204559251666, 5329567.491695013828576],
              [-7953285.434141574427485, 5329424.324241816066206],
              [-7953500.951402626931667, 5329292.255094384774566],
              [-7953723.085269884206355, 5329171.646245075389743],
              [-7953951.22688985709101, 5329062.828274358063936],
              [-7954184.750942221842706, 5328966.099444728344679],
              [-7954423.017353784292936, 5328881.724883183836937],
              [-7954665.373052871786058, 5328809.935854532755911],
              [-7954911.15375935845077, 5328750.929127513431013],
              [-7955159.685805412940681, 5328704.866435463540256],
              [-7955410.287981970235705, 5328671.874033018015325],
              [-7955662.273405886255205, 5328652.042350061237812],
              [-7955914.951402626931667, 5328645.425743856467307],
              [-7956167.62939936760813, 5328652.042350061237812],
              [-7956419.614823283627629, 5328671.874033018015325],
              [-7956670.216999840922654, 5328704.866435463540256],
              [-7956918.749045895412564, 5328750.929127513431013],
              [-7957164.529752382077277, 5328809.935854532755911],
              [-7957406.885451469570398, 5328881.724883183836937],
              [-7957645.151863032020628, 5328966.099444728344679],
              [-7957878.675915396772325, 5329062.828274358063936],
              [-7958106.81753536965698, 5329171.646245075389743],
              [-7958328.951402626931667, 5329292.255094384774566],
              [-7958544.468663679435849, 5329424.324241816066206],
              [-7958752.778600694611669, 5329567.491695013828576],
              [-7958953.310250615701079, 5329721.365041942335665],
              [-7959145.51397012732923, 5329885.522526451386511],
              [-7959328.862942195497453, 5330059.514204287901521],
              [-7959502.854620032012463, 5330242.863176356069744],
              [-7959667.012104541063309, 5330435.066895867697895],
              [-7959820.885451469570398, 5330635.598545788787305],
              [-7959964.052904667332768, 5330843.908482803963125],
              [-7960096.122052098624408, 5331059.425743856467307],
              [-7960216.730901408009231, 5331281.559611113741994],
              [-7960325.548872125335038, 5331509.701231086626649],
              [-7960422.277701755054295, 5331743.225283451378345],
              [-7960506.652263299562037, 5331981.491695013828576],
              [-7960578.441291950643063, 5332223.847394101321697],
              [-7960637.448018969967961, 5332469.62810058798641],
              [-7960683.510711019858718, 5332718.16014664247632],
              [-7960716.503113465383649, 5332968.762323199771345],
              [-7960736.334796422161162, 5333220.747747115790844],
              [-7960742.951402626931667, 5333473.425743856467307],
              [-7960736.334796422161162, 5333726.103740597143769],
              [-7960716.503113465383649, 5333978.089164512231946],
              [-7960683.510711019858718, 5334228.691341070458293],
              [-7960637.448018969967961, 5334477.223387124948204],
              [-7960578.441291950643063, 5334723.004093611612916],
              [-7960506.652263299562037, 5334965.359792699106038],
              [-7960422.277701755054295, 5335203.626204261556268],
              [-7960325.548872125335038, 5335437.150256626307964],
              [-7960216.730901408009231, 5335665.291876599192619],
              [-7960096.122052098624408, 5335887.425743856467307],
              [-7959964.052904667332768, 5336102.943004908971488],
              [-7959820.885451469570398, 5336311.252941924147308],
              [-7959667.012104541063309, 5336511.784591845236719],
              [-7959502.854620032012463, 5336703.98831135686487],
              [-7959328.862942195497453, 5336887.337283425033092],
              [-7959145.51397012732923, 5337061.328961261548102],
              [-7958953.310250615701079, 5337225.486445770598948],
              [-7958752.778600694611669, 5337379.359792699106038],
              [-7958544.468663679435849, 5337522.527245896868408],
              [-7958328.951402626931667, 5337654.596393328160048],
              [-7958106.81753536965698, 5337775.20524263754487],
              [-7957878.675915396772325, 5337884.023213354870677],
              [-7957645.151863032020628, 5337980.752042984589934],
              [-7957406.885451469570398, 5338065.126604529097676],
              [-7957164.529752382077277, 5338136.915633180178702],
              [-7956918.749045895412564, 5338195.922360199503601],
              [-7956670.216999840922654, 5338241.985052249394357],
              [-7956419.614823283627629, 5338274.977454694919288],
              [-7956167.62939936760813, 5338294.809137651696801],
              [-7955914.951402626931667, 5338301.425743856467307],
              [-7955662.273405886255205, 5338294.809137651696801],
              [-7955410.287981971167028, 5338274.977454694919288],
              [-7955159.685805412940681, 5338241.985052249394357],
              [-7954911.15375935845077, 5338195.922360199503601],
              [-7954665.373052871786058, 5338136.915633180178702],
              [-7954423.017353784292936, 5338065.126604529097676],
              [-7954184.750942221842706, 5337980.752042984589934],
              [-7953951.22688985709101, 5337884.023213354870677],
              [-7953723.085269884206355, 5337775.20524263754487],
              [-7953500.951402626931667, 5337654.596393328160048],
              [-7953285.434141574427485, 5337522.527245896868408],
              [-7953077.124204559251666, 5337379.359792699106038],
              [-7952876.592554638162255, 5337225.486445770598948],
              [-7952684.388835126534104, 5337061.328961261548102],
              [-7952501.039863058365881, 5336887.337283425033092],
              [-7952327.048185221850872, 5336703.98831135686487],
              [-7952162.890700712800026, 5336511.784591845236719],
              [-7952009.017353784292936, 5336311.252941924147308],
              [-7951865.849900586530566, 5336102.943004908971488],
              [-7951733.780753155238926, 5335887.425743856467307],
              [-7951613.171903845854104, 5335665.291876599192619],
              [-7951504.353933128528297, 5335437.150256626307964],
              [-7951407.62510349880904, 5335203.626204261556268],
              [-7951323.250541954301298, 5334965.359792699106038],
              [-7951251.461513303220272, 5334723.004093611612916],
              [-7951192.454786283895373, 5334477.223387124948204],
              [-7951146.392094234004617, 5334228.691341070458293],
              [-7951113.399691788479686, 5333978.089164513163269],
              [-7951093.568008831702173, 5333726.103740597143769],
              [-7951086.951402626931667, 5333473.425743856467307]
            ]
          ]
        ]
      }
    },
    {
      "type": "Feature",
      "properties": {
        "fclty__": "Miami Fort Power Plant Unit 1 (B015) and Unit 2 (B016)",
        "plnt_nm": "Miami Fort",
        "utlty_n": "Luminant Miami Fort",
        "strt_dd": "11021 Brower Rd.",
        "city": "North Bend",
        "state": "Ohio",
        "zip": 45052,
        "prm_src": "coal"
      },
      "geometry": {
        "type": "MultiPolygon",
        "coordinates": [
          [
            [
              [-9435465.569436455145478, 4737842.108510456979275],
              [-9435472.186042660847306, 4737589.430513716302812],
              [-9435492.017725616693497, 4737337.445089800283313],
              [-9435525.010128062218428, 4737086.842913242988288],
              [-9435571.072820112109184, 4736838.310867188498378],
              [-9435630.079547131434083, 4736592.530160701833665],
              [-9435701.868575781583786, 4736350.174461614340544],
              [-9435786.243137326091528, 4736111.908050051890314],
              [-9435882.971966955810785, 4735878.383997687138617],
              [-9435991.789937673136592, 4735650.242377714253962],
              [-9436112.39878698438406, 4735428.108510456979275],
              [-9436244.467934414744377, 4735212.591249404475093],
              [-9436387.635387612506747, 4735004.281312389299273],
              [-9436541.508734541013837, 4734803.749662468209863],
              [-9436705.666219050064683, 4734611.545942956581712],
              [-9436879.65789688564837, 4734428.196970888413489],
              [-9437063.006868954747915, 4734254.205293051898479],
              [-9437255.210588466376066, 4734090.047808542847633],
              [-9437455.742238387465477, 4733936.174461614340544],
              [-9437664.052175402641296, 4733793.007008416578174],
              [-9437879.569436455145478, 4733660.937860985286534],
              [-9438101.703303713351488, 4733540.329011675901711],
              [-9438329.844923684373498, 4733431.511040958575904],
              [-9438563.36897605098784, 4733334.782211328856647],
              [-9438801.635387612506747, 4733250.407649784348905],
              [-9439043.991086700931191, 4733178.618621133267879],
              [-9439289.771793186664581, 4733119.611894113942981],
              [-9439538.303839240223169, 4733073.549202064052224],
              [-9439788.906015798449516, 4733040.556799618527293],
              [-9440040.891439713537693, 4733020.72511666174978],
              [-9440293.569436455145478, 4733014.108510456979275],
              [-9440546.247433196753263, 4733020.72511666174978],
              [-9440798.23285711184144, 4733040.556799618527293],
              [-9441048.835033670067787, 4733073.549202064052224],
              [-9441297.367079723626375, 4733119.611894113942981],
              [-9441543.147786209359765, 4733178.618621133267879],
              [-9441785.503485297784209, 4733250.407649784348905],
              [-9442023.769896859303117, 4733334.782211328856647],
              [-9442257.293949225917459, 4733431.511040958575904],
              [-9442485.435569196939468, 4733540.329011675901711],
              [-9442707.569436455145478, 4733660.937860985286534],
              [-9442923.08669750764966, 4733793.007008416578174],
              [-9443131.39663452282548, 4733936.174461614340544],
              [-9443331.92828444391489, 4734090.047808542847633],
              [-9443524.132003955543041, 4734254.205293051898479],
              [-9443707.480976024642587, 4734428.196970888413489],
              [-9443881.472653860226274, 4734611.545942956581712],
              [-9444045.63013836927712, 4734803.749662468209863],
              [-9444199.503485297784209, 4735004.281312389299273],
              [-9444342.670938495546579, 4735212.591249404475093],
              [-9444474.740085925906897, 4735428.108510456979275],
              [-9444595.348935237154365, 4735650.242377714253962],
              [-9444704.166905954480171, 4735878.383997687138617],
              [-9444800.895735584199429, 4736111.908050051890314],
              [-9444885.27029712870717, 4736350.174461614340544],
              [-9444957.059325778856874, 4736592.530160701833665],
              [-9445016.066052798181772, 4736838.310867188498378],
              [-9445062.128744848072529, 4737086.842913242988288],
              [-9445095.12114729359746, 4737337.445089800283313],
              [-9445114.95283024944365, 4737589.430513716302812],
              [-9445121.569436455145478, 4737842.108510456979275],
              [-9445114.95283024944365, 4738094.786507197655737],
              [-9445095.12114729359746, 4738346.771931112743914],
              [-9445062.128744848072529, 4738597.374107670970261],
              [-9445016.066052798181772, 4738845.906153725460172],
              [-9444957.059325778856874, 4739091.686860212124884],
              [-9444885.27029712870717, 4739334.042559299618006],
              [-9444800.895735584199429, 4739572.308970862068236],
              [-9444704.166905954480171, 4739805.833023226819932],
              [-9444595.348935237154365, 4740033.974643199704587],
              [-9444474.740085925906897, 4740256.108510456979275],
              [-9444342.670938495546579, 4740471.625771509483457],
              [-9444199.503485297784209, 4740679.935708524659276],
              [-9444045.63013836927712, 4740880.467358445748687],
              [-9443881.472653860226274, 4741072.671077957376838],
              [-9443707.480976024642587, 4741256.020050025545061],
              [-9443524.132003955543041, 4741430.01172786206007],
              [-9443331.92828444391489, 4741594.169212371110916],
              [-9443131.39663452282548, 4741748.042559299618006],
              [-9442923.08669750764966, 4741891.210012497380376],
              [-9442707.569436455145478, 4742023.279159928672016],
              [-9442485.435569196939468, 4742143.888009238056839],
              [-9442257.293949225917459, 4742252.705979955382645],
              [-9442023.769896859303117, 4742349.434809585101902],
              [-9441785.503485297784209, 4742433.809371129609644],
              [-9441543.147786209359765, 4742505.59839978069067],
              [-9441297.367079723626375, 4742564.605126800015569],
              [-9441048.835033670067787, 4742610.667818849906325],
              [-9440798.23285711184144, 4742643.660221295431256],
              [-9440546.247433196753263, 4742663.491904252208769],
              [-9440293.569436455145478, 4742670.108510456979275],
              [-9440040.891439713537693, 4742663.491904252208769],
              [-9439788.906015798449516, 4742643.660221295431256],
              [-9439538.303839240223169, 4742610.667818849906325],
              [-9439289.771793186664581, 4742564.605126800015569],
              [-9439043.991086700931191, 4742505.59839978069067],
              [-9438801.635387612506747, 4742433.809371129609644],
              [-9438563.36897605098784, 4742349.434809585101902],
              [-9438329.844923684373498, 4742252.705979955382645],
              [-9438101.703303713351488, 4742143.888009238056839],
              [-9437879.569436455145478, 4742023.279159928672016],
              [-9437664.052175402641296, 4741891.210012497380376],
              [-9437455.742238387465477, 4741748.042559299618006],
              [-9437255.210588466376066, 4741594.169212371110916],
              [-9437063.006868954747915, 4741430.01172786206007],
              [-9436879.65789688564837, 4741256.020050025545061],
              [-9436705.666219050064683, 4741072.671077957376838],
              [-9436541.508734541013837, 4740880.467358445748687],
              [-9436387.635387612506747, 4740679.935708524659276],
              [-9436244.467934414744377, 4740471.625771509483457],
              [-9436112.39878698438406, 4740256.108510456979275],
              [-9435991.789937673136592, 4740033.974643199704587],
              [-9435882.971966955810785, 4739805.833023226819932],
              [-9435786.243137326091528, 4739572.308970862068236],
              [-9435701.868575781583786, 4739334.042559299618006],
              [-9435630.079547131434083, 4739091.686860212124884],
              [-9435571.072820112109184, 4738845.906153725460172],
              [-9435525.010128062218428, 4738597.374107670970261],
              [-9435492.017725616693497, 4738346.771931113675237],
              [-9435472.186042660847306, 4738094.786507197655737],
              [-9435465.569436455145478, 4737842.108510456979275]
            ]
          ]
        ]
      }
    },
    {
      "type": "Feature",
      "properties": {
        "fclty__": "Miller Steam Electric Generating Facility Unit 1, Unit 2, Unit 3, and Unit 4",
        "plnt_nm": "James H Miller Jr",
        "utlty_n": "Alabama Power Co",
        "strt_dd": "42050 Porter Road",
        "city": "Quinton",
        "state": "Alabama",
        "zip": 35073,
        "prm_src": "coal"
      },
      "geometry": {
        "type": "MultiPolygon",
        "coordinates": [
          [
            [
              [-9686613.472615160048008, 3979481.636632767040282],
              [-9686620.089221365749836, 3979228.958636025898159],
              [-9686639.920904321596026, 3978976.973212110809982],
              [-9686672.913306767120957, 3978726.371035552583635],
              [-9686718.975998817011714, 3978477.838989499025047],
              [-9686777.982725836336613, 3978232.058283011894673],
              [-9686849.771754486486316, 3977989.702583924867213],
              [-9686934.146316030994058, 3977751.436172362416983],
              [-9687030.875145660713315, 3977517.912119997199625],
              [-9687139.693116378039122, 3977289.77050002431497],
              [-9687260.30196568928659, 3977067.636632767040282],
              [-9687392.371113119646907, 3976852.119371714536101],
              [-9687535.538566317409277, 3976643.80943469889462],
              [-9687689.411913245916367, 3976443.27778477827087],
              [-9687853.569397754967213, 3976251.07406526664272],
              [-9688027.5610755905509, 3976067.725093198474497],
              [-9688210.910047659650445, 3975893.733415361959487],
              [-9688403.113767171278596, 3975729.575930852908641],
              [-9688603.645417092368007, 3975575.702583924867213],
              [-9688811.955354107543826, 3975432.535130726639181],
              [-9689027.472615160048008, 3975300.465983295813203],
              [-9689249.606482418254018, 3975179.857133985497057],
              [-9689477.748102389276028, 3975071.039163268636912],
              [-9689711.272154755890369, 3974974.310333638451993],
              [-9689949.538566317409277, 3974889.935772093944252],
              [-9690191.894265405833721, 3974818.146743443328887],
              [-9690437.674971891567111, 3974759.140016424003989],
              [-9690686.207017945125699, 3974713.077324373647571],
              [-9690936.809194503352046, 3974680.084921929053962],
              [-9691188.794618418440223, 3974660.253238971810788],
              [-9691441.472615160048008, 3974653.636632767040282],
              [-9691694.150611901655793, 3974660.253238971810788],
              [-9691946.13603581674397, 3974680.084921929053962],
              [-9692196.738212374970317, 3974713.077324373647571],
              [-9692445.270258428528905, 3974759.140016424003989],
              [-9692691.050964914262295, 3974818.146743443328887],
              [-9692933.406664002686739, 3974889.935772093944252],
              [-9693171.673075564205647, 3974974.310333638451993],
              [-9693405.197127930819988, 3975071.039163268636912],
              [-9693633.338747901841998, 3975179.857133985497057],
              [-9693855.472615160048008, 3975300.465983295813203],
              [-9694070.98987621255219, 3975432.535130726639181],
              [-9694279.299813227728009, 3975575.702583924867213],
              [-9694479.83146314881742, 3975729.575930852908641],
              [-9694672.035182660445571, 3975893.733415361959487],
              [-9694855.384154729545116, 3976067.725093198474497],
              [-9695029.375832565128803, 3976251.07406526664272],
              [-9695193.533317074179649, 3976443.27778477827087],
              [-9695347.406664002686739, 3976643.80943469889462],
              [-9695490.574117200449109, 3976852.119371714536101],
              [-9695622.643264630809426, 3977067.636632767040282],
              [-9695743.252113942056894, 3977289.77050002431497],
              [-9695852.070084659382701, 3977517.912119997199625],
              [-9695948.798914289101958, 3977751.436172362416983],
              [-9696033.1734758336097, 3977989.702583924867213],
              [-9696104.962504483759403, 3978232.058283011894673],
              [-9696163.969231503084302, 3978477.838989499025047],
              [-9696210.031923552975059, 3978726.371035552583635],
              [-9696243.02432599849999, 3978976.973212110809982],
              [-9696262.85600895434618, 3979228.958636025898159],
              [-9696269.472615160048008, 3979481.636632767040282],
              [-9696262.85600895434618, 3979734.314629508182406],
              [-9696243.02432599849999, 3979986.300053423270583],
              [-9696210.031923552975059, 3980236.90222998149693],
              [-9696163.969231503084302, 3980485.434276035055518],
              [-9696104.962504483759403, 3980731.214982522185892],
              [-9696033.1734758336097, 3980973.570681609213352],
              [-9695948.798914289101958, 3981211.837093171663582],
              [-9695852.070084659382701, 3981445.36114553688094],
              [-9695743.252113942056894, 3981673.502765509765595],
              [-9695622.643264630809426, 3981895.636632767040282],
              [-9695490.574117200449109, 3982111.153893819544464],
              [-9695347.406664002686739, 3982319.463830835185945],
              [-9695193.533317074179649, 3982519.995480755809695],
              [-9695029.375832565128803, 3982712.199200267437845],
              [-9694855.384154729545116, 3982895.548172335606068],
              [-9694672.035182660445571, 3983069.539850172121078],
              [-9694479.83146314881742, 3983233.697334681171924],
              [-9694279.299813227728009, 3983387.570681609213352],
              [-9694070.98987621255219, 3983530.738134807441384],
              [-9693855.472615160048008, 3983662.807282238267362],
              [-9693633.338747901841998, 3983783.416131548583508],
              [-9693405.197127930819988, 3983892.234102265443653],
              [-9693171.673075564205647, 3983988.962931895628572],
              [-9692933.406664002686739, 3984073.337493440136313],
              [-9692691.050964914262295, 3984145.126522090751678],
              [-9692445.270258428528905, 3984204.133249110076576],
              [-9692196.738212374970317, 3984250.195941160432994],
              [-9691946.13603581674397, 3984283.188343605026603],
              [-9691694.150611901655793, 3984303.020026562269777],
              [-9691441.472615160048008, 3984309.636632767040282],
              [-9691188.794618418440223, 3984303.020026562269777],
              [-9690936.809194503352046, 3984283.188343605026603],
              [-9690686.207017945125699, 3984250.195941160432994],
              [-9690437.674971891567111, 3984204.133249110076576],
              [-9690191.894265405833721, 3984145.126522090751678],
              [-9689949.538566317409277, 3984073.337493440136313],
              [-9689711.272154755890369, 3983988.962931895628572],
              [-9689477.748102389276028, 3983892.234102265443653],
              [-9689249.606482418254018, 3983783.416131548583508],
              [-9689027.472615160048008, 3983662.807282238267362],
              [-9688811.955354107543826, 3983530.738134807441384],
              [-9688603.645417092368007, 3983387.570681609213352],
              [-9688403.113767171278596, 3983233.697334681171924],
              [-9688210.910047659650445, 3983069.539850172121078],
              [-9688027.5610755905509, 3982895.548172335606068],
              [-9687853.569397754967213, 3982712.199200267437845],
              [-9687689.411913245916367, 3982519.995480755809695],
              [-9687535.538566317409277, 3982319.463830835185945],
              [-9687392.371113119646907, 3982111.153893819544464],
              [-9687260.30196568928659, 3981895.636632767040282],
              [-9687139.693116378039122, 3981673.502765509765595],
              [-9687030.875145660713315, 3981445.36114553688094],
              [-9686934.146316030994058, 3981211.837093171663582],
              [-9686849.771754486486316, 3980973.570681609213352],
              [-9686777.982725836336613, 3980731.214982522185892],
              [-9686718.975998817011714, 3980485.434276035055518],
              [-9686672.913306767120957, 3980236.90222998149693],
              [-9686639.920904321596026, 3979986.300053423270583],
              [-9686620.089221365749836, 3979734.314629508182406],
              [-9686613.472615160048008, 3979481.636632767040282]
            ]
          ]
        ]
      }
    },
    {
      "type": "Feature",
      "properties": {
        "fclty__": "Milton R. Young Station Unit 1 and Unit 2",
        "plnt_nm": "Milton R Young",
        "utlty_n": "Minnkota Power Coop, Inc",
        "strt_dd": "3401 24th Street S.W.",
        "city": "Center",
        "state": "North Dakota",
        "zip": 58530,
        "prm_src": "coal"
      },
      "geometry": {
        "type": "MultiPolygon",
        "coordinates": [
          [
            [
              [-11262161.974372241646051, 5952829.753542486578226],
              [-11262168.590978447347879, 5952577.075545745901763],
              [-11262188.42266140319407, 5952325.090121829882264],
              [-11262221.415063848719001, 5952074.48794527258724],
              [-11262267.477755898609757, 5951825.955899218097329],
              [-11262326.484482917934656, 5951580.175192731432617],
              [-11262398.273511568084359, 5951337.819493643939495],
              [-11262482.648073112592101, 5951099.553082081489265],
              [-11262579.376902742311358, 5950866.029029716737568],
              [-11262688.194873459637165, 5950637.887409743852913],
              [-11262808.803722770884633, 5950415.753542486578226],
              [-11262940.87287020124495, 5950200.236281434074044],
              [-11263084.04032339900732, 5949991.926344418898225],
              [-11263237.91367032751441, 5949791.394694497808814],
              [-11263402.071154836565256, 5949599.190974986180663],
              [-11263576.062832672148943, 5949415.84200291801244],
              [-11263759.411804741248488, 5949241.850325081497431],
              [-11263951.615524252876639, 5949077.692840572446585],
              [-11264152.14717417396605, 5948923.819493643939495],
              [-11264360.45711118914187, 5948780.652040446177125],
              [-11264575.974372241646051, 5948648.582893014885485],
              [-11264798.108239499852061, 5948527.974043705500662],
              [-11265026.249859470874071, 5948419.156072988174856],
              [-11265259.773911837488413, 5948322.427243358455598],
              [-11265498.04032339900732, 5948238.052681813947856],
              [-11265740.396022487431765, 5948166.263653162866831],
              [-11265986.176728973165154, 5948107.256926143541932],
              [-11266234.708775026723742, 5948061.194234093651175],
              [-11266485.310951584950089, 5948028.201831648126245],
              [-11266737.296375500038266, 5948008.370148691348732],
              [-11266989.974372241646051, 5948001.753542486578226],
              [-11267242.652368983253837, 5948008.370148691348732],
              [-11267494.637792898342013, 5948028.201831648126245],
              [-11267745.23996945656836, 5948061.194234093651175],
              [-11267993.772015510126948, 5948107.256926143541932],
              [-11268239.552721995860338, 5948166.263653162866831],
              [-11268481.908421084284782, 5948238.052681813947856],
              [-11268720.17483264580369, 5948322.427243358455598],
              [-11268953.698885012418032, 5948419.156072988174856],
              [-11269181.840504983440042, 5948527.974043705500662],
              [-11269403.974372241646051, 5948648.582893014885485],
              [-11269619.491633294150233, 5948780.652040446177125],
              [-11269827.801570309326053, 5948923.819493643939495],
              [-11270028.333220230415463, 5949077.692840572446585],
              [-11270220.536939742043614, 5949241.850325081497431],
              [-11270403.88591181114316, 5949415.84200291801244],
              [-11270577.877589646726847, 5949599.190974986180663],
              [-11270742.035074155777693, 5949791.394694497808814],
              [-11270895.908421084284782, 5949991.926344418898225],
              [-11271039.075874282047153, 5950200.236281434074044],
              [-11271171.14502171240747, 5950415.753542486578226],
              [-11271291.753871023654938, 5950637.887409743852913],
              [-11271400.571841740980744, 5950866.029029716737568],
              [-11271497.300671370700002, 5951099.553082081489265],
              [-11271581.675232915207744, 5951337.819493643939495],
              [-11271653.464261565357447, 5951580.175192731432617],
              [-11271712.470988584682345, 5951825.955899218097329],
              [-11271758.533680634573102, 5952074.48794527258724],
              [-11271791.526083080098033, 5952325.090121829882264],
              [-11271811.357766035944223, 5952577.075545745901763],
              [-11271817.974372241646051, 5952829.753542486578226],
              [-11271811.357766035944223, 5953082.431539227254689],
              [-11271791.526083080098033, 5953334.416963142342865],
              [-11271758.533680634573102, 5953585.019139700569212],
              [-11271712.470988584682345, 5953833.551185755059123],
              [-11271653.464261565357447, 5954079.331892241723835],
              [-11271581.675232915207744, 5954321.687591329216957],
              [-11271497.300671370700002, 5954559.954002891667187],
              [-11271400.571841740980744, 5954793.478055256418884],
              [-11271291.753871023654938, 5955021.619675229303539],
              [-11271171.14502171240747, 5955243.753542486578226],
              [-11271039.075874282047153, 5955459.270803539082408],
              [-11270895.908421084284782, 5955667.580740554258227],
              [-11270742.035074155777693, 5955868.112390475347638],
              [-11270577.877589646726847, 5956060.316109986975789],
              [-11270403.88591181114316, 5956243.665082055144012],
              [-11270220.536939742043614, 5956417.656759891659021],
              [-11270028.333220230415463, 5956581.814244400709867],
              [-11269827.801570309326053, 5956735.687591329216957],
              [-11269619.491633294150233, 5956878.855044526979327],
              [-11269403.974372241646051, 5957010.924191958270967],
              [-11269181.840504983440042, 5957131.53304126765579],
              [-11268953.698885012418032, 5957240.351011984981596],
              [-11268720.17483264580369, 5957337.079841614700854],
              [-11268481.908421084284782, 5957421.454403159208596],
              [-11268239.552721995860338, 5957493.243431810289621],
              [-11267993.772015510126948, 5957552.25015882961452],
              [-11267745.23996945656836, 5957598.312850879505277],
              [-11267494.637792898342013, 5957631.305253325030208],
              [-11267242.652368983253837, 5957651.136936281807721],
              [-11266989.974372241646051, 5957657.753542486578226],
              [-11266737.296375500038266, 5957651.136936281807721],
              [-11266485.310951584950089, 5957631.305253325030208],
              [-11266234.708775026723742, 5957598.312850879505277],
              [-11265986.176728973165154, 5957552.25015882961452],
              [-11265740.396022487431765, 5957493.243431810289621],
              [-11265498.04032339900732, 5957421.454403159208596],
              [-11265259.773911837488413, 5957337.079841614700854],
              [-11265026.249859470874071, 5957240.351011984981596],
              [-11264798.108239499852061, 5957131.53304126765579],
              [-11264575.974372241646051, 5957010.924191958270967],
              [-11264360.45711118914187, 5956878.855044526979327],
              [-11264152.14717417396605, 5956735.687591329216957],
              [-11263951.615524252876639, 5956581.814244400709867],
              [-11263759.411804741248488, 5956417.656759891659021],
              [-11263576.062832672148943, 5956243.665082055144012],
              [-11263402.071154836565256, 5956060.316109986975789],
              [-11263237.91367032751441, 5955868.112390475347638],
              [-11263084.04032339900732, 5955667.580740554258227],
              [-11262940.87287020124495, 5955459.270803539082408],
              [-11262808.803722770884633, 5955243.753542486578226],
              [-11262688.194873459637165, 5955021.619675229303539],
              [-11262579.376902742311358, 5954793.478055256418884],
              [-11262482.648073112592101, 5954559.954002891667187],
              [-11262398.273511568084359, 5954321.687591329216957],
              [-11262326.484482917934656, 5954079.331892241723835],
              [-11262267.477755898609757, 5953833.551185755059123],
              [-11262221.415063848719001, 5953585.019139700569212],
              [-11262188.42266140319407, 5953334.416963143274188],
              [-11262168.590978447347879, 5953082.431539227254689],
              [-11262161.974372241646051, 5952829.753542486578226]
            ]
          ]
        ]
      }
    },
    {
      "type": "Feature",
      "properties": {
        "fclty__": "Mount Carmel Cogen Power Plant",
        "plnt_nm": "Foster Wheeler Mt Carmel Cogen",
        "utlty_n": "Mount Carmel Cogen Inc",
        "strt_dd": "Marion Heights Road & Rt 54",
        "city": "Marion Heights",
        "state": "Pennsylvania",
        "zip": 17832,
        "prm_src": "coal"
      },
      "geometry": {
        "type": "MultiPolygon",
        "coordinates": [
          [
            [
              [-8505875.574963096529245, 4984531.84750438015908],
              [-8505882.191569302231073, 4984279.169507639482617],
              [-8505902.023252258077264, 4984027.184083723463118],
              [-8505935.015654703602195, 4983776.581907166168094],
              [-8505981.078346753492951, 4983528.049861111678183],
              [-8506040.08507377281785, 4983282.269154625013471],
              [-8506111.874102422967553, 4983039.913455537520349],
              [-8506196.248663967475295, 4982801.647043975070119],
              [-8506292.977493597194552, 4982568.122991610318422],
              [-8506401.795464314520359, 4982339.981371637433767],
              [-8506522.404313625767827, 4982117.84750438015908],
              [-8506654.473461056128144, 4981902.330243327654898],
              [-8506797.640914253890514, 4981694.020306312479079],
              [-8506951.514261182397604, 4981493.488656391389668],
              [-8507115.67174569144845, 4981301.284936879761517],
              [-8507289.663423527032137, 4981117.935964811593294],
              [-8507473.012395596131682, 4980943.944286975078285],
              [-8507665.216115107759833, 4980779.786802466027439],
              [-8507865.747765028849244, 4980625.913455537520349],
              [-8508074.057702044025064, 4980482.746002339757979],
              [-8508289.574963096529245, 4980350.676854908466339],
              [-8508511.708830354735255, 4980230.068005599081516],
              [-8508739.850450325757265, 4980121.25003488175571],
              [-8508973.374502692371607, 4980024.521205252036452],
              [-8509211.640914253890514, 4979940.14664370752871],
              [-8509453.996613342314959, 4979868.357615056447685],
              [-8509699.777319828048348, 4979809.350888037122786],
              [-8509948.309365881606936, 4979763.288195987232029],
              [-8510198.911542439833283, 4979730.295793541707098],
              [-8510450.89696635492146, 4979710.464110584929585],
              [-8510703.574963096529245, 4979703.84750438015908],
              [-8510956.252959838137031, 4979710.464110584929585],
              [-8511208.238383753225207, 4979730.295793541707098],
              [-8511458.840560311451554, 4979763.288195987232029],
              [-8511707.372606365010142, 4979809.350888037122786],
              [-8511953.153312850743532, 4979868.357615056447685],
              [-8512195.509011939167976, 4979940.14664370752871],
              [-8512433.775423500686884, 4980024.521205252036452],
              [-8512667.299475867301226, 4980121.25003488175571],
              [-8512895.441095838323236, 4980230.068005599081516],
              [-8513117.574963096529245, 4980350.676854908466339],
              [-8513333.092224149033427, 4980482.746002339757979],
              [-8513541.402161164209247, 4980625.913455537520349],
              [-8513741.933811085298657, 4980779.786802466027439],
              [-8513934.137530596926808, 4980943.944286975078285],
              [-8514117.486502666026354, 4981117.935964811593294],
              [-8514291.478180501610041, 4981301.284936879761517],
              [-8514455.635665010660887, 4981493.488656391389668],
              [-8514609.509011939167976, 4981694.020306312479079],
              [-8514752.676465136930346, 4981902.330243327654898],
              [-8514884.745612567290664, 4982117.84750438015908],
              [-8515005.354461878538132, 4982339.981371637433767],
              [-8515114.172432595863938, 4982568.122991610318422],
              [-8515210.901262225583196, 4982801.647043975070119],
              [-8515295.275823770090938, 4983039.913455537520349],
              [-8515367.064852420240641, 4983282.269154625013471],
              [-8515426.071579439565539, 4983528.049861111678183],
              [-8515472.134271489456296, 4983776.581907166168094],
              [-8515505.126673934981227, 4984027.184083723463118],
              [-8515524.958356890827417, 4984279.169507639482617],
              [-8515531.574963096529245, 4984531.84750438015908],
              [-8515524.958356890827417, 4984784.525501120835543],
              [-8515505.126673934981227, 4985036.510925035923719],
              [-8515472.134271489456296, 4985287.113101594150066],
              [-8515426.071579439565539, 4985535.645147648639977],
              [-8515367.064852420240641, 4985781.425854135304689],
              [-8515295.275823770090938, 4986023.781553222797811],
              [-8515210.901262225583196, 4986262.047964785248041],
              [-8515114.172432595863938, 4986495.572017149999738],
              [-8515005.354461878538132, 4986723.713637122884393],
              [-8514884.745612567290664, 4986945.84750438015908],
              [-8514752.676465136930346, 4987161.364765432663262],
              [-8514609.509011939167976, 4987369.674702447839081],
              [-8514455.635665010660887, 4987570.206352368928492],
              [-8514291.478180501610041, 4987762.410071880556643],
              [-8514117.486502666026354, 4987945.759043948724866],
              [-8513934.137530596926808, 4988119.750721785239875],
              [-8513741.933811085298657, 4988283.908206294290721],
              [-8513541.402161164209247, 4988437.781553222797811],
              [-8513333.092224149033427, 4988580.949006420560181],
              [-8513117.574963096529245, 4988713.018153851851821],
              [-8512895.441095838323236, 4988833.627003161236644],
              [-8512667.299475867301226, 4988942.44497387856245],
              [-8512433.775423500686884, 4989039.173803508281708],
              [-8512195.509011939167976, 4989123.54836505278945],
              [-8511953.153312850743532, 4989195.337393703870475],
              [-8511707.372606365010142, 4989254.344120723195374],
              [-8511458.840560311451554, 4989300.406812773086131],
              [-8511208.238383753225207, 4989333.399215218611062],
              [-8510956.252959838137031, 4989353.230898175388575],
              [-8510703.574963096529245, 4989359.84750438015908],
              [-8510450.89696635492146, 4989353.230898175388575],
              [-8510198.911542439833283, 4989333.399215218611062],
              [-8509948.309365881606936, 4989300.406812773086131],
              [-8509699.777319828048348, 4989254.344120723195374],
              [-8509453.996613342314959, 4989195.337393703870475],
              [-8509211.640914253890514, 4989123.54836505278945],
              [-8508973.374502692371607, 4989039.173803508281708],
              [-8508739.850450325757265, 4988942.44497387856245],
              [-8508511.708830354735255, 4988833.627003161236644],
              [-8508289.574963096529245, 4988713.018153851851821],
              [-8508074.057702044025064, 4988580.949006420560181],
              [-8507865.747765028849244, 4988437.781553222797811],
              [-8507665.216115107759833, 4988283.908206294290721],
              [-8507473.012395596131682, 4988119.750721785239875],
              [-8507289.663423527032137, 4987945.759043948724866],
              [-8507115.67174569144845, 4987762.410071880556643],
              [-8506951.514261182397604, 4987570.206352368928492],
              [-8506797.640914253890514, 4987369.674702447839081],
              [-8506654.473461056128144, 4987161.364765432663262],
              [-8506522.404313625767827, 4986945.84750438015908],
              [-8506401.795464314520359, 4986723.713637122884393],
              [-8506292.977493597194552, 4986495.572017149999738],
              [-8506196.248663967475295, 4986262.047964785248041],
              [-8506111.874102422967553, 4986023.781553222797811],
              [-8506040.08507377281785, 4985781.425854135304689],
              [-8505981.078346753492951, 4985535.645147648639977],
              [-8505935.015654703602195, 4985287.113101594150066],
              [-8505902.023252258077264, 4985036.510925036855042],
              [-8505882.191569302231073, 4984784.525501120835543],
              [-8505875.574963096529245, 4984531.84750438015908]
            ]
          ]
        ]
      }
    },
    {
      "type": "Feature",
      "properties": {
        "fclty__": "Mount Storm Power Station",
        "plnt_nm": "Mt Storm",
        "utlty_n": "Virginia Electric & Power Co",
        "strt_dd": "HC 76, Box 430",
        "city": "Mount Storm",
        "state": "West Virginia",
        "zip": 26739,
        "prm_src": "coal"
      },
      "geometry": {
        "type": "MultiPolygon",
        "coordinates": [
          [
            [
              [-8818755.590441718697548, 4750475.400444380007684],
              [-8818762.207047924399376, 4750222.722447639331222],
              [-8818782.038730880245566, 4749970.737023723311722],
              [-8818815.031133325770497, 4749720.134847166016698],
              [-8818861.093825375661254, 4749471.602801111526787],
              [-8818920.100552394986153, 4749225.822094624862075],
              [-8818991.889581045135856, 4748983.466395537368953],
              [-8819076.264142589643598, 4748745.199983974918723],
              [-8819172.992972219362855, 4748511.675931610167027],
              [-8819281.810942936688662, 4748283.534311637282372],
              [-8819402.41979224793613, 4748061.400444380007684],
              [-8819534.488939678296447, 4747845.883183327503502],
              [-8819677.656392876058817, 4747637.573246312327683],
              [-8819831.529739804565907, 4747437.041596391238272],
              [-8819995.687224313616753, 4747244.837876879610121],
              [-8820169.678902149200439, 4747061.488904811441898],
              [-8820353.027874218299985, 4746887.497226974926889],
              [-8820545.231593729928136, 4746723.339742465876043],
              [-8820745.763243651017547, 4746569.466395537368953],
              [-8820954.073180666193366, 4746426.298942339606583],
              [-8821169.590441718697548, 4746294.229794908314943],
              [-8821391.724308976903558, 4746173.62094559893012],
              [-8821619.865928947925568, 4746064.802974881604314],
              [-8821853.389981314539909, 4745968.074145251885056],
              [-8822091.656392876058817, 4745883.699583707377315],
              [-8822334.012091964483261, 4745811.910555056296289],
              [-8822579.792798450216651, 4745752.90382803697139],
              [-8822828.324844503775239, 4745706.841135987080634],
              [-8823078.927021062001586, 4745673.848733541555703],
              [-8823330.912444977089763, 4745654.01705058477819],
              [-8823583.590441718697548, 4745647.400444380007684],
              [-8823836.268438460305333, 4745654.01705058477819],
              [-8824088.25386237539351, 4745673.848733541555703],
              [-8824338.856038933619857, 4745706.841135987080634],
              [-8824587.388084987178445, 4745752.90382803697139],
              [-8824833.168791472911835, 4745811.910555056296289],
              [-8825075.524490561336279, 4745883.699583707377315],
              [-8825313.790902122855186, 4745968.074145251885056],
              [-8825547.314954489469528, 4746064.802974881604314],
              [-8825775.456574460491538, 4746173.62094559893012],
              [-8825997.590441718697548, 4746294.229794908314943],
              [-8826213.10770277120173, 4746426.298942339606583],
              [-8826421.417639786377549, 4746569.466395537368953],
              [-8826621.94928970746696, 4746723.339742465876043],
              [-8826814.153009219095111, 4746887.497226974926889],
              [-8826997.501981288194656, 4747061.488904811441898],
              [-8827171.493659123778343, 4747244.837876879610121],
              [-8827335.651143632829189, 4747437.041596391238272],
              [-8827489.524490561336279, 4747637.573246312327683],
              [-8827632.691943759098649, 4747845.883183327503502],
              [-8827764.761091189458966, 4748061.400444380007684],
              [-8827885.369940500706434, 4748283.534311637282372],
              [-8827994.187911218032241, 4748511.675931610167027],
              [-8828090.916740847751498, 4748745.199983974918723],
              [-8828175.29130239225924, 4748983.466395537368953],
              [-8828247.080331042408943, 4749225.822094624862075],
              [-8828306.087058061733842, 4749471.602801111526787],
              [-8828352.149750111624599, 4749720.134847166016698],
              [-8828385.142152557149529, 4749970.737023723311722],
              [-8828404.97383551299572, 4750222.722447639331222],
              [-8828411.590441718697548, 4750475.400444380007684],
              [-8828404.97383551299572, 4750728.078441120684147],
              [-8828385.142152557149529, 4750980.063865035772324],
              [-8828352.149750111624599, 4751230.666041593998671],
              [-8828306.087058061733842, 4751479.198087648488581],
              [-8828247.080331042408943, 4751724.978794135153294],
              [-8828175.29130239225924, 4751967.334493222646415],
              [-8828090.916740847751498, 4752205.600904785096645],
              [-8827994.187911218032241, 4752439.124957149848342],
              [-8827885.369940500706434, 4752667.266577122732997],
              [-8827764.761091189458966, 4752889.400444380007684],
              [-8827632.691943759098649, 4753104.917705432511866],
              [-8827489.524490561336279, 4753313.227642447687685],
              [-8827335.651143632829189, 4753513.759292368777096],
              [-8827171.493659123778343, 4753705.963011880405247],
              [-8826997.501981288194656, 4753889.31198394857347],
              [-8826814.153009219095111, 4754063.30366178508848],
              [-8826621.94928970746696, 4754227.461146294139326],
              [-8826421.417639786377549, 4754381.334493222646415],
              [-8826213.10770277120173, 4754524.501946420408785],
              [-8825997.590441718697548, 4754656.571093851700425],
              [-8825775.456574460491538, 4754777.179943161085248],
              [-8825547.314954489469528, 4754885.997913878411055],
              [-8825313.790902122855186, 4754982.726743508130312],
              [-8825075.524490561336279, 4755067.101305052638054],
              [-8824833.168791472911835, 4755138.890333703719079],
              [-8824587.388084987178445, 4755197.897060723043978],
              [-8824338.856038933619857, 4755243.959752772934735],
              [-8824088.25386237539351, 4755276.952155218459666],
              [-8823836.268438460305333, 4755296.783838175237179],
              [-8823583.590441718697548, 4755303.400444380007684],
              [-8823330.912444977089763, 4755296.783838175237179],
              [-8823078.927021062001586, 4755276.952155218459666],
              [-8822828.324844503775239, 4755243.959752772934735],
              [-8822579.792798450216651, 4755197.897060723043978],
              [-8822334.012091964483261, 4755138.890333703719079],
              [-8822091.656392876058817, 4755067.101305052638054],
              [-8821853.389981314539909, 4754982.726743508130312],
              [-8821619.865928947925568, 4754885.997913878411055],
              [-8821391.724308976903558, 4754777.179943161085248],
              [-8821169.590441718697548, 4754656.571093851700425],
              [-8820954.073180666193366, 4754524.501946420408785],
              [-8820745.763243651017547, 4754381.334493222646415],
              [-8820545.231593729928136, 4754227.461146294139326],
              [-8820353.027874218299985, 4754063.30366178508848],
              [-8820169.678902149200439, 4753889.31198394857347],
              [-8819995.687224313616753, 4753705.963011880405247],
              [-8819831.529739804565907, 4753513.759292368777096],
              [-8819677.656392876058817, 4753313.227642447687685],
              [-8819534.488939678296447, 4753104.917705432511866],
              [-8819402.41979224793613, 4752889.400444380007684],
              [-8819281.810942936688662, 4752667.266577122732997],
              [-8819172.992972219362855, 4752439.124957149848342],
              [-8819076.264142589643598, 4752205.600904785096645],
              [-8818991.889581045135856, 4751967.334493222646415],
              [-8818920.100552394986153, 4751724.978794135153294],
              [-8818861.093825375661254, 4751479.198087648488581],
              [-8818815.031133325770497, 4751230.666041593998671],
              [-8818782.038730880245566, 4750980.063865036703646],
              [-8818762.207047924399376, 4750728.078441120684147],
              [-8818755.590441718697548, 4750475.400444380007684]
            ]
          ]
        ]
      }
    },
    {
      "type": "Feature",
      "properties": {
        "fclty__": "Muskogee Unit 6",
        "plnt_nm": "Muskogee",
        "utlty_n": "Oklahoma Gas & Electric Co",
        "strt_dd": "5501 Three Forks Road",
        "city": "Fort Gibson",
        "state": "Oklahoma",
        "zip": 74434,
        "prm_src": "natural gas"
      },
      "geometry": {
        "type": "MultiPolygon",
        "coordinates": [
          [
            [
              [-10602507.941455710679293, 4267832.992708811536431],
              [-10602514.558061916381121, 4267580.314712070859969],
              [-10602534.389744872227311, 4267328.329288154840469],
              [-10602567.382147317752242, 4267077.727111597545445],
              [-10602613.444839367642999, 4266829.195065543055534],
              [-10602672.451566386967897, 4266583.414359056390822],
              [-10602744.2405950371176, 4266341.0586599688977],
              [-10602828.615156581625342, 4266102.79224840644747],
              [-10602925.3439862113446, 4265869.268196041695774],
              [-10603034.161956928670406, 4265641.126576068811119],
              [-10603154.770806239917874, 4265418.992708811536431],
              [-10603286.839953670278192, 4265203.475447759032249],
              [-10603430.007406868040562, 4264995.16551074385643],
              [-10603583.880753796547651, 4264794.633860822767019],
              [-10603748.038238305598497, 4264602.430141311138868],
              [-10603922.029916141182184, 4264419.081169242970645],
              [-10604105.37888821028173, 4264245.089491406455636],
              [-10604297.582607721909881, 4264080.93200689740479],
              [-10604498.114257642999291, 4263927.0586599688977],
              [-10604706.424194658175111, 4263783.89120677113533],
              [-10604921.941455710679293, 4263651.82205933984369],
              [-10605144.075322968885303, 4263531.213210030458868],
              [-10605372.216942939907312, 4263422.395239313133061],
              [-10605605.740995306521654, 4263325.666409683413804],
              [-10605844.007406868040562, 4263241.291848138906062],
              [-10606086.363105956465006, 4263169.502819487825036],
              [-10606332.143812442198396, 4263110.496092468500137],
              [-10606580.675858495756984, 4263064.433400418609381],
              [-10606831.278035053983331, 4263031.44099797308445],
              [-10607083.263458969071507, 4263011.609315016306937],
              [-10607335.941455710679293, 4263004.992708811536431],
              [-10607588.619452452287078, 4263011.609315016306937],
              [-10607840.604876367375255, 4263031.44099797308445],
              [-10608091.207052925601602, 4263064.433400418609381],
              [-10608339.73909897916019, 4263110.496092468500137],
              [-10608585.519805464893579, 4263169.502819487825036],
              [-10608827.875504553318024, 4263241.291848138906062],
              [-10609066.141916114836931, 4263325.666409683413804],
              [-10609299.665968481451273, 4263422.395239313133061],
              [-10609527.807588452473283, 4263531.213210030458868],
              [-10609749.941455710679293, 4263651.82205933984369],
              [-10609965.458716763183475, 4263783.89120677113533],
              [-10610173.768653778359294, 4263927.0586599688977],
              [-10610374.300303699448705, 4264080.93200689740479],
              [-10610566.504023211076856, 4264245.089491406455636],
              [-10610749.852995280176401, 4264419.081169242970645],
              [-10610923.844673115760088, 4264602.430141311138868],
              [-10611088.002157624810934, 4264794.633860822767019],
              [-10611241.875504553318024, 4264995.16551074385643],
              [-10611385.042957751080394, 4265203.475447759032249],
              [-10611517.112105181440711, 4265418.992708811536431],
              [-10611637.720954492688179, 4265641.126576068811119],
              [-10611746.538925210013986, 4265869.268196041695774],
              [-10611843.267754839733243, 4266102.79224840644747],
              [-10611927.642316384240985, 4266341.0586599688977],
              [-10611999.431345034390688, 4266583.414359056390822],
              [-10612058.438072053715587, 4266829.195065543055534],
              [-10612104.500764103606343, 4267077.727111597545445],
              [-10612137.493166549131274, 4267328.329288154840469],
              [-10612157.324849504977465, 4267580.314712070859969],
              [-10612163.941455710679293, 4267832.992708811536431],
              [-10612157.324849504977465, 4268085.670705552212894],
              [-10612137.493166549131274, 4268337.656129467301071],
              [-10612104.500764103606343, 4268588.258306025527418],
              [-10612058.438072053715587, 4268836.790352080017328],
              [-10611999.431345034390688, 4269082.571058566682041],
              [-10611927.642316384240985, 4269324.926757654175162],
              [-10611843.267754839733243, 4269563.193169216625392],
              [-10611746.538925210013986, 4269796.717221581377089],
              [-10611637.720954492688179, 4270024.858841554261744],
              [-10611517.112105181440711, 4270246.992708811536431],
              [-10611385.042957751080394, 4270462.509969864040613],
              [-10611241.875504553318024, 4270670.819906879216433],
              [-10611088.002157624810934, 4270871.351556800305843],
              [-10610923.844673115760088, 4271063.555276311933994],
              [-10610749.852995280176401, 4271246.904248380102217],
              [-10610566.504023211076856, 4271420.895926216617227],
              [-10610374.300303699448705, 4271585.053410725668073],
              [-10610173.768653778359294, 4271738.926757654175162],
              [-10609965.458716763183475, 4271882.094210851937532],
              [-10609749.941455710679293, 4272014.163358283229172],
              [-10609527.807588452473283, 4272134.772207592613995],
              [-10609299.665968481451273, 4272243.590178309939802],
              [-10609066.141916114836931, 4272340.319007939659059],
              [-10608827.875504553318024, 4272424.693569484166801],
              [-10608585.519805464893579, 4272496.482598135247827],
              [-10608339.73909897916019, 4272555.489325154572725],
              [-10608091.207052925601602, 4272601.552017204463482],
              [-10607840.604876367375255, 4272634.544419649988413],
              [-10607588.619452452287078, 4272654.376102606765926],
              [-10607335.941455710679293, 4272660.992708811536431],
              [-10607083.263458969071507, 4272654.376102606765926],
              [-10606831.278035053983331, 4272634.544419649988413],
              [-10606580.675858495756984, 4272601.552017204463482],
              [-10606332.143812442198396, 4272555.489325154572725],
              [-10606086.363105956465006, 4272496.482598135247827],
              [-10605844.007406868040562, 4272424.693569484166801],
              [-10605605.740995306521654, 4272340.319007939659059],
              [-10605372.216942939907312, 4272243.590178309939802],
              [-10605144.075322968885303, 4272134.772207592613995],
              [-10604921.941455710679293, 4272014.163358283229172],
              [-10604706.424194658175111, 4271882.094210851937532],
              [-10604498.114257642999291, 4271738.926757654175162],
              [-10604297.582607721909881, 4271585.053410725668073],
              [-10604105.37888821028173, 4271420.895926216617227],
              [-10603922.029916141182184, 4271246.904248380102217],
              [-10603748.038238305598497, 4271063.555276311933994],
              [-10603583.880753796547651, 4270871.351556800305843],
              [-10603430.007406868040562, 4270670.819906879216433],
              [-10603286.839953670278192, 4270462.509969864040613],
              [-10603154.770806239917874, 4270246.992708811536431],
              [-10603034.161956928670406, 4270024.858841554261744],
              [-10602925.3439862113446, 4269796.717221581377089],
              [-10602828.615156581625342, 4269563.193169216625392],
              [-10602744.2405950371176, 4269324.926757654175162],
              [-10602672.451566386967897, 4269082.571058566682041],
              [-10602613.444839367642999, 4268836.790352080017328],
              [-10602567.382147317752242, 4268588.258306025527418],
              [-10602534.389744872227311, 4268337.656129468232393],
              [-10602514.558061916381121, 4268085.670705552212894],
              [-10602507.941455710679293, 4267832.992708811536431]
            ]
          ]
        ]
      }
    },
    {
      "type": "Feature",
      "properties": {
        "fclty__": "New Madrid Power Plant Unit 1 and Unit 2 Coal Fired Cyclone Boilers",
        "plnt_nm": "New Madrid",
        "utlty_n": "Associated Electric Coop, Inc",
        "strt_dd": "41 St. Jude Industrial Park",
        "city": "New Madrid",
        "state": "Missouri",
        "zip": 63869,
        "prm_src": "coal"
      },
      "geometry": {
        "type": "MultiPolygon",
        "coordinates": [
          [
            [
              [-9965134.838579930365086, 4371676.385399284772575],
              [-9965141.455186136066914, 4371423.707402544096112],
              [-9965161.286869091913104, 4371171.721978628076613],
              [-9965194.279271537438035, 4370921.119802070781589],
              [-9965240.341963587328792, 4370672.587756016291678],
              [-9965299.34869060665369, 4370426.807049529626966],
              [-9965371.137719256803393, 4370184.451350442133844],
              [-9965455.512280801311135, 4369946.184938879683614],
              [-9965552.241110431030393, 4369712.660886514931917],
              [-9965661.059081148356199, 4369484.519266542047262],
              [-9965781.667930459603667, 4369262.385399284772575],
              [-9965913.737077889963984, 4369046.868138232268393],
              [-9966056.904531087726355, 4368838.558201217092574],
              [-9966210.777878016233444, 4368638.026551296003163],
              [-9966374.93536252528429, 4368445.822831784375012],
              [-9966548.927040360867977, 4368262.473859716206789],
              [-9966732.276012429967523, 4368088.48218187969178],
              [-9966924.479731941595674, 4367924.324697370640934],
              [-9967125.011381862685084, 4367770.451350442133844],
              [-9967333.321318877860904, 4367627.283897244371474],
              [-9967548.838579930365086, 4367495.214749813079834],
              [-9967770.972447188571095, 4367374.605900503695011],
              [-9967999.114067159593105, 4367265.787929786369205],
              [-9968232.638119526207447, 4367169.059100156649947],
              [-9968470.904531087726355, 4367084.684538612142205],
              [-9968713.260230176150799, 4367012.89550996106118],
              [-9968959.040936661884189, 4366953.888782941736281],
              [-9969207.572982715442777, 4366907.826090891845524],
              [-9969458.175159273669124, 4366874.833688446320593],
              [-9969710.1605831887573, 4366855.00200548954308],
              [-9969962.838579930365086, 4366848.385399284772575],
              [-9970215.516576671972871, 4366855.00200548954308],
              [-9970467.502000587061048, 4366874.833688446320593],
              [-9970718.104177145287395, 4366907.826090891845524],
              [-9970966.636223198845983, 4366953.888782941736281],
              [-9971212.416929684579372, 4367012.89550996106118],
              [-9971454.772628773003817, 4367084.684538612142205],
              [-9971693.039040334522724, 4367169.059100156649947],
              [-9971926.563092701137066, 4367265.787929786369205],
              [-9972154.704712672159076, 4367374.605900503695011],
              [-9972376.838579930365086, 4367495.214749813079834],
              [-9972592.355840982869267, 4367627.283897244371474],
              [-9972800.665777998045087, 4367770.451350442133844],
              [-9973001.197427919134498, 4367924.324697370640934],
              [-9973193.401147430762649, 4368088.48218187969178],
              [-9973376.750119499862194, 4368262.473859716206789],
              [-9973550.741797335445881, 4368445.822831784375012],
              [-9973714.899281844496727, 4368638.026551296003163],
              [-9973868.772628773003817, 4368838.558201217092574],
              [-9974011.940081970766187, 4369046.868138232268393],
              [-9974144.009229401126504, 4369262.385399284772575],
              [-9974264.618078712373972, 4369484.519266542047262],
              [-9974373.436049429699779, 4369712.660886514931917],
              [-9974470.164879059419036, 4369946.184938879683614],
              [-9974554.539440603926778, 4370184.451350442133844],
              [-9974626.328469254076481, 4370426.807049529626966],
              [-9974685.33519627340138, 4370672.587756016291678],
              [-9974731.397888323292136, 4370921.119802070781589],
              [-9974764.390290768817067, 4371171.721978628076613],
              [-9974784.221973724663258, 4371423.707402544096112],
              [-9974790.838579930365086, 4371676.385399284772575],
              [-9974784.221973724663258, 4371929.063396025449038],
              [-9974764.390290768817067, 4372181.048819940537214],
              [-9974731.397888323292136, 4372431.650996498763561],
              [-9974685.33519627340138, 4372680.183042553253472],
              [-9974626.328469254076481, 4372925.963749039918184],
              [-9974554.539440603926778, 4373168.319448127411306],
              [-9974470.164879059419036, 4373406.585859689861536],
              [-9974373.436049429699779, 4373640.109912054613233],
              [-9974264.618078712373972, 4373868.251532027497888],
              [-9974144.009229401126504, 4374090.385399284772575],
              [-9974011.940081970766187, 4374305.902660337276757],
              [-9973868.772628773003817, 4374514.212597352452576],
              [-9973714.899281844496727, 4374714.744247273541987],
              [-9973550.741797335445881, 4374906.947966785170138],
              [-9973376.750119499862194, 4375090.296938853338361],
              [-9973193.401147430762649, 4375264.28861668985337],
              [-9973001.197427919134498, 4375428.446101198904216],
              [-9972800.665777998045087, 4375582.319448127411306],
              [-9972592.355840982869267, 4375725.486901325173676],
              [-9972376.838579930365086, 4375857.556048756465316],
              [-9972154.704712672159076, 4375978.164898065850139],
              [-9971926.563092701137066, 4376086.982868783175945],
              [-9971693.039040334522724, 4376183.711698412895203],
              [-9971454.772628773003817, 4376268.086259957402945],
              [-9971212.416929684579372, 4376339.87528860848397],
              [-9970966.636223198845983, 4376398.882015627808869],
              [-9970718.104177145287395, 4376444.944707677699625],
              [-9970467.502000587061048, 4376477.937110123224556],
              [-9970215.516576671972871, 4376497.768793080002069],
              [-9969962.838579930365086, 4376504.385399284772575],
              [-9969710.1605831887573, 4376497.768793080002069],
              [-9969458.175159273669124, 4376477.937110123224556],
              [-9969207.572982715442777, 4376444.944707677699625],
              [-9968959.040936661884189, 4376398.882015627808869],
              [-9968713.260230176150799, 4376339.87528860848397],
              [-9968470.904531087726355, 4376268.086259957402945],
              [-9968232.638119526207447, 4376183.711698412895203],
              [-9967999.114067159593105, 4376086.982868783175945],
              [-9967770.972447188571095, 4375978.164898065850139],
              [-9967548.838579930365086, 4375857.556048756465316],
              [-9967333.321318877860904, 4375725.486901325173676],
              [-9967125.011381862685084, 4375582.319448127411306],
              [-9966924.479731941595674, 4375428.446101198904216],
              [-9966732.276012429967523, 4375264.28861668985337],
              [-9966548.927040360867977, 4375090.296938853338361],
              [-9966374.93536252528429, 4374906.947966785170138],
              [-9966210.777878016233444, 4374714.744247273541987],
              [-9966056.904531087726355, 4374514.212597352452576],
              [-9965913.737077889963984, 4374305.902660337276757],
              [-9965781.667930459603667, 4374090.385399284772575],
              [-9965661.059081148356199, 4373868.251532027497888],
              [-9965552.241110431030393, 4373640.109912054613233],
              [-9965455.512280801311135, 4373406.585859689861536],
              [-9965371.137719256803393, 4373168.319448127411306],
              [-9965299.34869060665369, 4372925.963749039918184],
              [-9965240.341963587328792, 4372680.183042553253472],
              [-9965194.279271537438035, 4372431.650996498763561],
              [-9965161.286869091913104, 4372181.048819941468537],
              [-9965141.455186136066914, 4371929.063396025449038],
              [-9965134.838579930365086, 4371676.385399284772575]
            ]
          ]
        ]
      }
    },
    {
      "type": "Feature",
      "properties": {
        "fclty__": "Newton Power Station Unit 1",
        "plnt_nm": "Newton",
        "utlty_n": "Illinois Power Generating Co",
        "strt_dd": "6725 N. 500th",
        "city": "Newton",
        "state": "Illinois",
        "zip": 62448,
        "prm_src": "coal"
      },
      "geometry": {
        "type": "MultiPolygon",
        "coordinates": [
          [
            [
              [-9822245.140197683125734, 4712522.574687084183097],
              [-9822251.756803888827562, 4712269.896690343506634],
              [-9822271.588486844673753, 4712017.911266427487135],
              [-9822304.580889290198684, 4711767.309089870192111],
              [-9822350.64358134008944, 4711518.7770438157022],
              [-9822409.650308359414339, 4711272.996337329037488],
              [-9822481.439337009564042, 4711030.640638241544366],
              [-9822565.813898554071784, 4710792.374226679094136],
              [-9822662.542728183791041, 4710558.850174314342439],
              [-9822771.360698901116848, 4710330.708554341457784],
              [-9822891.969548212364316, 4710108.574687084183097],
              [-9823024.038695642724633, 4709893.057426031678915],
              [-9823167.206148840487003, 4709684.747489016503096],
              [-9823321.079495768994093, 4709484.215839095413685],
              [-9823485.236980278044939, 4709292.012119583785534],
              [-9823659.228658113628626, 4709108.663147515617311],
              [-9823842.577630182728171, 4708934.671469679102302],
              [-9824034.781349694356322, 4708770.513985170051455],
              [-9824235.312999615445733, 4708616.640638241544366],
              [-9824443.622936630621552, 4708473.473185043781996],
              [-9824659.140197683125734, 4708341.404037612490356],
              [-9824881.274064941331744, 4708220.795188303105533],
              [-9825109.415684912353754, 4708111.977217585779727],
              [-9825342.939737278968096, 4708015.248387956060469],
              [-9825581.206148840487003, 4707930.873826411552727],
              [-9825823.561847928911448, 4707859.084797760471702],
              [-9826069.342554414644837, 4707800.078070741146803],
              [-9826317.874600468203425, 4707754.015378691256046],
              [-9826568.476777026429772, 4707721.022976245731115],
              [-9826820.462200941517949, 4707701.191293288953602],
              [-9827073.140197683125734, 4707694.574687084183097],
              [-9827325.81819442473352, 4707701.191293288953602],
              [-9827577.803618339821696, 4707721.022976245731115],
              [-9827828.405794898048043, 4707754.015378691256046],
              [-9828076.937840951606631, 4707800.078070741146803],
              [-9828322.718547437340021, 4707859.084797760471702],
              [-9828565.074246525764465, 4707930.873826411552727],
              [-9828803.340658087283373, 4708015.248387956060469],
              [-9829036.864710453897715, 4708111.977217585779727],
              [-9829265.006330424919724, 4708220.795188303105533],
              [-9829487.140197683125734, 4708341.404037612490356],
              [-9829702.657458735629916, 4708473.473185043781996],
              [-9829910.967395750805736, 4708616.640638241544366],
              [-9830111.499045671895146, 4708770.513985170051455],
              [-9830303.702765183523297, 4708934.671469679102302],
              [-9830487.051737252622843, 4709108.663147515617311],
              [-9830661.04341508820653, 4709292.012119583785534],
              [-9830825.200899597257376, 4709484.215839095413685],
              [-9830979.074246525764465, 4709684.747489016503096],
              [-9831122.241699723526835, 4709893.057426031678915],
              [-9831254.310847153887153, 4710108.574687084183097],
              [-9831374.919696465134621, 4710330.708554341457784],
              [-9831483.737667182460427, 4710558.850174314342439],
              [-9831580.466496812179685, 4710792.374226679094136],
              [-9831664.841058356687427, 4711030.640638241544366],
              [-9831736.63008700683713, 4711272.996337329037488],
              [-9831795.636814026162028, 4711518.7770438157022],
              [-9831841.699506076052785, 4711767.309089870192111],
              [-9831874.691908521577716, 4712017.911266427487135],
              [-9831894.523591477423906, 4712269.896690343506634],
              [-9831901.140197683125734, 4712522.574687084183097],
              [-9831894.523591477423906, 4712775.25268382485956],
              [-9831874.691908521577716, 4713027.238107739947736],
              [-9831841.699506076052785, 4713277.840284298174083],
              [-9831795.636814026162028, 4713526.372330352663994],
              [-9831736.63008700683713, 4713772.153036839328706],
              [-9831664.841058356687427, 4714014.508735926821828],
              [-9831580.466496812179685, 4714252.775147489272058],
              [-9831483.737667182460427, 4714486.299199854023755],
              [-9831374.919696465134621, 4714714.44081982690841],
              [-9831254.310847153887153, 4714936.574687084183097],
              [-9831122.241699723526835, 4715152.091948136687279],
              [-9830979.074246525764465, 4715360.401885151863098],
              [-9830825.200899597257376, 4715560.933535072952509],
              [-9830661.04341508820653, 4715753.13725458458066],
              [-9830487.051737252622843, 4715936.486226652748883],
              [-9830303.702765183523297, 4716110.477904489263892],
              [-9830111.499045671895146, 4716274.635388998314738],
              [-9829910.967395750805736, 4716428.508735926821828],
              [-9829702.657458735629916, 4716571.676189124584198],
              [-9829487.140197683125734, 4716703.745336555875838],
              [-9829265.006330424919724, 4716824.354185865260661],
              [-9829036.864710453897715, 4716933.172156582586467],
              [-9828803.340658087283373, 4717029.900986212305725],
              [-9828565.074246525764465, 4717114.275547756813467],
              [-9828322.718547437340021, 4717186.064576407894492],
              [-9828076.937840951606631, 4717245.071303427219391],
              [-9827828.405794898048043, 4717291.133995477110147],
              [-9827577.803618339821696, 4717324.126397922635078],
              [-9827325.81819442473352, 4717343.958080879412591],
              [-9827073.140197683125734, 4717350.574687084183097],
              [-9826820.462200941517949, 4717343.958080879412591],
              [-9826568.476777026429772, 4717324.126397922635078],
              [-9826317.874600468203425, 4717291.133995477110147],
              [-9826069.342554414644837, 4717245.071303427219391],
              [-9825823.561847928911448, 4717186.064576407894492],
              [-9825581.206148840487003, 4717114.275547756813467],
              [-9825342.939737278968096, 4717029.900986212305725],
              [-9825109.415684912353754, 4716933.172156582586467],
              [-9824881.274064941331744, 4716824.354185865260661],
              [-9824659.140197683125734, 4716703.745336555875838],
              [-9824443.622936630621552, 4716571.676189124584198],
              [-9824235.312999615445733, 4716428.508735926821828],
              [-9824034.781349694356322, 4716274.635388998314738],
              [-9823842.577630182728171, 4716110.477904489263892],
              [-9823659.228658113628626, 4715936.486226652748883],
              [-9823485.236980278044939, 4715753.13725458458066],
              [-9823321.079495768994093, 4715560.933535072952509],
              [-9823167.206148840487003, 4715360.401885151863098],
              [-9823024.038695642724633, 4715152.091948136687279],
              [-9822891.969548212364316, 4714936.574687084183097],
              [-9822771.360698901116848, 4714714.44081982690841],
              [-9822662.542728183791041, 4714486.299199854023755],
              [-9822565.813898554071784, 4714252.775147489272058],
              [-9822481.439337009564042, 4714014.508735926821828],
              [-9822409.650308359414339, 4713772.153036839328706],
              [-9822350.64358134008944, 4713526.372330352663994],
              [-9822304.580889290198684, 4713277.840284298174083],
              [-9822271.588486844673753, 4713027.238107740879059],
              [-9822251.756803888827562, 4712775.25268382485956],
              [-9822245.140197683125734, 4712522.574687084183097]
            ]
          ]
        ]
      }
    },
    {
      "type": "Feature",
      "properties": {
        "fclty__": "Northampton Generating Station Generating Unit 1",
        "plnt_nm": "Northampton Generating Company LP",
        "utlty_n": "EIF Northampton GP, LLC",
        "strt_dd": "1 Horwith Drive",
        "city": "Northampton",
        "state": "Pennsylvania",
        "zip": 18067,
        "prm_src": "coal"
      },
      "geometry": {
        "type": "MultiPolygon",
        "coordinates": [
          [
            [
              [-8397478.109483655542135, 4966973.288352969102561],
              [-8397484.726089861243963, 4966720.610356228426099],
              [-8397504.557772817090154, 4966468.6249323124066],
              [-8397537.550175262615085, 4966218.022755755111575],
              [-8397583.612867312505841, 4965969.490709700621665],
              [-8397642.61959433183074, 4965723.710003213956952],
              [-8397714.408622981980443, 4965481.35430412646383],
              [-8397798.783184526488185, 4965243.0878925640136],
              [-8397895.512014156207442, 4965009.563840199261904],
              [-8398004.329984873533249, 4964781.422220226377249],
              [-8398124.938834184780717, 4964559.288352969102561],
              [-8398257.007981615141034, 4964343.77109191659838],
              [-8398400.175434812903404, 4964135.46115490142256],
              [-8398554.048781741410494, 4963934.929504980333149],
              [-8398718.20626625046134, 4963742.725785468704998],
              [-8398892.197944086045027, 4963559.376813400536776],
              [-8399075.546916155144572, 4963385.385135564021766],
              [-8399267.750635666772723, 4963221.22765105497092],
              [-8399468.282285587862134, 4963067.35430412646383],
              [-8399676.592222603037953, 4962924.18685092870146],
              [-8399892.109483655542135, 4962792.117703497409821],
              [-8400114.243350913748145, 4962671.508854188024998],
              [-8400342.384970884770155, 4962562.690883470699191],
              [-8400575.909023251384497, 4962465.962053840979934],
              [-8400814.175434812903404, 4962381.587492296472192],
              [-8401056.531133901327848, 4962309.798463645391166],
              [-8401302.311840387061238, 4962250.791736626066267],
              [-8401550.843886440619826, 4962204.729044576175511],
              [-8401801.446062998846173, 4962171.73664213065058],
              [-8402053.43148691393435, 4962151.904959173873067],
              [-8402306.109483655542135, 4962145.288352969102561],
              [-8402558.78748039714992, 4962151.904959173873067],
              [-8402810.772904312238097, 4962171.73664213065058],
              [-8403061.375080870464444, 4962204.729044576175511],
              [-8403309.907126924023032, 4962250.791736626066267],
              [-8403555.687833409756422, 4962309.798463645391166],
              [-8403798.043532498180866, 4962381.587492296472192],
              [-8404036.309944059699774, 4962465.962053840979934],
              [-8404269.833996426314116, 4962562.690883470699191],
              [-8404497.975616397336125, 4962671.508854188024998],
              [-8404720.109483655542135, 4962792.117703497409821],
              [-8404935.626744708046317, 4962924.18685092870146],
              [-8405143.936681723222136, 4963067.35430412646383],
              [-8405344.468331644311547, 4963221.22765105497092],
              [-8405536.672051155939698, 4963385.385135564021766],
              [-8405720.021023225039244, 4963559.376813400536776],
              [-8405894.012701060622931, 4963742.725785468704998],
              [-8406058.170185569673777, 4963934.929504980333149],
              [-8406212.043532498180866, 4964135.46115490142256],
              [-8406355.210985695943236, 4964343.77109191659838],
              [-8406487.280133126303554, 4964559.288352969102561],
              [-8406607.888982437551022, 4964781.422220226377249],
              [-8406716.706953154876828, 4965009.563840199261904],
              [-8406813.435782784596086, 4965243.0878925640136],
              [-8406897.810344329103827, 4965481.35430412646383],
              [-8406969.599372979253531, 4965723.710003213956952],
              [-8407028.606099998578429, 4965969.490709700621665],
              [-8407074.668792048469186, 4966218.022755755111575],
              [-8407107.661194493994117, 4966468.6249323124066],
              [-8407127.492877449840307, 4966720.610356228426099],
              [-8407134.109483655542135, 4966973.288352969102561],
              [-8407127.492877449840307, 4967225.966349709779024],
              [-8407107.661194493994117, 4967477.951773624867201],
              [-8407074.668792048469186, 4967728.553950183093548],
              [-8407028.606099998578429, 4967977.085996237583458],
              [-8406969.599372979253531, 4968222.866702724248171],
              [-8406897.810344329103827, 4968465.222401811741292],
              [-8406813.435782784596086, 4968703.488813374191523],
              [-8406716.706953154876828, 4968937.012865738943219],
              [-8406607.888982437551022, 4969165.154485711827874],
              [-8406487.280133126303554, 4969387.288352969102561],
              [-8406355.210985695943236, 4969602.805614021606743],
              [-8406212.043532498180866, 4969811.115551036782563],
              [-8406058.170185569673777, 4970011.647200957871974],
              [-8405894.012701060622931, 4970203.850920469500124],
              [-8405720.021023225039244, 4970387.199892537668347],
              [-8405536.672051155939698, 4970561.191570374183357],
              [-8405344.468331644311547, 4970725.349054883234203],
              [-8405143.936681723222136, 4970879.222401811741292],
              [-8404935.626744708046317, 4971022.389855009503663],
              [-8404720.109483655542135, 4971154.459002440795302],
              [-8404497.975616397336125, 4971275.067851750180125],
              [-8404269.833996426314116, 4971383.885822467505932],
              [-8404036.309944059699774, 4971480.614652097225189],
              [-8403798.043532498180866, 4971564.989213641732931],
              [-8403555.687833409756422, 4971636.778242292813957],
              [-8403309.907126924023032, 4971695.784969312138855],
              [-8403061.375080870464444, 4971741.847661362029612],
              [-8402810.772904312238097, 4971774.840063807554543],
              [-8402558.78748039714992, 4971794.671746764332056],
              [-8402306.109483655542135, 4971801.288352969102561],
              [-8402053.43148691393435, 4971794.671746764332056],
              [-8401801.446062998846173, 4971774.840063807554543],
              [-8401550.843886440619826, 4971741.847661362029612],
              [-8401302.311840387061238, 4971695.784969312138855],
              [-8401056.531133901327848, 4971636.778242292813957],
              [-8400814.175434812903404, 4971564.989213641732931],
              [-8400575.909023251384497, 4971480.614652097225189],
              [-8400342.384970884770155, 4971383.885822467505932],
              [-8400114.243350913748145, 4971275.067851750180125],
              [-8399892.109483655542135, 4971154.459002440795302],
              [-8399676.592222603037953, 4971022.389855009503663],
              [-8399468.282285587862134, 4970879.222401811741292],
              [-8399267.750635666772723, 4970725.349054883234203],
              [-8399075.546916155144572, 4970561.191570374183357],
              [-8398892.197944086045027, 4970387.199892537668347],
              [-8398718.20626625046134, 4970203.850920469500124],
              [-8398554.048781741410494, 4970011.647200957871974],
              [-8398400.175434812903404, 4969811.115551036782563],
              [-8398257.007981615141034, 4969602.805614021606743],
              [-8398124.938834184780717, 4969387.288352969102561],
              [-8398004.329984873533249, 4969165.154485711827874],
              [-8397895.512014156207442, 4968937.012865738943219],
              [-8397798.783184526488185, 4968703.488813374191523],
              [-8397714.408622981980443, 4968465.222401811741292],
              [-8397642.61959433183074, 4968222.866702724248171],
              [-8397583.612867312505841, 4967977.085996237583458],
              [-8397537.550175262615085, 4967728.553950183093548],
              [-8397504.557772817090154, 4967477.951773625798523],
              [-8397484.726089861243963, 4967225.966349709779024],
              [-8397478.109483655542135, 4966973.288352969102561]
            ]
          ]
        ]
      }
    },
    {
      "type": "Feature",
      "properties": {
        "fclty__": "Oak Grove Steam Electric Station",
        "plnt_nm": "Oak Grove (TX)",
        "utlty_n": "Luminant Generation Company LLC",
        "strt_dd": "P.O. Box 558",
        "city": "Franklin",
        "state": "Texas",
        "zip": 77856,
        "prm_src": "coal"
      },
      "geometry": {
        "type": "MultiPolygon",
        "coordinates": [
          [
            [
              [-10736011.180374268442392, 3656186.734176100697368],
              [-10736017.79698047414422, 3655934.056179359555244],
              [-10736037.628663429990411, 3655682.070755444467068],
              [-10736070.621065875515342, 3655431.468578886240721],
              [-10736116.683757925406098, 3655182.936532832682133],
              [-10736175.690484944730997, 3654937.155826345551759],
              [-10736247.4795135948807, 3654694.800127258524299],
              [-10736331.854075139388442, 3654456.533715696074069],
              [-10736428.582904769107699, 3654223.009663330856711],
              [-10736537.400875486433506, 3653994.868043357972056],
              [-10736658.009724797680974, 3653772.734176100697368],
              [-10736790.078872228041291, 3653557.216915048193187],
              [-10736933.246325425803661, 3653348.906978032551706],
              [-10737087.119672354310751, 3653148.375328111927956],
              [-10737251.277156863361597, 3652956.171608600299805],
              [-10737425.268834698945284, 3652772.822636532131582],
              [-10737608.617806768044829, 3652598.830958695616573],
              [-10737800.82152627967298, 3652434.673474186565727],
              [-10738001.353176200762391, 3652280.800127258524299],
              [-10738209.66311321593821, 3652137.632674060296267],
              [-10738425.180374268442392, 3652005.563526629470289],
              [-10738647.314241526648402, 3651884.954677319154143],
              [-10738875.455861497670412, 3651776.136706602293998],
              [-10739108.979913864284754, 3651679.407876972109079],
              [-10739347.246325425803661, 3651595.033315427601337],
              [-10739589.602024514228106, 3651523.244286776985973],
              [-10739835.382731, 3651464.237559757661074],
              [-10740083.914777053520083, 3651418.174867707304657],
              [-10740334.51695361174643, 3651385.182465262711048],
              [-10740586.502377526834607, 3651365.350782305467874],
              [-10740839.180374268442392, 3651358.734176100697368],
              [-10741091.858371010050178, 3651365.350782305467874],
              [-10741343.843794925138354, 3651385.182465262711048],
              [-10741594.445971483364701, 3651418.174867707304657],
              [-10741842.978017536923289, 3651464.237559757661074],
              [-10742088.758724022656679, 3651523.244286776985973],
              [-10742331.114423111081123, 3651595.033315427601337],
              [-10742569.380834672600031, 3651679.407876972109079],
              [-10742802.904887039214373, 3651776.136706602293998],
              [-10743031.046507010236382, 3651884.954677319154143],
              [-10743253.180374268442392, 3652005.563526629470289],
              [-10743468.697635320946574, 3652137.632674060296267],
              [-10743677.007572336122394, 3652280.800127258524299],
              [-10743877.539222257211804, 3652434.673474186565727],
              [-10744069.742941768839955, 3652598.830958695616573],
              [-10744253.091913837939501, 3652772.822636532131582],
              [-10744427.083591673523188, 3652956.171608600299805],
              [-10744591.241076182574034, 3653148.375328111927956],
              [-10744745.114423111081123, 3653348.906978032551706],
              [-10744888.281876308843493, 3653557.216915048193187],
              [-10745020.351023739203811, 3653772.734176100697368],
              [-10745140.959873050451279, 3653994.868043357972056],
              [-10745249.777843767777085, 3654223.009663330856711],
              [-10745346.506673397496343, 3654456.533715696074069],
              [-10745430.881234942004085, 3654694.800127258524299],
              [-10745502.670263592153788, 3654937.155826345551759],
              [-10745561.676990611478686, 3655182.936532832682133],
              [-10745607.739682661369443, 3655431.468578886240721],
              [-10745640.732085106894374, 3655682.070755444467068],
              [-10745660.563768062740564, 3655934.056179359555244],
              [-10745667.180374268442392, 3656186.734176100697368],
              [-10745660.563768062740564, 3656439.412172841839492],
              [-10745640.732085106894374, 3656691.397596756927669],
              [-10745607.739682661369443, 3656941.999773315154016],
              [-10745561.676990611478686, 3657190.531819368712604],
              [-10745502.670263592153788, 3657436.312525855842978],
              [-10745430.881234942004085, 3657678.668224942870438],
              [-10745346.506673397496343, 3657916.934636505320668],
              [-10745249.777843767777085, 3658150.458688870538026],
              [-10745140.959873050451279, 3658378.600308843422681],
              [-10745020.351023739203811, 3658600.734176100697368],
              [-10744888.281876308843493, 3658816.25143715320155],
              [-10744745.114423111081123, 3659024.561374168843031],
              [-10744591.241076182574034, 3659225.09302408946678],
              [-10744427.083591673523188, 3659417.296743601094931],
              [-10744253.091913837939501, 3659600.645715669263154],
              [-10744069.742941768839955, 3659774.637393505778164],
              [-10743877.539222257211804, 3659938.79487801482901],
              [-10743677.007572336122394, 3660092.668224942870438],
              [-10743468.697635320946574, 3660235.835678141098469],
              [-10743253.180374268442392, 3660367.904825571924448],
              [-10743031.046507010236382, 3660488.513674882240593],
              [-10742802.904887039214373, 3660597.331645599100739],
              [-10742569.380834672600031, 3660694.060475229285657],
              [-10742331.114423111081123, 3660778.435036773793399],
              [-10742088.758724022656679, 3660850.224065424408764],
              [-10741842.978017536923289, 3660909.230792443733662],
              [-10741594.445971483364701, 3660955.29348449409008],
              [-10741343.843794925138354, 3660988.285886938683689],
              [-10741091.858371010050178, 3661008.117569895926863],
              [-10740839.180374268442392, 3661014.734176100697368],
              [-10740586.502377526834607, 3661008.117569895926863],
              [-10740334.51695361174643, 3660988.285886938683689],
              [-10740083.914777053520083, 3660955.29348449409008],
              [-10739835.382731, 3660909.230792443733662],
              [-10739589.602024514228106, 3660850.224065424408764],
              [-10739347.246325425803661, 3660778.435036773793399],
              [-10739108.979913864284754, 3660694.060475229285657],
              [-10738875.455861497670412, 3660597.331645599100739],
              [-10738647.314241526648402, 3660488.513674882240593],
              [-10738425.180374268442392, 3660367.904825571924448],
              [-10738209.66311321593821, 3660235.835678141098469],
              [-10738001.353176200762391, 3660092.668224942870438],
              [-10737800.82152627967298, 3659938.79487801482901],
              [-10737608.617806768044829, 3659774.637393505778164],
              [-10737425.268834698945284, 3659600.645715669263154],
              [-10737251.277156863361597, 3659417.296743601094931],
              [-10737087.119672354310751, 3659225.09302408946678],
              [-10736933.246325425803661, 3659024.561374168843031],
              [-10736790.078872228041291, 3658816.25143715320155],
              [-10736658.009724797680974, 3658600.734176100697368],
              [-10736537.400875486433506, 3658378.600308843422681],
              [-10736428.582904769107699, 3658150.458688870538026],
              [-10736331.854075139388442, 3657916.934636505320668],
              [-10736247.4795135948807, 3657678.668224942870438],
              [-10736175.690484944730997, 3657436.312525855842978],
              [-10736116.683757925406098, 3657190.531819368712604],
              [-10736070.621065875515342, 3656941.999773315154016],
              [-10736037.628663429990411, 3656691.397596756927669],
              [-10736017.79698047414422, 3656439.412172841839492],
              [-10736011.180374268442392, 3656186.734176100697368]
            ]
          ]
        ]
      }
    },
    {
      "type": "Feature",
      "properties": {
        "fclty__": "Panther Creek Pyropower Unit (031) and Pyropower Unit 2 (032)",
        "plnt_nm": "Panther Creek Energy Facility",
        "utlty_n": "Panther Creek Power Operating, LLC",
        "strt_dd": "4 Dennison Road",
        "city": "Nesquehoning",
        "state": "Pennsylvania",
        "zip": 18240,
        "prm_src": "coal"
      },
      "geometry": {
        "type": "MultiPolygon",
        "coordinates": [
          [
            [
              [-8441883.454361092299223, 4991065.9714565416798],
              [-8441890.070967298001051, 4990813.293459801003337],
              [-8441909.902650253847241, 4990561.308035884983838],
              [-8441942.895052699372172, 4990310.705859327688813],
              [-8441988.957744749262929, 4990062.173813273198903],
              [-8442047.964471768587828, 4989816.39310678653419],
              [-8442119.753500418737531, 4989574.037407699041069],
              [-8442204.128061963245273, 4989335.770996136590838],
              [-8442300.85689159296453, 4989102.246943771839142],
              [-8442409.674862310290337, 4988874.105323798954487],
              [-8442530.283711621537805, 4988651.9714565416798],
              [-8442662.352859051898122, 4988436.454195489175618],
              [-8442805.520312249660492, 4988228.144258473999798],
              [-8442959.393659178167582, 4988027.612608552910388],
              [-8443123.551143687218428, 4987835.408889041282237],
              [-8443297.542821522802114, 4987652.059916973114014],
              [-8443480.89179359190166, 4987478.068239136599004],
              [-8443673.095513103529811, 4987313.910754627548158],
              [-8443873.627163024619222, 4987160.037407699041069],
              [-8444081.937100039795041, 4987016.869954501278698],
              [-8444297.454361092299223, 4986884.800807069987059],
              [-8444519.588228350505233, 4986764.191957760602236],
              [-8444747.729848321527243, 4986655.373987043276429],
              [-8444981.253900688141584, 4986558.645157413557172],
              [-8445219.520312249660492, 4986474.27059586904943],
              [-8445461.876011338084936, 4986402.481567217968404],
              [-8445707.656717823818326, 4986343.474840198643506],
              [-8445956.188763877376914, 4986297.412148148752749],
              [-8446206.790940435603261, 4986264.419745703227818],
              [-8446458.776364350691438, 4986244.588062746450305],
              [-8446711.454361092299223, 4986237.9714565416798],
              [-8446964.132357833907008, 4986244.588062746450305],
              [-8447216.117781748995185, 4986264.419745703227818],
              [-8447466.719958307221532, 4986297.412148148752749],
              [-8447715.25200436078012, 4986343.474840198643506],
              [-8447961.03271084651351, 4986402.481567217968404],
              [-8448203.388409934937954, 4986474.27059586904943],
              [-8448441.654821496456861, 4986558.645157413557172],
              [-8448675.178873863071203, 4986655.373987043276429],
              [-8448903.320493834093213, 4986764.191957760602236],
              [-8449125.454361092299223, 4986884.800807069987059],
              [-8449340.971622144803405, 4987016.869954501278698],
              [-8449549.281559159979224, 4987160.037407699041069],
              [-8449749.813209081068635, 4987313.910754627548158],
              [-8449942.016928592696786, 4987478.068239136599004],
              [-8450125.365900661796331, 4987652.059916973114014],
              [-8450299.357578497380018, 4987835.408889041282237],
              [-8450463.515063006430864, 4988027.612608552910388],
              [-8450617.388409934937954, 4988228.144258473999798],
              [-8450760.555863132700324, 4988436.454195489175618],
              [-8450892.625010563060641, 4988651.9714565416798],
              [-8451013.233859874308109, 4988874.105323798954487],
              [-8451122.051830591633916, 4989102.246943771839142],
              [-8451218.780660221353173, 4989335.770996136590838],
              [-8451303.155221765860915, 4989574.037407699041069],
              [-8451374.944250416010618, 4989816.39310678653419],
              [-8451433.950977435335517, 4990062.173813273198903],
              [-8451480.013669485226274, 4990310.705859327688813],
              [-8451513.006071930751204, 4990561.308035884983838],
              [-8451532.837754886597395, 4990813.293459801003337],
              [-8451539.454361092299223, 4991065.9714565416798],
              [-8451532.837754886597395, 4991318.649453282356262],
              [-8451513.006071930751204, 4991570.634877197444439],
              [-8451480.013669485226274, 4991821.237053755670786],
              [-8451433.950977435335517, 4992069.769099810160697],
              [-8451374.944250416010618, 4992315.549806296825409],
              [-8451303.155221765860915, 4992557.905505384318531],
              [-8451218.780660221353173, 4992796.171916946768761],
              [-8451122.051830591633916, 4993029.695969311520457],
              [-8451013.233859874308109, 4993257.837589284405112],
              [-8450892.625010563060641, 4993479.9714565416798],
              [-8450760.555863132700324, 4993695.488717594183981],
              [-8450617.388409934937954, 4993903.798654609359801],
              [-8450463.515063006430864, 4994104.330304530449212],
              [-8450299.357578497380018, 4994296.534024042077363],
              [-8450125.365900661796331, 4994479.882996110245585],
              [-8449942.016928592696786, 4994653.874673946760595],
              [-8449749.813209081068635, 4994818.032158455811441],
              [-8449549.281559159979224, 4994971.905505384318531],
              [-8449340.971622144803405, 4995115.072958582080901],
              [-8449125.454361092299223, 4995247.14210601337254],
              [-8448903.320493834093213, 4995367.750955322757363],
              [-8448675.178873863071203, 4995476.56892604008317],
              [-8448441.654821496456861, 4995573.297755669802427],
              [-8448203.388409934937954, 4995657.672317214310169],
              [-8447961.03271084651351, 4995729.461345865391195],
              [-8447715.25200436078012, 4995788.468072884716094],
              [-8447466.719958307221532, 4995834.53076493460685],
              [-8447216.117781748995185, 4995867.523167380131781],
              [-8446964.132357833907008, 4995887.354850336909294],
              [-8446711.454361092299223, 4995893.9714565416798],
              [-8446458.776364350691438, 4995887.354850336909294],
              [-8446206.790940435603261, 4995867.523167380131781],
              [-8445956.188763877376914, 4995834.53076493460685],
              [-8445707.656717823818326, 4995788.468072884716094],
              [-8445461.876011338084936, 4995729.461345865391195],
              [-8445219.520312249660492, 4995657.672317214310169],
              [-8444981.253900688141584, 4995573.297755669802427],
              [-8444747.729848321527243, 4995476.56892604008317],
              [-8444519.588228350505233, 4995367.750955322757363],
              [-8444297.454361092299223, 4995247.14210601337254],
              [-8444081.937100039795041, 4995115.072958582080901],
              [-8443873.627163024619222, 4994971.905505384318531],
              [-8443673.095513103529811, 4994818.032158455811441],
              [-8443480.89179359190166, 4994653.874673946760595],
              [-8443297.542821522802114, 4994479.882996110245585],
              [-8443123.551143687218428, 4994296.534024042077363],
              [-8442959.393659178167582, 4994104.330304530449212],
              [-8442805.520312249660492, 4993903.798654609359801],
              [-8442662.352859051898122, 4993695.488717594183981],
              [-8442530.283711621537805, 4993479.9714565416798],
              [-8442409.674862310290337, 4993257.837589284405112],
              [-8442300.85689159296453, 4993029.695969311520457],
              [-8442204.128061963245273, 4992796.171916946768761],
              [-8442119.753500418737531, 4992557.905505384318531],
              [-8442047.964471768587828, 4992315.549806296825409],
              [-8441988.957744749262929, 4992069.769099810160697],
              [-8441942.895052699372172, 4991821.237053755670786],
              [-8441909.902650253847241, 4991570.634877198375762],
              [-8441890.070967298001051, 4991318.649453282356262],
              [-8441883.454361092299223, 4991065.9714565416798]
            ]
          ]
        ]
      }
    },
    {
      "type": "Feature",
      "properties": {
        "fclty__": "Plant Daniel Electric Generating Unit 1 and Unit 2",
        "plnt_nm": "Victor J Daniel Jr",
        "utlty_n": "Mississippi Power Co",
        "strt_dd": "13201 Highway 63",
        "city": "Escatawpa",
        "state": "Mississippi",
        "zip": 39552,
        "prm_src": "natural gas"
      },
      "geometry": {
        "type": "MultiPolygon",
        "coordinates": [
          [
            [
              [-9853102.903045579791069, 3572144.272902069613338],
              [-9853109.519651785492897, 3571891.594905328471214],
              [-9853129.351334741339087, 3571639.609481413383037],
              [-9853162.343737186864018, 3571389.00730485515669],
              [-9853208.406429236754775, 3571140.475258801598102],
              [-9853267.413156256079674, 3570894.694552314467728],
              [-9853339.202184906229377, 3570652.338853227440268],
              [-9853423.576746450737119, 3570414.072441664990038],
              [-9853520.305576080456376, 3570180.54838929977268],
              [-9853629.123546797782183, 3569952.406769326888025],
              [-9853749.732396109029651, 3569730.272902069613338],
              [-9853881.801543539389968, 3569514.755641017109156],
              [-9854024.968996737152338, 3569306.445704001467675],
              [-9854178.842343665659428, 3569105.914054080843925],
              [-9854342.999828174710274, 3568913.710334569215775],
              [-9854516.991506010293961, 3568730.361362501047552],
              [-9854700.340478079393506, 3568556.369684664532542],
              [-9854892.544197591021657, 3568392.212200155481696],
              [-9855093.075847512111068, 3568238.338853227440268],
              [-9855301.385784527286887, 3568095.171400029212236],
              [-9855516.903045579791069, 3567963.102252598386258],
              [-9855739.036912837997079, 3567842.493403288070112],
              [-9855967.178532809019089, 3567733.675432571209967],
              [-9856200.70258517563343, 3567636.946602941025048],
              [-9856438.968996737152338, 3567552.572041396517307],
              [-9856681.324695825576782, 3567480.783012745901942],
              [-9856927.105402311310172, 3567421.776285726577044],
              [-9857175.63744836486876, 3567375.713593676220626],
              [-9857426.239624923095107, 3567342.721191231627017],
              [-9857678.225048838183284, 3567322.889508274383843],
              [-9857930.903045579791069, 3567316.272902069613338],
              [-9858183.581042321398854, 3567322.889508274383843],
              [-9858435.566466236487031, 3567342.721191231627017],
              [-9858686.168642794713378, 3567375.713593676220626],
              [-9858934.700688848271966, 3567421.776285726577044],
              [-9859180.481395334005356, 3567480.783012745901942],
              [-9859422.8370944224298, 3567552.572041396517307],
              [-9859661.103505983948708, 3567636.946602941025048],
              [-9859894.627558350563049, 3567733.675432571209967],
              [-9860122.769178321585059, 3567842.493403288070112],
              [-9860344.903045579791069, 3567963.102252598386258],
              [-9860560.420306632295251, 3568095.171400029212236],
              [-9860768.73024364747107, 3568238.338853227440268],
              [-9860969.261893568560481, 3568392.212200155481696],
              [-9861161.465613080188632, 3568556.369684664532542],
              [-9861344.814585149288177, 3568730.361362501047552],
              [-9861518.806262984871864, 3568913.710334569215775],
              [-9861682.96374749392271, 3569105.914054080843925],
              [-9861836.8370944224298, 3569306.445704001467675],
              [-9861980.00454762019217, 3569514.755641017109156],
              [-9862112.073695050552487, 3569730.272902069613338],
              [-9862232.682544361799955, 3569952.406769326888025],
              [-9862341.500515079125762, 3570180.54838929977268],
              [-9862438.229344708845019, 3570414.072441664990038],
              [-9862522.603906253352761, 3570652.338853227440268],
              [-9862594.392934903502464, 3570894.694552314467728],
              [-9862653.399661922827363, 3571140.475258801598102],
              [-9862699.46235397271812, 3571389.00730485515669],
              [-9862732.454756418243051, 3571639.609481413383037],
              [-9862752.286439374089241, 3571891.594905328471214],
              [-9862758.903045579791069, 3572144.272902069613338],
              [-9862752.286439374089241, 3572396.950898810755461],
              [-9862732.454756418243051, 3572648.936322725843638],
              [-9862699.46235397271812, 3572899.538499284069985],
              [-9862653.399661922827363, 3573148.070545337628573],
              [-9862594.392934903502464, 3573393.851251824758947],
              [-9862522.603906253352761, 3573636.206950911786407],
              [-9862438.229344708845019, 3573874.473362474236637],
              [-9862341.500515079125762, 3574107.997414839453995],
              [-9862232.682544361799955, 3574336.13903481233865],
              [-9862112.073695050552487, 3574558.272902069613338],
              [-9861980.00454762019217, 3574773.790163122117519],
              [-9861836.8370944224298, 3574982.100100137759],
              [-9861682.96374749392271, 3575182.63175005838275],
              [-9861518.806262984871864, 3575374.8354695700109],
              [-9861344.814585149288177, 3575558.184441638179123],
              [-9861161.465613080188632, 3575732.176119474694133],
              [-9860969.261893568560481, 3575896.333603983744979],
              [-9860768.73024364747107, 3576050.206950911786407],
              [-9860560.420306632295251, 3576193.374404110014439],
              [-9860344.903045579791069, 3576325.443551540840417],
              [-9860122.769178321585059, 3576446.052400851156563],
              [-9859894.627558350563049, 3576554.870371568016708],
              [-9859661.103505983948708, 3576651.599201198201627],
              [-9859422.8370944224298, 3576735.973762742709368],
              [-9859180.481395334005356, 3576807.762791393324733],
              [-9858934.700688848271966, 3576866.769518412649632],
              [-9858686.168642794713378, 3576912.832210463006049],
              [-9858435.566466236487031, 3576945.824612907599658],
              [-9858183.581042321398854, 3576965.656295864842832],
              [-9857930.903045579791069, 3576972.272902069613338],
              [-9857678.225048838183284, 3576965.656295864842832],
              [-9857426.239624923095107, 3576945.824612907599658],
              [-9857175.63744836486876, 3576912.832210463006049],
              [-9856927.105402311310172, 3576866.769518412649632],
              [-9856681.324695825576782, 3576807.762791393324733],
              [-9856438.968996737152338, 3576735.973762742709368],
              [-9856200.70258517563343, 3576651.599201198201627],
              [-9855967.178532809019089, 3576554.870371568016708],
              [-9855739.036912837997079, 3576446.052400851156563],
              [-9855516.903045579791069, 3576325.443551540840417],
              [-9855301.385784527286887, 3576193.374404110014439],
              [-9855093.075847512111068, 3576050.206950911786407],
              [-9854892.544197591021657, 3575896.333603983744979],
              [-9854700.340478079393506, 3575732.176119474694133],
              [-9854516.991506010293961, 3575558.184441638179123],
              [-9854342.999828174710274, 3575374.8354695700109],
              [-9854178.842343665659428, 3575182.63175005838275],
              [-9854024.968996737152338, 3574982.100100137759],
              [-9853881.801543539389968, 3574773.790163122117519],
              [-9853749.732396109029651, 3574558.272902069613338],
              [-9853629.123546797782183, 3574336.13903481233865],
              [-9853520.305576080456376, 3574107.997414839453995],
              [-9853423.576746450737119, 3573874.473362474236637],
              [-9853339.202184906229377, 3573636.206950911786407],
              [-9853267.413156256079674, 3573393.851251824758947],
              [-9853208.406429236754775, 3573148.070545337628573],
              [-9853162.343737186864018, 3572899.538499284069985],
              [-9853129.351334741339087, 3572648.936322725843638],
              [-9853109.519651785492897, 3572396.950898810755461],
              [-9853102.903045579791069, 3572144.272902069613338]
            ]
          ]
        ]
      }
    },
    {
      "type": "Feature",
      "properties": {
        "fclty__": "Plum Point Generation Station",
        "plnt_nm": "Plum Point Energy Station",
        "utlty_n": "NRG Energy Services - Plum Point",
        "strt_dd": "2732A South County Road 623",
        "city": "Osceola",
        "state": "Arkansas",
        "zip": 72370,
        "prm_src": "coal"
      },
      "geometry": {
        "type": "MultiPolygon",
        "coordinates": [
          [
            [
              [-10008237.745415084064007, 4254541.046603493392467],
              [-10008244.362021289765835, 4254288.368606752716005],
              [-10008264.193704245612025, 4254036.383182836696506],
              [-10008297.186106691136956, 4253785.781006279401481],
              [-10008343.248798741027713, 4253537.248960224911571],
              [-10008402.255525760352612, 4253291.468253738246858],
              [-10008474.044554410502315, 4253049.112554650753736],
              [-10008558.419115955010056, 4252810.846143088303506],
              [-10008655.147945584729314, 4252577.32209072355181],
              [-10008763.96591630205512, 4252349.180470750667155],
              [-10008884.574765613302588, 4252127.046603493392467],
              [-10009016.643913043662906, 4251911.529342440888286],
              [-10009159.811366241425276, 4251703.219405425712466],
              [-10009313.684713169932365, 4251502.687755504623055],
              [-10009477.842197678983212, 4251310.484035992994905],
              [-10009651.833875514566898, 4251127.135063924826682],
              [-10009835.182847583666444, 4250953.143386088311672],
              [-10010027.386567095294595, 4250788.985901579260826],
              [-10010227.918217016384006, 4250635.112554650753736],
              [-10010436.228154031559825, 4250491.945101452991366],
              [-10010651.745415084064007, 4250359.875954021699727],
              [-10010873.879282342270017, 4250239.267104712314904],
              [-10011102.020902313292027, 4250130.449133994989097],
              [-10011335.544954679906368, 4250033.72030436526984],
              [-10011573.811366241425276, 4249949.345742820762098],
              [-10011816.16706532984972, 4249877.556714169681072],
              [-10012061.94777181558311, 4249818.549987150356174],
              [-10012310.479817869141698, 4249772.487295100465417],
              [-10012561.081994427368045, 4249739.494892654940486],
              [-10012813.067418342456222, 4249719.663209698162973],
              [-10013065.745415084064007, 4249713.046603493392467],
              [-10013318.423411825671792, 4249719.663209698162973],
              [-10013570.408835740759969, 4249739.494892654940486],
              [-10013821.011012298986316, 4249772.487295100465417],
              [-10014069.543058352544904, 4249818.549987150356174],
              [-10014315.323764838278294, 4249877.556714169681072],
              [-10014557.679463926702738, 4249949.345742820762098],
              [-10014795.945875488221645, 4250033.72030436526984],
              [-10015029.469927854835987, 4250130.449133994989097],
              [-10015257.611547825857997, 4250239.267104712314904],
              [-10015479.745415084064007, 4250359.875954021699727],
              [-10015695.262676136568189, 4250491.945101452991366],
              [-10015903.572613151744008, 4250635.112554650753736],
              [-10016104.104263072833419, 4250788.985901579260826],
              [-10016296.30798258446157, 4250953.143386088311672],
              [-10016479.656954653561115, 4251127.135063924826682],
              [-10016653.648632489144802, 4251310.484035992994905],
              [-10016817.806116998195648, 4251502.687755504623055],
              [-10016971.679463926702738, 4251703.219405425712466],
              [-10017114.846917124465108, 4251911.529342440888286],
              [-10017246.916064554825425, 4252127.046603493392467],
              [-10017367.524913866072893, 4252349.180470750667155],
              [-10017476.3428845833987, 4252577.32209072355181],
              [-10017573.071714213117957, 4252810.846143088303506],
              [-10017657.446275757625699, 4253049.112554650753736],
              [-10017729.235304407775402, 4253291.468253738246858],
              [-10017788.242031427100301, 4253537.248960224911571],
              [-10017834.304723476991057, 4253785.781006279401481],
              [-10017867.297125922515988, 4254036.383182836696506],
              [-10017887.128808878362179, 4254288.368606752716005],
              [-10017893.745415084064007, 4254541.046603493392467],
              [-10017887.128808878362179, 4254793.72460023406893],
              [-10017867.297125922515988, 4255045.710024149157107],
              [-10017834.304723476991057, 4255296.312200707383454],
              [-10017788.242031427100301, 4255544.844246761873364],
              [-10017729.235304407775402, 4255790.624953248538077],
              [-10017657.446275757625699, 4256032.980652336031199],
              [-10017573.071714213117957, 4256271.247063898481429],
              [-10017476.3428845833987, 4256504.771116263233125],
              [-10017367.524913866072893, 4256732.91273623611778],
              [-10017246.916064554825425, 4256955.046603493392467],
              [-10017114.846917124465108, 4257170.563864545896649],
              [-10016971.679463926702738, 4257378.873801561072469],
              [-10016817.806116998195648, 4257579.40545148216188],
              [-10016653.648632489144802, 4257771.60917099379003],
              [-10016479.656954653561115, 4257954.958143061958253],
              [-10016296.30798258446157, 4258128.949820898473263],
              [-10016104.104263072833419, 4258293.107305407524109],
              [-10015903.572613151744008, 4258446.980652336031199],
              [-10015695.262676136568189, 4258590.148105533793569],
              [-10015479.745415084064007, 4258722.217252965085208],
              [-10015257.611547825857997, 4258842.826102274470031],
              [-10015029.469927854835987, 4258951.644072991795838],
              [-10014795.945875488221645, 4259048.372902621515095],
              [-10014557.679463926702738, 4259132.747464166022837],
              [-10014315.323764838278294, 4259204.536492817103863],
              [-10014069.543058352544904, 4259263.543219836428761],
              [-10013821.011012298986316, 4259309.605911886319518],
              [-10013570.408835740759969, 4259342.598314331844449],
              [-10013318.423411825671792, 4259362.429997288621962],
              [-10013065.745415084064007, 4259369.046603493392467],
              [-10012813.067418342456222, 4259362.429997288621962],
              [-10012561.081994427368045, 4259342.598314331844449],
              [-10012310.479817869141698, 4259309.605911886319518],
              [-10012061.94777181558311, 4259263.543219836428761],
              [-10011816.16706532984972, 4259204.536492817103863],
              [-10011573.811366241425276, 4259132.747464166022837],
              [-10011335.544954679906368, 4259048.372902621515095],
              [-10011102.020902313292027, 4258951.644072991795838],
              [-10010873.879282342270017, 4258842.826102274470031],
              [-10010651.745415084064007, 4258722.217252965085208],
              [-10010436.228154031559825, 4258590.148105533793569],
              [-10010227.918217016384006, 4258446.980652336031199],
              [-10010027.386567095294595, 4258293.107305407524109],
              [-10009835.182847583666444, 4258128.949820898473263],
              [-10009651.833875514566898, 4257954.958143061958253],
              [-10009477.842197678983212, 4257771.60917099379003],
              [-10009313.684713169932365, 4257579.40545148216188],
              [-10009159.811366241425276, 4257378.873801561072469],
              [-10009016.643913043662906, 4257170.563864545896649],
              [-10008884.574765613302588, 4256955.046603493392467],
              [-10008763.96591630205512, 4256732.91273623611778],
              [-10008655.147945584729314, 4256504.771116263233125],
              [-10008558.419115955010056, 4256271.247063898481429],
              [-10008474.044554410502315, 4256032.980652336031199],
              [-10008402.255525760352612, 4255790.624953248538077],
              [-10008343.248798741027713, 4255544.844246761873364],
              [-10008297.186106691136956, 4255296.312200707383454],
              [-10008264.193704245612025, 4255045.710024150088429],
              [-10008244.362021289765835, 4254793.72460023406893],
              [-10008237.745415084064007, 4254541.046603493392467]
            ]
          ]
        ]
      }
    },
    {
      "type": "Feature",
      "properties": {
        "fclty__": "Powerton Electric Generating Station",
        "plnt_nm": "Powerton",
        "utlty_n": "Midwest Generations EME LLC",
        "strt_dd": "Rt 29 & Manito Rd",
        "city": "Pekin",
        "state": "Illinois",
        "zip": 61554,
        "prm_src": "coal"
      },
      "geometry": {
        "type": "MultiPolygon",
        "coordinates": [
          [
            [
              [-9978148.087053664028645, 4944843.901807158254087],
              [-9978154.703659869730473, 4944591.223810417577624],
              [-9978174.535342825576663, 4944339.238386501558125],
              [-9978207.527745271101594, 4944088.636209944263101],
              [-9978253.590437320992351, 4943840.10416388977319],
              [-9978312.597164340317249, 4943594.323457403108478],
              [-9978384.386192990466952, 4943351.967758315615356],
              [-9978468.760754534974694, 4943113.701346753165126],
              [-9978565.489584164693952, 4942880.177294388413429],
              [-9978674.307554882019758, 4942652.035674415528774],
              [-9978794.916404193267226, 4942429.901807158254087],
              [-9978926.985551623627543, 4942214.384546105749905],
              [-9979070.153004821389914, 4942006.074609090574086],
              [-9979224.026351749897003, 4941805.542959169484675],
              [-9979388.183836258947849, 4941613.339239657856524],
              [-9979562.175514094531536, 4941429.990267589688301],
              [-9979745.524486163631082, 4941255.998589753173292],
              [-9979937.728205675259233, 4941091.841105244122446],
              [-9980138.259855596348643, 4940937.967758315615356],
              [-9980346.569792611524463, 4940794.800305117852986],
              [-9980562.087053664028645, 4940662.731157686561346],
              [-9980784.220920922234654, 4940542.122308377176523],
              [-9981012.362540893256664, 4940433.304337659850717],
              [-9981245.886593259871006, 4940336.575508030131459],
              [-9981484.153004821389914, 4940252.200946485623717],
              [-9981726.508703909814358, 4940180.411917834542692],
              [-9981972.289410395547748, 4940121.405190815217793],
              [-9982220.821456449106336, 4940075.342498765327036],
              [-9982471.423633007332683, 4940042.350096319802105],
              [-9982723.409056922420859, 4940022.518413363024592],
              [-9982976.087053664028645, 4940015.901807158254087],
              [-9983228.76505040563643, 4940022.518413363024592],
              [-9983480.750474320724607, 4940042.350096319802105],
              [-9983731.352650878950953, 4940075.342498765327036],
              [-9983979.884696932509542, 4940121.405190815217793],
              [-9984225.665403418242931, 4940180.411917834542692],
              [-9984468.021102506667376, 4940252.200946485623717],
              [-9984706.287514068186283, 4940336.575508030131459],
              [-9984939.811566434800625, 4940433.304337659850717],
              [-9985167.953186405822635, 4940542.122308377176523],
              [-9985390.087053664028645, 4940662.731157686561346],
              [-9985605.604314716532826, 4940794.800305117852986],
              [-9985813.914251731708646, 4940937.967758315615356],
              [-9986014.445901652798057, 4941091.841105244122446],
              [-9986206.649621164426208, 4941255.998589753173292],
              [-9986389.998593233525753, 4941429.990267589688301],
              [-9986563.99027106910944, 4941613.339239657856524],
              [-9986728.147755578160286, 4941805.542959169484675],
              [-9986882.021102506667376, 4942006.074609090574086],
              [-9987025.188555704429746, 4942214.384546105749905],
              [-9987157.257703134790063, 4942429.901807158254087],
              [-9987277.866552446037531, 4942652.035674415528774],
              [-9987386.684523163363338, 4942880.177294388413429],
              [-9987483.413352793082595, 4943113.701346753165126],
              [-9987567.787914337590337, 4943351.967758315615356],
              [-9987639.57694298774004, 4943594.323457403108478],
              [-9987698.583670007064939, 4943840.10416388977319],
              [-9987744.646362056955695, 4944088.636209944263101],
              [-9987777.638764502480626, 4944339.238386501558125],
              [-9987797.470447458326817, 4944591.223810417577624],
              [-9987804.087053664028645, 4944843.901807158254087],
              [-9987797.470447458326817, 4945096.57980389893055],
              [-9987777.638764502480626, 4945348.565227814018726],
              [-9987744.646362056955695, 4945599.167404372245073],
              [-9987698.583670007064939, 4945847.699450426734984],
              [-9987639.57694298774004, 4946093.480156913399696],
              [-9987567.787914337590337, 4946335.835856000892818],
              [-9987483.413352793082595, 4946574.102267563343048],
              [-9987386.684523163363338, 4946807.626319928094745],
              [-9987277.866552446037531, 4947035.7679399009794],
              [-9987157.257703134790063, 4947257.901807158254087],
              [-9987025.188555704429746, 4947473.419068210758269],
              [-9986882.021102506667376, 4947681.729005225934088],
              [-9986728.147755578160286, 4947882.260655147023499],
              [-9986563.99027106910944, 4948074.46437465865165],
              [-9986389.998593233525753, 4948257.813346726819873],
              [-9986206.649621164426208, 4948431.805024563334882],
              [-9986014.445901652798057, 4948595.962509072385728],
              [-9985813.914251731708646, 4948749.835856000892818],
              [-9985605.604314716532826, 4948893.003309198655188],
              [-9985390.087053664028645, 4949025.072456629946828],
              [-9985167.953186405822635, 4949145.681305939331651],
              [-9984939.811566434800625, 4949254.499276656657457],
              [-9984706.287514068186283, 4949351.228106286376715],
              [-9984468.021102506667376, 4949435.602667830884457],
              [-9984225.665403418242931, 4949507.391696481965482],
              [-9983979.884696932509542, 4949566.398423501290381],
              [-9983731.352650878950953, 4949612.461115551181138],
              [-9983480.750474320724607, 4949645.453517996706069],
              [-9983228.76505040563643, 4949665.285200953483582],
              [-9982976.087053664028645, 4949671.901807158254087],
              [-9982723.409056922420859, 4949665.285200953483582],
              [-9982471.423633007332683, 4949645.453517996706069],
              [-9982220.821456449106336, 4949612.461115551181138],
              [-9981972.289410395547748, 4949566.398423501290381],
              [-9981726.508703909814358, 4949507.391696481965482],
              [-9981484.153004821389914, 4949435.602667830884457],
              [-9981245.886593259871006, 4949351.228106286376715],
              [-9981012.362540893256664, 4949254.499276656657457],
              [-9980784.220920922234654, 4949145.681305939331651],
              [-9980562.087053664028645, 4949025.072456629946828],
              [-9980346.569792611524463, 4948893.003309198655188],
              [-9980138.259855596348643, 4948749.835856000892818],
              [-9979937.728205675259233, 4948595.962509072385728],
              [-9979745.524486163631082, 4948431.805024563334882],
              [-9979562.175514094531536, 4948257.813346726819873],
              [-9979388.183836258947849, 4948074.46437465865165],
              [-9979224.026351749897003, 4947882.260655147023499],
              [-9979070.153004821389914, 4947681.729005225934088],
              [-9978926.985551623627543, 4947473.419068210758269],
              [-9978794.916404193267226, 4947257.901807158254087],
              [-9978674.307554882019758, 4947035.7679399009794],
              [-9978565.489584164693952, 4946807.626319928094745],
              [-9978468.760754534974694, 4946574.102267563343048],
              [-9978384.386192990466952, 4946335.835856000892818],
              [-9978312.597164340317249, 4946093.480156913399696],
              [-9978253.590437320992351, 4945847.699450426734984],
              [-9978207.527745271101594, 4945599.167404372245073],
              [-9978174.535342825576663, 4945348.565227814950049],
              [-9978154.703659869730473, 4945096.57980389893055],
              [-9978148.087053664028645, 4944843.901807158254087]
            ]
          ]
        ]
      }
    },
    {
      "type": "Feature",
      "properties": {
        "fclty__": "Rausch Creek Generation Fluidized Bed Boiler (031)",
        "plnt_nm": "Westwood Generation LLC",
        "utlty_n": "Rausch Creek Generation, LLC",
        "strt_dd": "PO Box 312",
        "city": "Tremont",
        "state": "Pennsylvania",
        "zip": 17981,
        "prm_src": "coal"
      },
      "geometry": {
        "type": "MultiPolygon",
        "coordinates": [
          [
            [
              [-8505547.071145765483379, 4956320.3065115371719],
              [-8505553.687751971185207, 4956067.628514796495438],
              [-8505573.519434927031398, 4955815.643090880475938],
              [-8505606.511837372556329, 4955565.040914323180914],
              [-8505652.574529422447085, 4955316.508868268691003],
              [-8505711.581256441771984, 4955070.728161782026291],
              [-8505783.370285091921687, 4954828.372462694533169],
              [-8505867.744846636429429, 4954590.106051132082939],
              [-8505964.473676266148686, 4954356.581998767331243],
              [-8506073.291646983474493, 4954128.440378794446588],
              [-8506193.900496294721961, 4953906.3065115371719],
              [-8506325.969643725082278, 4953690.789250484667718],
              [-8506469.137096922844648, 4953482.479313469491899],
              [-8506623.010443851351738, 4953281.947663548402488],
              [-8506787.167928360402584, 4953089.743944036774337],
              [-8506961.159606195986271, 4952906.394971968606114],
              [-8507144.508578265085816, 4952732.403294132091105],
              [-8507336.712297776713967, 4952568.245809623040259],
              [-8507537.243947697803378, 4952414.372462694533169],
              [-8507745.553884712979198, 4952271.205009496770799],
              [-8507961.071145765483379, 4952139.135862065479159],
              [-8508183.205013023689389, 4952018.527012756094337],
              [-8508411.346632994711399, 4951909.70904203876853],
              [-8508644.870685361325741, 4951812.980212409049273],
              [-8508883.137096922844648, 4951728.605650864541531],
              [-8509125.492796011269093, 4951656.816622213460505],
              [-8509371.273502497002482, 4951597.809895194135606],
              [-8509619.80554855056107, 4951551.74720314424485],
              [-8509870.407725108787417, 4951518.754800698719919],
              [-8510122.393149023875594, 4951498.923117741942406],
              [-8510375.071145765483379, 4951492.3065115371719],
              [-8510627.749142507091165, 4951498.923117741942406],
              [-8510879.734566422179341, 4951518.754800698719919],
              [-8511130.336742980405688, 4951551.74720314424485],
              [-8511378.868789033964276, 4951597.809895194135606],
              [-8511624.649495519697666, 4951656.816622213460505],
              [-8511867.00519460812211, 4951728.605650864541531],
              [-8512105.271606169641018, 4951812.980212409049273],
              [-8512338.79565853625536, 4951909.70904203876853],
              [-8512566.937278507277369, 4952018.527012756094337],
              [-8512789.071145765483379, 4952139.135862065479159],
              [-8513004.588406817987561, 4952271.205009496770799],
              [-8513212.898343833163381, 4952414.372462694533169],
              [-8513413.429993754252791, 4952568.245809623040259],
              [-8513605.633713265880942, 4952732.403294132091105],
              [-8513788.982685334980488, 4952906.394971968606114],
              [-8513962.974363170564175, 4953089.743944036774337],
              [-8514127.131847679615021, 4953281.947663548402488],
              [-8514281.00519460812211, 4953482.479313469491899],
              [-8514424.17264780588448, 4953690.789250484667718],
              [-8514556.241795236244798, 4953906.3065115371719],
              [-8514676.850644547492266, 4954128.440378794446588],
              [-8514785.668615264818072, 4954356.581998767331243],
              [-8514882.39744489453733, 4954590.106051132082939],
              [-8514966.772006439045072, 4954828.372462694533169],
              [-8515038.561035089194775, 4955070.728161782026291],
              [-8515097.567762108519673, 4955316.508868268691003],
              [-8515143.63045415841043, 4955565.040914323180914],
              [-8515176.622856603935361, 4955815.643090880475938],
              [-8515196.454539559781551, 4956067.628514796495438],
              [-8515203.071145765483379, 4956320.3065115371719],
              [-8515196.454539559781551, 4956572.984508277848363],
              [-8515176.622856603935361, 4956824.96993219293654],
              [-8515143.63045415841043, 4957075.572108751162887],
              [-8515097.567762108519673, 4957324.104154805652797],
              [-8515038.561035089194775, 4957569.88486129231751],
              [-8514966.772006439045072, 4957812.240560379810631],
              [-8514882.39744489453733, 4958050.506971942260861],
              [-8514785.668615264818072, 4958284.031024307012558],
              [-8514676.850644547492266, 4958512.172644279897213],
              [-8514556.241795236244798, 4958734.3065115371719],
              [-8514424.17264780588448, 4958949.823772589676082],
              [-8514281.00519460812211, 4959158.133709604851902],
              [-8514127.131847679615021, 4959358.665359525941312],
              [-8513962.974363170564175, 4959550.869079037569463],
              [-8513788.982685334980488, 4959734.218051105737686],
              [-8513605.633713265880942, 4959908.209728942252696],
              [-8513413.429993754252791, 4960072.367213451303542],
              [-8513212.898343833163381, 4960226.240560379810631],
              [-8513004.588406817987561, 4960369.408013577573001],
              [-8512789.071145765483379, 4960501.477161008864641],
              [-8512566.937278507277369, 4960622.086010318249464],
              [-8512338.79565853625536, 4960730.903981035575271],
              [-8512105.271606169641018, 4960827.632810665294528],
              [-8511867.00519460812211, 4960912.00737220980227],
              [-8511624.649495519697666, 4960983.796400860883296],
              [-8511378.868789033964276, 4961042.803127880208194],
              [-8511130.336742980405688, 4961088.865819930098951],
              [-8510879.734566422179341, 4961121.858222375623882],
              [-8510627.749142507091165, 4961141.689905332401395],
              [-8510375.071145765483379, 4961148.3065115371719],
              [-8510122.393149023875594, 4961141.689905332401395],
              [-8509870.407725108787417, 4961121.858222375623882],
              [-8509619.80554855056107, 4961088.865819930098951],
              [-8509371.273502497002482, 4961042.803127880208194],
              [-8509125.492796011269093, 4960983.796400860883296],
              [-8508883.137096922844648, 4960912.00737220980227],
              [-8508644.870685361325741, 4960827.632810665294528],
              [-8508411.346632994711399, 4960730.903981035575271],
              [-8508183.205013023689389, 4960622.086010318249464],
              [-8507961.071145765483379, 4960501.477161008864641],
              [-8507745.553884712979198, 4960369.408013577573001],
              [-8507537.243947697803378, 4960226.240560379810631],
              [-8507336.712297776713967, 4960072.367213451303542],
              [-8507144.508578265085816, 4959908.209728942252696],
              [-8506961.159606195986271, 4959734.218051105737686],
              [-8506787.167928360402584, 4959550.869079037569463],
              [-8506623.010443851351738, 4959358.665359525941312],
              [-8506469.137096922844648, 4959158.133709604851902],
              [-8506325.969643725082278, 4958949.823772589676082],
              [-8506193.900496294721961, 4958734.3065115371719],
              [-8506073.291646983474493, 4958512.172644279897213],
              [-8505964.473676266148686, 4958284.031024307012558],
              [-8505867.744846636429429, 4958050.506971942260861],
              [-8505783.370285091921687, 4957812.240560379810631],
              [-8505711.581256441771984, 4957569.88486129231751],
              [-8505652.574529422447085, 4957324.104154805652797],
              [-8505606.511837372556329, 4957075.572108751162887],
              [-8505573.519434927031398, 4956824.969932193867862],
              [-8505553.687751971185207, 4956572.984508277848363],
              [-8505547.071145765483379, 4956320.3065115371719]
            ]
          ]
        ]
      }
    },
    {
      "type": "Feature",
      "properties": {
        "fclty__": "Red Hills Generating Facility",
        "plnt_nm": "Red Hills Generating Facility",
        "utlty_n": "Choctaw Generation L.P, L.L.L.P.",
        "strt_dd": "2391 Pensacola Road",
        "city": "Ackerman",
        "state": "Mississippi",
        "zip": 39735,
        "prm_src": "coal"
      },
      "geometry": {
        "type": "MultiPolygon",
        "coordinates": [
          [
            [
              [-9926907.725441519171, 3945332.014098442159593],
              [-9926914.342047724872828, 3945079.336101701017469],
              [-9926934.173730680719018, 3944827.350677785929292],
              [-9926967.166133126243949, 3944576.748501227702945],
              [-9927013.228825176134706, 3944328.216455174144357],
              [-9927072.235552195459604, 3944082.435748687013984],
              [-9927144.024580845609307, 3943840.080049599986523],
              [-9927228.399142390117049, 3943601.813638037536293],
              [-9927325.127972019836307, 3943368.289585672318935],
              [-9927433.945942737162113, 3943140.14796569943428],
              [-9927554.554792048409581, 3942918.014098442159593],
              [-9927686.623939478769898, 3942702.496837389655411],
              [-9927829.791392676532269, 3942494.186900374013931],
              [-9927983.664739605039358, 3942293.655250453390181],
              [-9928147.822224114090204, 3942101.45153094176203],
              [-9928321.813901949673891, 3941918.102558873593807],
              [-9928505.162874018773437, 3941744.110881037078798],
              [-9928697.366593530401587, 3941579.953396528027952],
              [-9928897.898243451490998, 3941426.080049599986523],
              [-9929106.208180466666818, 3941282.912596401758492],
              [-9929321.725441519171, 3941150.843448970932513],
              [-9929543.859308777377009, 3941030.234599660616368],
              [-9929772.000928748399019, 3940921.416628943756223],
              [-9930005.524981115013361, 3940824.687799313571304],
              [-9930243.791392676532269, 3940740.313237769063562],
              [-9930486.147091764956713, 3940668.524209118448198],
              [-9930731.927798250690103, 3940609.517482099123299],
              [-9930980.459844304248691, 3940563.454790048766881],
              [-9931231.062020862475038, 3940530.462387604173273],
              [-9931483.047444777563214, 3940510.630704646930099],
              [-9931735.725441519171, 3940504.014098442159593],
              [-9931988.403438260778785, 3940510.630704646930099],
              [-9932240.388862175866961, 3940530.462387604173273],
              [-9932490.991038734093308, 3940563.454790048766881],
              [-9932739.523084787651896, 3940609.517482099123299],
              [-9932985.303791273385286, 3940668.524209118448198],
              [-9933227.659490361809731, 3940740.313237769063562],
              [-9933465.925901923328638, 3940824.687799313571304],
              [-9933699.44995428994298, 3940921.416628943756223],
              [-9933927.59157426096499, 3941030.234599660616368],
              [-9934149.725441519171, 3941150.843448970932513],
              [-9934365.242702571675181, 3941282.912596401758492],
              [-9934573.552639586851001, 3941426.080049599986523],
              [-9934774.084289507940412, 3941579.953396528027952],
              [-9934966.288009019568563, 3941744.110881037078798],
              [-9935149.636981088668108, 3941918.102558873593807],
              [-9935323.628658924251795, 3942101.45153094176203],
              [-9935487.786143433302641, 3942293.655250453390181],
              [-9935641.659490361809731, 3942494.186900374013931],
              [-9935784.826943559572101, 3942702.496837389655411],
              [-9935916.896090989932418, 3942918.014098442159593],
              [-9936037.504940301179886, 3943140.14796569943428],
              [-9936146.322911018505692, 3943368.289585672318935],
              [-9936243.05174064822495, 3943601.813638037536293],
              [-9936327.426302192732692, 3943840.080049599986523],
              [-9936399.215330842882395, 3944082.435748687013984],
              [-9936458.222057862207294, 3944328.216455174144357],
              [-9936504.28474991209805, 3944576.748501227702945],
              [-9936537.277152357622981, 3944827.350677785929292],
              [-9936557.108835313469172, 3945079.336101701017469],
              [-9936563.725441519171, 3945332.014098442159593],
              [-9936557.108835313469172, 3945584.692095183301717],
              [-9936537.277152357622981, 3945836.677519098389894],
              [-9936504.28474991209805, 3946087.279695656616241],
              [-9936458.222057862207294, 3946335.811741710174829],
              [-9936399.215330842882395, 3946581.592448197305202],
              [-9936327.426302192732692, 3946823.948147284332663],
              [-9936243.05174064822495, 3947062.214558846782893],
              [-9936146.322911018505692, 3947295.738611212000251],
              [-9936037.504940301179886, 3947523.880231184884906],
              [-9935916.896090989932418, 3947746.014098442159593],
              [-9935784.826943559572101, 3947961.531359494663775],
              [-9935641.659490361809731, 3948169.841296510305256],
              [-9935487.786143433302641, 3948370.372946430929005],
              [-9935323.628658924251795, 3948562.576665942557156],
              [-9935149.636981088668108, 3948745.925638010725379],
              [-9934966.288009019568563, 3948919.917315847240388],
              [-9934774.084289507940412, 3949084.074800356291234],
              [-9934573.552639586851001, 3949237.948147284332663],
              [-9934365.242702571675181, 3949381.115600482560694],
              [-9934149.725441519171, 3949513.184747913386673],
              [-9933927.59157426096499, 3949633.793597223702818],
              [-9933699.44995428994298, 3949742.611567940562963],
              [-9933465.925901923328638, 3949839.340397570747882],
              [-9933227.659490361809731, 3949923.714959115255624],
              [-9932985.303791273385286, 3949995.503987765870988],
              [-9932739.523084787651896, 3950054.510714785195887],
              [-9932490.991038734093308, 3950100.573406835552305],
              [-9932240.388862175866961, 3950133.565809280145913],
              [-9931988.403438260778785, 3950153.397492237389088],
              [-9931735.725441519171, 3950160.014098442159593],
              [-9931483.047444777563214, 3950153.397492237389088],
              [-9931231.062020862475038, 3950133.565809280145913],
              [-9930980.459844304248691, 3950100.573406835552305],
              [-9930731.927798250690103, 3950054.510714785195887],
              [-9930486.147091764956713, 3949995.503987765870988],
              [-9930243.791392676532269, 3949923.714959115255624],
              [-9930005.524981115013361, 3949839.340397570747882],
              [-9929772.000928748399019, 3949742.611567940562963],
              [-9929543.859308777377009, 3949633.793597223702818],
              [-9929321.725441519171, 3949513.184747913386673],
              [-9929106.208180466666818, 3949381.115600482560694],
              [-9928897.898243451490998, 3949237.948147284332663],
              [-9928697.366593530401587, 3949084.074800356291234],
              [-9928505.162874018773437, 3948919.917315847240388],
              [-9928321.813901949673891, 3948745.925638010725379],
              [-9928147.822224114090204, 3948562.576665942557156],
              [-9927983.664739605039358, 3948370.372946430929005],
              [-9927829.791392676532269, 3948169.841296510305256],
              [-9927686.623939478769898, 3947961.531359494663775],
              [-9927554.554792048409581, 3947746.014098442159593],
              [-9927433.945942737162113, 3947523.880231184884906],
              [-9927325.127972019836307, 3947295.738611212000251],
              [-9927228.399142390117049, 3947062.214558846782893],
              [-9927144.024580845609307, 3946823.948147284332663],
              [-9927072.235552195459604, 3946581.592448197305202],
              [-9927013.228825176134706, 3946335.811741710174829],
              [-9926967.166133126243949, 3946087.279695656616241],
              [-9926934.173730680719018, 3945836.677519098389894],
              [-9926914.342047724872828, 3945584.692095183301717],
              [-9926907.725441519171, 3945332.014098442159593]
            ]
          ]
        ]
      }
    },
    {
      "type": "Feature",
      "properties": {
        "fclty__": "River Valley Common Stack CS 1",
        "plnt_nm": "River Valley",
        "utlty_n": "Oklahoma Gas & Electric Co",
        "strt_dd": "PO Box 1740",
        "city": "Panama",
        "state": "Oklahoma",
        "zip": 74951,
        "prm_src": "coal"
      },
      "geometry": {
        "type": "MultiPolygon",
        "coordinates": [
          [
            [
              [-10531094.261722011491656, 4190153.72453597933054],
              [-10531100.878328217193484, 4189901.046539238188416],
              [-10531120.710011173039675, 4189649.061115323100239],
              [-10531153.702413618564606, 4189398.458938764873892],
              [-10531199.765105668455362, 4189149.926892711315304],
              [-10531258.771832687780261, 4188904.14618622418493],
              [-10531330.560861337929964, 4188661.79048713715747],
              [-10531414.935422882437706, 4188423.52407557470724],
              [-10531511.664252512156963, 4188190.000023209489882],
              [-10531620.48222322948277, 4187961.858403236605227],
              [-10531741.091072540730238, 4187739.72453597933054],
              [-10531873.160219971090555, 4187524.207274926826358],
              [-10532016.327673168852925, 4187315.897337911184877],
              [-10532170.201020097360015, 4187115.365687990561128],
              [-10532334.358504606410861, 4186923.161968478932977],
              [-10532508.350182441994548, 4186739.812996410764754],
              [-10532691.699154511094093, 4186565.821318574249744],
              [-10532883.902874022722244, 4186401.663834065198898],
              [-10533084.434523943811655, 4186247.79048713715747],
              [-10533292.744460958987474, 4186104.623033938929439],
              [-10533508.261722011491656, 4185972.55388650810346],
              [-10533730.395589269697666, 4185851.945037197787315],
              [-10533958.537209240719676, 4185743.127066480927169],
              [-10534192.061261607334018, 4185646.398236850742251],
              [-10534430.327673168852925, 4185562.023675306234509],
              [-10534672.683372257277369, 4185490.234646655619144],
              [-10534918.464078743010759, 4185431.227919636294246],
              [-10535166.996124796569347, 4185385.165227585937828],
              [-10535417.598301354795694, 4185352.172825141344219],
              [-10535669.583725269883871, 4185332.341142184101045],
              [-10535922.261722011491656, 4185325.72453597933054],
              [-10536174.939718753099442, 4185332.341142184101045],
              [-10536426.925142668187618, 4185352.172825141344219],
              [-10536677.527319226413965, 4185385.165227585937828],
              [-10536926.059365279972553, 4185431.227919636294246],
              [-10537171.840071765705943, 4185490.234646655619144],
              [-10537414.195770854130387, 4185562.023675306234509],
              [-10537652.462182415649295, 4185646.398236850742251],
              [-10537885.986234782263637, 4185743.127066480927169],
              [-10538114.127854753285646, 4185851.945037197787315],
              [-10538336.261722011491656, 4185972.55388650810346],
              [-10538551.778983063995838, 4186104.623033938929439],
              [-10538760.088920079171658, 4186247.79048713715747],
              [-10538960.62057, 4186401.663834065198898],
              [-10539152.824289511889219, 4186565.821318574249744],
              [-10539336.173261580988765, 4186739.812996410764754],
              [-10539510.164939416572452, 4186923.161968478932977],
              [-10539674.322423925623298, 4187115.365687990561128],
              [-10539828.195770854130387, 4187315.897337911184877],
              [-10539971.363224051892757, 4187524.207274926826358],
              [-10540103.432371482253075, 4187739.72453597933054],
              [-10540224.041220793500543, 4187961.858403236605227],
              [-10540332.859191510826349, 4188190.000023209489882],
              [-10540429.588021140545607, 4188423.52407557470724],
              [-10540513.962582685053349, 4188661.79048713715747],
              [-10540585.751611335203052, 4188904.14618622418493],
              [-10540644.75833835452795, 4189149.926892711315304],
              [-10540690.821030404418707, 4189398.458938764873892],
              [-10540723.813432849943638, 4189649.061115323100239],
              [-10540743.645115805789828, 4189901.046539238188416],
              [-10540750.261722011491656, 4190153.72453597933054],
              [-10540743.645115805789828, 4190406.402532720472664],
              [-10540723.813432849943638, 4190658.38795663556084],
              [-10540690.821030404418707, 4190908.990133193787187],
              [-10540644.75833835452795, 4191157.522179247345775],
              [-10540585.751611335203052, 4191403.302885734476149],
              [-10540513.962582685053349, 4191645.658584821503609],
              [-10540429.588021140545607, 4191883.92499638395384],
              [-10540332.859191510826349, 4192117.449048749171197],
              [-10540224.041220793500543, 4192345.590668722055852],
              [-10540103.432371482253075, 4192567.72453597933054],
              [-10539971.363224051892757, 4192783.241797031834722],
              [-10539828.195770854130387, 4192991.551734047476202],
              [-10539674.322423925623298, 4193192.083383968099952],
              [-10539510.164939416572452, 4193384.287103479728103],
              [-10539336.173261580988765, 4193567.636075547896326],
              [-10539152.824289511889219, 4193741.627753384411335],
              [-10538960.62057, 4193905.785237893462181],
              [-10538760.088920079171658, 4194059.658584821503609],
              [-10538551.778983063995838, 4194202.826038019731641],
              [-10538336.261722011491656, 4194334.895185451023281],
              [-10538114.127854753285646, 4194455.504034760408103],
              [-10537885.986234782263637, 4194564.32200547773391],
              [-10537652.462182415649295, 4194661.050835107453167],
              [-10537414.195770854130387, 4194745.425396651960909],
              [-10537171.840071765705943, 4194817.214425303041935],
              [-10536926.059365279972553, 4194876.221152322366834],
              [-10536677.527319226413965, 4194922.28384437225759],
              [-10536426.925142668187618, 4194955.276246817782521],
              [-10536174.939718753099442, 4194975.107929774560034],
              [-10535922.261722011491656, 4194981.72453597933054],
              [-10535669.583725269883871, 4194975.107929774560034],
              [-10535417.598301354795694, 4194955.276246817782521],
              [-10535166.996124796569347, 4194922.28384437225759],
              [-10534918.464078743010759, 4194876.221152322366834],
              [-10534672.683372257277369, 4194817.214425303041935],
              [-10534430.327673168852925, 4194745.425396651960909],
              [-10534192.061261607334018, 4194661.050835107453167],
              [-10533958.537209240719676, 4194564.32200547773391],
              [-10533730.395589269697666, 4194455.504034760408103],
              [-10533508.261722011491656, 4194334.895185451023281],
              [-10533292.744460958987474, 4194202.826038019731641],
              [-10533084.434523943811655, 4194059.658584821503609],
              [-10532883.902874022722244, 4193905.785237893462181],
              [-10532691.699154511094093, 4193741.627753384411335],
              [-10532508.350182441994548, 4193567.636075547896326],
              [-10532334.358504606410861, 4193384.287103479728103],
              [-10532170.201020097360015, 4193192.083383968099952],
              [-10532016.327673168852925, 4192991.551734047476202],
              [-10531873.160219971090555, 4192783.241797031834722],
              [-10531741.091072540730238, 4192567.72453597933054],
              [-10531620.48222322948277, 4192345.590668722055852],
              [-10531511.664252512156963, 4192117.449048749171197],
              [-10531414.935422882437706, 4191883.92499638395384],
              [-10531330.560861337929964, 4191645.658584821503609],
              [-10531258.771832687780261, 4191403.302885734476149],
              [-10531199.765105668455362, 4191157.522179247345775],
              [-10531153.702413618564606, 4190908.990133193787187],
              [-10531120.710011173039675, 4190658.38795663556084],
              [-10531100.878328217193484, 4190406.402532720472664],
              [-10531094.261722011491656, 4190153.72453597933054]
            ]
          ]
        ]
      }
    },
    {
      "type": "Feature",
      "properties": {
        "fclty__": "RS Nelson Plant Unit 6",
        "plnt_nm": "R S Nelson",
        "utlty_n": "Entergy Louisiana LLC",
        "strt_dd": "3500 Houston River Road",
        "city": "Westlake",
        "state": "Louisiana",
        "zip": 70669,
        "prm_src": "coal"
      },
      "geometry": {
        "type": "MultiPolygon",
        "coordinates": [
          [
            [
              [-10380289.74754436314106, 3540159.445232140831649],
              [-10380296.364150568842888, 3539906.767235399689525],
              [-10380316.195833524689078, 3539654.781811484601349],
              [-10380349.188235970214009, 3539404.179634926375002],
              [-10380395.250928020104766, 3539155.647588872816414],
              [-10380454.257655039429665, 3538909.86688238568604],
              [-10380526.046683689579368, 3538667.51118329865858],
              [-10380610.42124523408711, 3538429.244771736208349],
              [-10380707.150074863806367, 3538195.720719370990992],
              [-10380815.968045581132174, 3537967.579099398106337],
              [-10380936.576894892379642, 3537745.445232140831649],
              [-10381068.646042322739959, 3537529.927971088327467],
              [-10381211.813495520502329, 3537321.618034072685987],
              [-10381365.686842449009418, 3537121.086384152062237],
              [-10381529.844326958060265, 3536928.882664640434086],
              [-10381703.836004793643951, 3536745.533692572265863],
              [-10381887.184976862743497, 3536571.542014735750854],
              [-10382079.388696374371648, 3536407.384530226700008],
              [-10382279.920346295461059, 3536253.51118329865858],
              [-10382488.230283310636878, 3536110.343730100430548],
              [-10382703.74754436314106, 3535978.27458266960457],
              [-10382925.88141162134707, 3535857.665733359288424],
              [-10383154.02303159236908, 3535748.847762642428279],
              [-10383387.547083958983421, 3535652.11893301224336],
              [-10383625.813495520502329, 3535567.744371467735618],
              [-10383868.169194608926773, 3535495.955342817120254],
              [-10384113.949901094660163, 3535436.948615797795355],
              [-10384362.481947148218751, 3535390.885923747438937],
              [-10384613.084123706445098, 3535357.893521302845329],
              [-10384865.069547621533275, 3535338.061838345602155],
              [-10385117.74754436314106, 3535331.445232140831649],
              [-10385370.425541104748845, 3535338.061838345602155],
              [-10385622.410965019837022, 3535357.893521302845329],
              [-10385873.013141578063369, 3535390.885923747438937],
              [-10386121.545187631621957, 3535436.948615797795355],
              [-10386367.325894117355347, 3535495.955342817120254],
              [-10386609.681593205779791, 3535567.744371467735618],
              [-10386847.948004767298698, 3535652.11893301224336],
              [-10387081.47205713391304, 3535748.847762642428279],
              [-10387309.61367710493505, 3535857.665733359288424],
              [-10387531.74754436314106, 3535978.27458266960457],
              [-10387747.264805415645242, 3536110.343730100430548],
              [-10387955.574742430821061, 3536253.51118329865858],
              [-10388156.106392351910472, 3536407.384530226700008],
              [-10388348.310111863538623, 3536571.542014735750854],
              [-10388531.659083932638168, 3536745.533692572265863],
              [-10388705.650761768221855, 3536928.882664640434086],
              [-10388869.808246277272701, 3537121.086384152062237],
              [-10389023.681593205779791, 3537321.618034072685987],
              [-10389166.849046403542161, 3537529.927971088327467],
              [-10389298.918193833902478, 3537745.445232140831649],
              [-10389419.527043145149946, 3537967.579099398106337],
              [-10389528.345013862475753, 3538195.720719370990992],
              [-10389625.07384349219501, 3538429.244771736208349],
              [-10389709.448405036702752, 3538667.51118329865858],
              [-10389781.237433686852455, 3538909.86688238568604],
              [-10389840.244160706177354, 3539155.647588872816414],
              [-10389886.30685275606811, 3539404.179634926375002],
              [-10389919.299255201593041, 3539654.781811484601349],
              [-10389939.130938157439232, 3539906.767235399689525],
              [-10389945.74754436314106, 3540159.445232140831649],
              [-10389939.130938157439232, 3540412.123228881973773],
              [-10389919.299255201593041, 3540664.10865279706195],
              [-10389886.30685275606811, 3540914.710829355288297],
              [-10389840.244160706177354, 3541163.242875408846885],
              [-10389781.237433686852455, 3541409.023581895977259],
              [-10389709.448405036702752, 3541651.379280983004719],
              [-10389625.07384349219501, 3541889.645692545454949],
              [-10389528.345013862475753, 3542123.169744910672307],
              [-10389419.527043145149946, 3542351.311364883556962],
              [-10389298.918193833902478, 3542573.445232140831649],
              [-10389166.849046403542161, 3542788.962493193335831],
              [-10389023.681593205779791, 3542997.272430208977312],
              [-10388869.808246277272701, 3543197.804080129601061],
              [-10388705.650761768221855, 3543390.007799641229212],
              [-10388531.659083932638168, 3543573.356771709397435],
              [-10388348.310111863538623, 3543747.348449545912445],
              [-10388156.106392351910472, 3543911.505934054963291],
              [-10387955.574742430821061, 3544065.379280983004719],
              [-10387747.264805415645242, 3544208.54673418123275],
              [-10387531.74754436314106, 3544340.615881612058729],
              [-10387309.61367710493505, 3544461.224730922374874],
              [-10387081.47205713391304, 3544570.04270163923502],
              [-10386847.948004767298698, 3544666.771531269419938],
              [-10386609.681593205779791, 3544751.14609281392768],
              [-10386367.325894117355347, 3544822.935121464543045],
              [-10386121.545187631621957, 3544881.941848483867943],
              [-10385873.013141578063369, 3544928.004540534224361],
              [-10385622.410965019837022, 3544960.99694297881797],
              [-10385370.425541104748845, 3544980.828625936061144],
              [-10385117.74754436314106, 3544987.445232140831649],
              [-10384865.069547621533275, 3544980.828625936061144],
              [-10384613.084123706445098, 3544960.99694297881797],
              [-10384362.481947148218751, 3544928.004540534224361],
              [-10384113.949901094660163, 3544881.941848483867943],
              [-10383868.169194608926773, 3544822.935121464543045],
              [-10383625.813495520502329, 3544751.14609281392768],
              [-10383387.547083958983421, 3544666.771531269419938],
              [-10383154.02303159236908, 3544570.04270163923502],
              [-10382925.88141162134707, 3544461.224730922374874],
              [-10382703.74754436314106, 3544340.615881612058729],
              [-10382488.230283310636878, 3544208.54673418123275],
              [-10382279.920346295461059, 3544065.379280983004719],
              [-10382079.388696374371648, 3543911.505934054963291],
              [-10381887.184976862743497, 3543747.348449545912445],
              [-10381703.836004793643951, 3543573.356771709397435],
              [-10381529.844326958060265, 3543390.007799641229212],
              [-10381365.686842449009418, 3543197.804080129601061],
              [-10381211.813495520502329, 3542997.272430208977312],
              [-10381068.646042322739959, 3542788.962493193335831],
              [-10380936.576894892379642, 3542573.445232140831649],
              [-10380815.968045581132174, 3542351.311364883556962],
              [-10380707.150074863806367, 3542123.169744910672307],
              [-10380610.42124523408711, 3541889.645692545454949],
              [-10380526.046683689579368, 3541651.379280983004719],
              [-10380454.257655039429665, 3541409.023581895977259],
              [-10380395.250928020104766, 3541163.242875408846885],
              [-10380349.188235970214009, 3540914.710829355288297],
              [-10380316.195833524689078, 3540664.10865279706195],
              [-10380296.364150568842888, 3540412.123228881973773],
              [-10380289.74754436314106, 3540159.445232140831649]
            ]
          ]
        ]
      }
    },
    {
      "type": "Feature",
      "properties": {
        "fclty__": "San Miguel Cooperative, Inc. in Christine, TX",
        "plnt_nm": "San Miguel",
        "utlty_n": "San Miguel Electric Coop, Inc",
        "strt_dd": "6200 FM 3387",
        "city": "Christine",
        "state": "Texas",
        "zip": 78012,
        "prm_src": "coal"
      },
      "geometry": {
        "type": "MultiPolygon",
        "coordinates": [
          [
            [
              [-10957637.154594598338008, 3338076.307139467913657],
              [-10957643.771200804039836, 3337823.629142726771533],
              [-10957663.602883759886026, 3337571.643718811683357],
              [-10957696.595286205410957, 3337321.04154225345701],
              [-10957742.657978255301714, 3337072.509496199898422],
              [-10957801.664705274626613, 3336826.728789712768048],
              [-10957873.453733924776316, 3336584.373090625740588],
              [-10957957.828295469284058, 3336346.106679063290358],
              [-10958054.557125099003315, 3336112.582626698073],
              [-10958163.375095816329122, 3335884.441006725188345],
              [-10958283.98394512757659, 3335662.307139467913657],
              [-10958416.053092557936907, 3335446.789878415409476],
              [-10958559.220545755699277, 3335238.479941399767995],
              [-10958713.093892684206367, 3335037.948291479144245],
              [-10958877.251377193257213, 3334845.744571967516094],
              [-10959051.243055028840899, 3334662.395599899347872],
              [-10959234.592027097940445, 3334488.403922062832862],
              [-10959426.795746609568596, 3334324.246437553782016],
              [-10959627.327396530658007, 3334170.373090625740588],
              [-10959835.637333545833826, 3334027.205637427512556],
              [-10960051.154594598338008, 3333895.136489996686578],
              [-10960273.288461856544018, 3333774.527640686370432],
              [-10960501.430081827566028, 3333665.709669969510287],
              [-10960734.954134194180369, 3333568.980840339325368],
              [-10960973.220545755699277, 3333484.606278794817626],
              [-10961215.576244844123721, 3333412.817250144202262],
              [-10961461.356951329857111, 3333353.810523124877363],
              [-10961709.888997383415699, 3333307.747831074520946],
              [-10961960.491173941642046, 3333274.755428629927337],
              [-10962212.476597856730223, 3333254.923745672684163],
              [-10962465.154594598338008, 3333248.307139467913657],
              [-10962717.832591339945793, 3333254.923745672684163],
              [-10962969.81801525503397, 3333274.755428629927337],
              [-10963220.420191813260317, 3333307.747831074520946],
              [-10963468.952237866818905, 3333353.810523124877363],
              [-10963714.732944352552295, 3333412.817250144202262],
              [-10963957.088643440976739, 3333484.606278794817626],
              [-10964195.355055002495646, 3333568.980840339325368],
              [-10964428.879107369109988, 3333665.709669969510287],
              [-10964657.020727340131998, 3333774.527640686370432],
              [-10964879.154594598338008, 3333895.136489996686578],
              [-10965094.67185565084219, 3334027.205637427512556],
              [-10965302.981792666018009, 3334170.373090625740588],
              [-10965503.51344258710742, 3334324.246437553782016],
              [-10965695.717162098735571, 3334488.403922062832862],
              [-10965879.066134167835116, 3334662.395599899347872],
              [-10966053.057812003418803, 3334845.744571967516094],
              [-10966217.215296512469649, 3335037.948291479144245],
              [-10966371.088643440976739, 3335238.479941399767995],
              [-10966514.256096638739109, 3335446.789878415409476],
              [-10966646.325244069099426, 3335662.307139467913657],
              [-10966766.934093380346894, 3335884.441006725188345],
              [-10966875.752064097672701, 3336112.582626698073],
              [-10966972.480893727391958, 3336346.106679063290358],
              [-10967056.8554552718997, 3336584.373090625740588],
              [-10967128.644483922049403, 3336826.728789712768048],
              [-10967187.651210941374302, 3337072.509496199898422],
              [-10967233.713902991265059, 3337321.04154225345701],
              [-10967266.706305436789989, 3337571.643718811683357],
              [-10967286.53798839263618, 3337823.629142726771533],
              [-10967293.154594598338008, 3338076.307139467913657],
              [-10967286.53798839263618, 3338328.985136209055781],
              [-10967266.706305436789989, 3338580.970560124143958],
              [-10967233.713902991265059, 3338831.572736682370305],
              [-10967187.651210941374302, 3339080.104782735928893],
              [-10967128.644483922049403, 3339325.885489223059267],
              [-10967056.8554552718997, 3339568.241188310086727],
              [-10966972.480893727391958, 3339806.507599872536957],
              [-10966875.752064097672701, 3340040.031652237754315],
              [-10966766.934093380346894, 3340268.17327221063897],
              [-10966646.325244069099426, 3340490.307139467913657],
              [-10966514.256096638739109, 3340705.824400520417839],
              [-10966371.088643440976739, 3340914.13433753605932],
              [-10966217.215296512469649, 3341114.665987456683069],
              [-10966053.057812003418803, 3341306.86970696831122],
              [-10965879.066134167835116, 3341490.218679036479443],
              [-10965695.717162098735571, 3341664.210356872994453],
              [-10965503.51344258710742, 3341828.367841382045299],
              [-10965302.981792666018009, 3341982.241188310086727],
              [-10965094.67185565084219, 3342125.408641508314759],
              [-10964879.154594598338008, 3342257.477788939140737],
              [-10964657.020727340131998, 3342378.086638249456882],
              [-10964428.879107369109988, 3342486.904608966317028],
              [-10964195.355055002495646, 3342583.633438596501946],
              [-10963957.088643440976739, 3342668.008000141009688],
              [-10963714.732944352552295, 3342739.797028791625053],
              [-10963468.952237866818905, 3342798.803755810949951],
              [-10963220.420191813260317, 3342844.866447861306369],
              [-10962969.81801525503397, 3342877.858850305899978],
              [-10962717.832591339945793, 3342897.690533263143152],
              [-10962465.154594598338008, 3342904.307139467913657],
              [-10962212.476597856730223, 3342897.690533263143152],
              [-10961960.491173941642046, 3342877.858850305899978],
              [-10961709.888997383415699, 3342844.866447861306369],
              [-10961461.356951329857111, 3342798.803755810949951],
              [-10961215.576244844123721, 3342739.797028791625053],
              [-10960973.220545755699277, 3342668.008000141009688],
              [-10960734.954134194180369, 3342583.633438596501946],
              [-10960501.430081827566028, 3342486.904608966317028],
              [-10960273.288461856544018, 3342378.086638249456882],
              [-10960051.154594598338008, 3342257.477788939140737],
              [-10959835.637333545833826, 3342125.408641508314759],
              [-10959627.327396530658007, 3341982.241188310086727],
              [-10959426.795746609568596, 3341828.367841382045299],
              [-10959234.592027097940445, 3341664.210356872994453],
              [-10959051.243055028840899, 3341490.218679036479443],
              [-10958877.251377193257213, 3341306.86970696831122],
              [-10958713.093892684206367, 3341114.665987456683069],
              [-10958559.220545755699277, 3340914.13433753605932],
              [-10958416.053092557936907, 3340705.824400520417839],
              [-10958283.98394512757659, 3340490.307139467913657],
              [-10958163.375095816329122, 3340268.17327221063897],
              [-10958054.557125099003315, 3340040.031652237754315],
              [-10957957.828295469284058, 3339806.507599872536957],
              [-10957873.453733924776316, 3339568.241188310086727],
              [-10957801.664705274626613, 3339325.885489223059267],
              [-10957742.657978255301714, 3339080.104782735928893],
              [-10957696.595286205410957, 3338831.572736682370305],
              [-10957663.602883759886026, 3338580.970560124143958],
              [-10957643.771200804039836, 3338328.985136209055781],
              [-10957637.154594598338008, 3338076.307139467913657]
            ]
          ]
        ]
      }
    },
    {
      "type": "Feature",
      "properties": {
        "fclty__": "Scherer Steam Generator Unit 1, Unit 2, and Unit 3",
        "plnt_nm": "Scherer",
        "utlty_n": "Georgia Power Co",
        "strt_dd": "10986 Highway 87",
        "city": "Juliette",
        "state": "Georgia",
        "zip": 31046,
        "prm_src": "coal"
      },
      "geometry": {
        "type": "MultiPolygon",
        "coordinates": [
          [
            [
              [-9324580.224657274782658, 3903350.365021677687764],
              [-9324586.841263480484486, 3903097.68702493654564],
              [-9324606.672946436330676, 3902845.701601021457464],
              [-9324639.665348881855607, 3902595.099424463231117],
              [-9324685.728040931746364, 3902346.567378409672529],
              [-9324744.734767951071262, 3902100.786671922542155],
              [-9324816.523796601220965, 3901858.430972835514694],
              [-9324900.898358145728707, 3901620.164561273064464],
              [-9324997.627187775447965, 3901386.640508907847106],
              [-9325106.445158492773771, 3901158.498888934962451],
              [-9325227.054007804021239, 3900936.365021677687764],
              [-9325359.123155234381557, 3900720.847760625183582],
              [-9325502.290608432143927, 3900512.537823609542102],
              [-9325656.163955360651016, 3900312.006173688918352],
              [-9325820.321439869701862, 3900119.802454177290201],
              [-9325994.313117705285549, 3899936.453482109121978],
              [-9326177.662089774385095, 3899762.461804272606969],
              [-9326369.865809286013246, 3899598.304319763556123],
              [-9326570.397459207102656, 3899444.430972835514694],
              [-9326778.707396222278476, 3899301.263519637286663],
              [-9326994.224657274782658, 3899169.194372206460685],
              [-9327216.358524532988667, 3899048.585522896144539],
              [-9327444.500144504010677, 3898939.767552179284394],
              [-9327678.024196870625019, 3898843.038722549099475],
              [-9327916.290608432143927, 3898758.664161004591733],
              [-9328158.646307520568371, 3898686.875132353976369],
              [-9328404.427014006301761, 3898627.86840533465147],
              [-9328652.959060059860349, 3898581.805713284295052],
              [-9328903.561236618086696, 3898548.813310839701444],
              [-9329155.546660533174872, 3898528.98162788245827],
              [-9329408.224657274782658, 3898522.365021677687764],
              [-9329660.902654016390443, 3898528.98162788245827],
              [-9329912.88807793147862, 3898548.813310839701444],
              [-9330163.490254489704967, 3898581.805713284295052],
              [-9330412.022300543263555, 3898627.86840533465147],
              [-9330657.803007028996944, 3898686.875132353976369],
              [-9330900.158706117421389, 3898758.664161004591733],
              [-9331138.425117678940296, 3898843.038722549099475],
              [-9331371.949170045554638, 3898939.767552179284394],
              [-9331600.090790016576648, 3899048.585522896144539],
              [-9331822.224657274782658, 3899169.194372206460685],
              [-9332037.741918327286839, 3899301.263519637286663],
              [-9332246.051855342462659, 3899444.430972835514694],
              [-9332446.58350526355207, 3899598.304319763556123],
              [-9332638.787224775180221, 3899762.461804272606969],
              [-9332822.136196844279766, 3899936.453482109121978],
              [-9332996.127874679863453, 3900119.802454177290201],
              [-9333160.285359188914299, 3900312.006173688918352],
              [-9333314.158706117421389, 3900512.537823609542102],
              [-9333457.326159315183759, 3900720.847760625183582],
              [-9333589.395306745544076, 3900936.365021677687764],
              [-9333710.004156056791544, 3901158.498888934962451],
              [-9333818.822126774117351, 3901386.640508907847106],
              [-9333915.550956403836608, 3901620.164561273064464],
              [-9333999.92551794834435, 3901858.430972835514694],
              [-9334071.714546598494053, 3902100.786671922542155],
              [-9334130.721273617818952, 3902346.567378409672529],
              [-9334176.783965667709708, 3902595.099424463231117],
              [-9334209.776368113234639, 3902845.701601021457464],
              [-9334229.60805106908083, 3903097.68702493654564],
              [-9334236.224657274782658, 3903350.365021677687764],
              [-9334229.60805106908083, 3903603.043018418829888],
              [-9334209.776368113234639, 3903855.028442333918065],
              [-9334176.783965667709708, 3904105.630618892144412],
              [-9334130.721273617818952, 3904354.162664945703],
              [-9334071.714546598494053, 3904599.943371432833374],
              [-9333999.92551794834435, 3904842.299070519860834],
              [-9333915.550956403836608, 3905080.565482082311064],
              [-9333818.822126774117351, 3905314.089534447528422],
              [-9333710.004156056791544, 3905542.231154420413077],
              [-9333589.395306745544076, 3905764.365021677687764],
              [-9333457.326159315183759, 3905979.882282730191946],
              [-9333314.158706117421389, 3906188.192219745833427],
              [-9333160.285359188914299, 3906388.723869666457176],
              [-9332996.127874679863453, 3906580.927589178085327],
              [-9332822.136196844279766, 3906764.27656124625355],
              [-9332638.787224775180221, 3906938.268239082768559],
              [-9332446.58350526355207, 3907102.425723591819406],
              [-9332246.051855342462659, 3907256.299070519860834],
              [-9332037.741918327286839, 3907399.466523718088865],
              [-9331822.224657274782658, 3907531.535671148914844],
              [-9331600.090790016576648, 3907652.144520459230989],
              [-9331371.949170045554638, 3907760.962491176091135],
              [-9331138.425117678940296, 3907857.691320806276053],
              [-9330900.158706117421389, 3907942.065882350783795],
              [-9330657.803007028996944, 3908013.854911001399159],
              [-9330412.022300543263555, 3908072.861638020724058],
              [-9330163.490254489704967, 3908118.924330071080476],
              [-9329912.88807793147862, 3908151.916732515674084],
              [-9329660.902654016390443, 3908171.748415472917259],
              [-9329408.224657274782658, 3908178.365021677687764],
              [-9329155.546660533174872, 3908171.748415472917259],
              [-9328903.561236618086696, 3908151.916732515674084],
              [-9328652.959060059860349, 3908118.924330071080476],
              [-9328404.427014006301761, 3908072.861638020724058],
              [-9328158.646307520568371, 3908013.854911001399159],
              [-9327916.290608432143927, 3907942.065882350783795],
              [-9327678.024196870625019, 3907857.691320806276053],
              [-9327444.500144504010677, 3907760.962491176091135],
              [-9327216.358524532988667, 3907652.144520459230989],
              [-9326994.224657274782658, 3907531.535671148914844],
              [-9326778.707396222278476, 3907399.466523718088865],
              [-9326570.397459207102656, 3907256.299070519860834],
              [-9326369.865809286013246, 3907102.425723591819406],
              [-9326177.662089774385095, 3906938.268239082768559],
              [-9325994.313117705285549, 3906764.27656124625355],
              [-9325820.321439869701862, 3906580.927589178085327],
              [-9325656.163955360651016, 3906388.723869666457176],
              [-9325502.290608432143927, 3906188.192219745833427],
              [-9325359.123155234381557, 3905979.882282730191946],
              [-9325227.054007804021239, 3905764.365021677687764],
              [-9325106.445158492773771, 3905542.231154420413077],
              [-9324997.627187775447965, 3905314.089534447528422],
              [-9324900.898358145728707, 3905080.565482082311064],
              [-9324816.523796601220965, 3904842.299070519860834],
              [-9324744.734767951071262, 3904599.943371432833374],
              [-9324685.728040931746364, 3904354.162664945703],
              [-9324639.665348881855607, 3904105.630618892144412],
              [-9324606.672946436330676, 3903855.028442333918065],
              [-9324586.841263480484486, 3903603.043018418829888],
              [-9324580.224657274782658, 3903350.365021677687764]
            ]
          ]
        ]
      }
    },
    {
      "type": "Feature",
      "properties": {
        "fclty__": "Scrubgrass Generating Plant/Venango Number 2 CFB Boiler (031), Number 2 CEB Boiler (032)",
        "plnt_nm": "Scrubgrass Reclamation CO. LP.",
        "utlty_n": "Scrubgrass Reclamation CO. LP.",
        "strt_dd": "2151 Lisbon Road",
        "city": "Kennerdell",
        "state": "Pennsylvania",
        "zip": 16374,
        "prm_src": "coal"
      },
      "geometry": {
        "type": "MultiPolygon",
        "coordinates": [
          [
            [
              [-8879959.046479862183332, 5052115.247201631776989],
              [-8879965.66308606788516, 5051862.569204891100526],
              [-8879985.494769023731351, 5051610.583780975081027],
              [-8880018.487171469256282, 5051359.981604417786002],
              [-8880064.549863519147038, 5051111.449558363296092],
              [-8880123.556590538471937, 5050865.668851876631379],
              [-8880195.34561918862164, 5050623.313152789138258],
              [-8880279.720180733129382, 5050385.046741226688027],
              [-8880376.449010362848639, 5050151.522688861936331],
              [-8880485.266981080174446, 5049923.381068889051676],
              [-8880605.875830391421914, 5049701.247201631776989],
              [-8880737.944977821782231, 5049485.729940579272807],
              [-8880881.112431019544601, 5049277.420003564096987],
              [-8881034.985777948051691, 5049076.888353643007576],
              [-8881199.143262457102537, 5048884.684634131379426],
              [-8881373.134940292686224, 5048701.335662063211203],
              [-8881556.483912361785769, 5048527.343984226696193],
              [-8881748.68763187341392, 5048363.186499717645347],
              [-8881949.219281794503331, 5048209.313152789138258],
              [-8882157.529218809679151, 5048066.145699591375887],
              [-8882373.046479862183332, 5047934.076552160084248],
              [-8882595.180347120389342, 5047813.467702850699425],
              [-8882823.321967091411352, 5047704.649732133373618],
              [-8883056.846019458025694, 5047607.920902503654361],
              [-8883295.112431019544601, 5047523.546340959146619],
              [-8883537.468130107969046, 5047451.757312308065593],
              [-8883783.248836593702435, 5047392.750585288740695],
              [-8884031.780882647261024, 5047346.687893238849938],
              [-8884282.38305920548737, 5047313.695490793325007],
              [-8884534.368483120575547, 5047293.863807836547494],
              [-8884787.046479862183332, 5047287.247201631776989],
              [-8885039.724476603791118, 5047293.863807836547494],
              [-8885291.709900518879294, 5047313.695490793325007],
              [-8885542.312077077105641, 5047346.687893238849938],
              [-8885790.844123130664229, 5047392.750585288740695],
              [-8886036.624829616397619, 5047451.757312308065593],
              [-8886278.980528704822063, 5047523.546340959146619],
              [-8886517.246940266340971, 5047607.920902503654361],
              [-8886750.770992632955313, 5047704.649732133373618],
              [-8886978.912612603977323, 5047813.467702850699425],
              [-8887201.046479862183332, 5047934.076552160084248],
              [-8887416.563740914687514, 5048066.145699591375887],
              [-8887624.873677929863334, 5048209.313152789138258],
              [-8887825.405327850952744, 5048363.186499717645347],
              [-8888017.609047362580895, 5048527.343984226696193],
              [-8888200.958019431680441, 5048701.335662063211203],
              [-8888374.949697267264128, 5048884.684634131379426],
              [-8888539.107181776314974, 5049076.888353643007576],
              [-8888692.980528704822063, 5049277.420003564096987],
              [-8888836.147981902584434, 5049485.729940579272807],
              [-8888968.217129332944751, 5049701.247201631776989],
              [-8889088.825978644192219, 5049923.381068889051676],
              [-8889197.643949361518025, 5050151.522688861936331],
              [-8889294.372778991237283, 5050385.046741226688027],
              [-8889378.747340535745025, 5050623.313152789138258],
              [-8889450.536369185894728, 5050865.668851876631379],
              [-8889509.543096205219626, 5051111.449558363296092],
              [-8889555.605788255110383, 5051359.981604417786002],
              [-8889588.598190700635314, 5051610.583780975081027],
              [-8889608.429873656481504, 5051862.569204891100526],
              [-8889615.046479862183332, 5052115.247201631776989],
              [-8889608.429873656481504, 5052367.925198372453451],
              [-8889588.598190700635314, 5052619.910622287541628],
              [-8889555.605788255110383, 5052870.512798845767975],
              [-8889509.543096205219626, 5053119.044844900257885],
              [-8889450.536369185894728, 5053364.825551386922598],
              [-8889378.747340535745025, 5053607.18125047441572],
              [-8889294.372778991237283, 5053845.44766203686595],
              [-8889197.643949361518025, 5054078.971714401617646],
              [-8889088.825978644192219, 5054307.113334374502301],
              [-8888968.217129332944751, 5054529.247201631776989],
              [-8888836.147981902584434, 5054744.76446268428117],
              [-8888692.980528704822063, 5054953.07439969945699],
              [-8888539.107181776314974, 5055153.606049620546401],
              [-8888374.949697267264128, 5055345.809769132174551],
              [-8888200.958019431680441, 5055529.158741200342774],
              [-8888017.609047362580895, 5055703.150419036857784],
              [-8887825.405327850952744, 5055867.30790354590863],
              [-8887624.873677929863334, 5056021.18125047441572],
              [-8887416.563740914687514, 5056164.34870367217809],
              [-8887201.046479862183332, 5056296.417851103469729],
              [-8886978.912612603977323, 5056417.026700412854552],
              [-8886750.770992632955313, 5056525.844671130180359],
              [-8886517.246940266340971, 5056622.573500759899616],
              [-8886278.980528704822063, 5056706.948062304407358],
              [-8886036.624829616397619, 5056778.737090955488384],
              [-8885790.844123130664229, 5056837.743817974813282],
              [-8885542.312077077105641, 5056883.806510024704039],
              [-8885291.709900518879294, 5056916.79891247022897],
              [-8885039.724476603791118, 5056936.630595427006483],
              [-8884787.046479862183332, 5056943.247201631776989],
              [-8884534.368483120575547, 5056936.630595427006483],
              [-8884282.38305920548737, 5056916.79891247022897],
              [-8884031.780882647261024, 5056883.806510024704039],
              [-8883783.248836593702435, 5056837.743817974813282],
              [-8883537.468130107969046, 5056778.737090955488384],
              [-8883295.112431019544601, 5056706.948062304407358],
              [-8883056.846019458025694, 5056622.573500759899616],
              [-8882823.321967091411352, 5056525.844671130180359],
              [-8882595.180347120389342, 5056417.026700412854552],
              [-8882373.046479862183332, 5056296.417851103469729],
              [-8882157.529218809679151, 5056164.34870367217809],
              [-8881949.219281794503331, 5056021.18125047441572],
              [-8881748.68763187341392, 5055867.30790354590863],
              [-8881556.483912361785769, 5055703.150419036857784],
              [-8881373.134940292686224, 5055529.158741200342774],
              [-8881199.143262457102537, 5055345.809769132174551],
              [-8881034.985777948051691, 5055153.606049620546401],
              [-8880881.112431019544601, 5054953.07439969945699],
              [-8880737.944977821782231, 5054744.76446268428117],
              [-8880605.875830391421914, 5054529.247201631776989],
              [-8880485.266981080174446, 5054307.113334374502301],
              [-8880376.449010362848639, 5054078.971714401617646],
              [-8880279.720180733129382, 5053845.44766203686595],
              [-8880195.34561918862164, 5053607.18125047441572],
              [-8880123.556590538471937, 5053364.825551386922598],
              [-8880064.549863519147038, 5053119.044844900257885],
              [-8880018.487171469256282, 5052870.512798845767975],
              [-8879985.494769023731351, 5052619.91062228847295],
              [-8879965.66308606788516, 5052367.925198372453451],
              [-8879959.046479862183332, 5052115.247201631776989]
            ]
          ]
        ]
      }
    },
    {
      "type": "Feature",
      "properties": {
        "fclty__": "Seward Generation Station",
        "plnt_nm": "Seward (PA)",
        "utlty_n": "Seward Generating LLC",
        "strt_dd": "595 Plant Road",
        "city": "New Florence",
        "state": "Pennsylvania",
        "zip": 15944,
        "prm_src": "coal"
      },
      "geometry": {
        "type": "MultiPolygon",
        "coordinates": [
          [
            [
              [-8793158.786728713661432, 4925154.236734663136303],
              [-8793165.40333491936326, 4924901.558737922459841],
              [-8793185.235017875209451, 4924649.573314006440341],
              [-8793218.227420320734382, 4924398.971137449145317],
              [-8793264.290112370625138, 4924150.439091394655406],
              [-8793323.296839389950037, 4923904.658384907990694],
              [-8793395.08586804009974, 4923662.302685820497572],
              [-8793479.460429584607482, 4923424.036274258047342],
              [-8793576.189259214326739, 4923190.512221893295646],
              [-8793685.007229931652546, 4922962.370601920410991],
              [-8793805.616079242900014, 4922740.236734663136303],
              [-8793937.685226673260331, 4922524.719473610632122],
              [-8794080.852679871022701, 4922316.409536595456302],
              [-8794234.726026799529791, 4922115.877886674366891],
              [-8794398.883511308580637, 4921923.67416716273874],
              [-8794572.875189144164324, 4921740.325195094570518],
              [-8794756.224161213263869, 4921566.333517258055508],
              [-8794948.42788072489202, 4921402.176032749004662],
              [-8795148.959530645981431, 4921248.302685820497572],
              [-8795357.26946766115725, 4921105.135232622735202],
              [-8795572.786728713661432, 4920973.066085191443563],
              [-8795794.920595971867442, 4920852.45723588205874],
              [-8796023.062215942889452, 4920743.639265164732933],
              [-8796256.586268309503794, 4920646.910435535013676],
              [-8796494.852679871022701, 4920562.535873990505934],
              [-8796737.208378959447145, 4920490.746845339424908],
              [-8796982.989085445180535, 4920431.740118320100009],
              [-8797231.521131498739123, 4920385.677426270209253],
              [-8797482.12330805696547, 4920352.685023824684322],
              [-8797734.108731972053647, 4920332.853340867906809],
              [-8797986.786728713661432, 4920326.236734663136303],
              [-8798239.464725455269217, 4920332.853340867906809],
              [-8798491.450149370357394, 4920352.685023824684322],
              [-8798742.052325928583741, 4920385.677426270209253],
              [-8798990.584371982142329, 4920431.740118320100009],
              [-8799236.365078467875719, 4920490.746845339424908],
              [-8799478.720777556300163, 4920562.535873990505934],
              [-8799716.987189117819071, 4920646.910435535013676],
              [-8799950.511241484433413, 4920743.639265164732933],
              [-8800178.652861455455422, 4920852.45723588205874],
              [-8800400.786728713661432, 4920973.066085191443563],
              [-8800616.303989766165614, 4921105.135232622735202],
              [-8800824.613926781341434, 4921248.302685820497572],
              [-8801025.145576702430844, 4921402.176032749004662],
              [-8801217.349296214058995, 4921566.333517258055508],
              [-8801400.698268283158541, 4921740.325195094570518],
              [-8801574.689946118742228, 4921923.67416716273874],
              [-8801738.847430627793074, 4922115.877886674366891],
              [-8801892.720777556300163, 4922316.409536595456302],
              [-8802035.888230754062533, 4922524.719473610632122],
              [-8802167.957378184422851, 4922740.236734663136303],
              [-8802288.566227495670319, 4922962.370601920410991],
              [-8802397.384198212996125, 4923190.512221893295646],
              [-8802494.113027842715383, 4923424.036274258047342],
              [-8802578.487589387223125, 4923662.302685820497572],
              [-8802650.276618037372828, 4923904.658384907990694],
              [-8802709.283345056697726, 4924150.439091394655406],
              [-8802755.346037106588483, 4924398.971137449145317],
              [-8802788.338439552113414, 4924649.573314006440341],
              [-8802808.170122507959604, 4924901.558737922459841],
              [-8802814.786728713661432, 4925154.236734663136303],
              [-8802808.170122507959604, 4925406.914731403812766],
              [-8802788.338439552113414, 4925658.900155318900943],
              [-8802755.346037106588483, 4925909.50233187712729],
              [-8802709.283345056697726, 4926158.0343779316172],
              [-8802650.276618037372828, 4926403.815084418281913],
              [-8802578.487589387223125, 4926646.170783505775034],
              [-8802494.113027842715383, 4926884.437195068225265],
              [-8802397.384198212996125, 4927117.961247432976961],
              [-8802288.566227495670319, 4927346.102867405861616],
              [-8802167.957378184422851, 4927568.236734663136303],
              [-8802035.888230754062533, 4927783.753995715640485],
              [-8801892.720777556300163, 4927992.063932730816305],
              [-8801738.847430627793074, 4928192.595582651905715],
              [-8801574.689946118742228, 4928384.799302163533866],
              [-8801400.698268283158541, 4928568.148274231702089],
              [-8801217.349296214058995, 4928742.139952068217099],
              [-8801025.145576702430844, 4928906.297436577267945],
              [-8800824.613926781341434, 4929060.170783505775034],
              [-8800616.303989766165614, 4929203.338236703537405],
              [-8800400.786728713661432, 4929335.407384134829044],
              [-8800178.652861455455422, 4929456.016233444213867],
              [-8799950.511241484433413, 4929564.834204161539674],
              [-8799716.987189117819071, 4929661.563033791258931],
              [-8799478.720777556300163, 4929745.937595335766673],
              [-8799236.365078467875719, 4929817.726623986847699],
              [-8798990.584371982142329, 4929876.733351006172597],
              [-8798742.052325928583741, 4929922.796043056063354],
              [-8798491.450149370357394, 4929955.788445501588285],
              [-8798239.464725455269217, 4929975.620128458365798],
              [-8797986.786728713661432, 4929982.236734663136303],
              [-8797734.108731972053647, 4929975.620128458365798],
              [-8797482.12330805696547, 4929955.788445501588285],
              [-8797231.521131498739123, 4929922.796043056063354],
              [-8796982.989085445180535, 4929876.733351006172597],
              [-8796737.208378959447145, 4929817.726623986847699],
              [-8796494.852679871022701, 4929745.937595335766673],
              [-8796256.586268309503794, 4929661.563033791258931],
              [-8796023.062215942889452, 4929564.834204161539674],
              [-8795794.920595971867442, 4929456.016233444213867],
              [-8795572.786728713661432, 4929335.407384134829044],
              [-8795357.26946766115725, 4929203.338236703537405],
              [-8795148.959530645981431, 4929060.170783505775034],
              [-8794948.42788072489202, 4928906.297436577267945],
              [-8794756.224161213263869, 4928742.139952068217099],
              [-8794572.875189144164324, 4928568.148274231702089],
              [-8794398.883511308580637, 4928384.799302163533866],
              [-8794234.726026799529791, 4928192.595582651905715],
              [-8794080.852679871022701, 4927992.063932730816305],
              [-8793937.685226673260331, 4927783.753995715640485],
              [-8793805.616079242900014, 4927568.236734663136303],
              [-8793685.007229931652546, 4927346.102867405861616],
              [-8793576.189259214326739, 4927117.961247432976961],
              [-8793479.460429584607482, 4926884.437195068225265],
              [-8793395.08586804009974, 4926646.170783505775034],
              [-8793323.296839389950037, 4926403.815084418281913],
              [-8793264.290112370625138, 4926158.0343779316172],
              [-8793218.227420320734382, 4925909.50233187712729],
              [-8793185.235017875209451, 4925658.900155319832265],
              [-8793165.40333491936326, 4925406.914731403812766],
              [-8793158.786728713661432, 4925154.236734663136303]
            ]
          ]
        ]
      }
    },
    {
      "type": "Feature",
      "properties": {
        "fclty__": "Shawnee Fossil Plant",
        "plnt_nm": "Shawnee",
        "utlty_n": "Tennessee Valley Authority",
        "strt_dd": "7900 Metropolis Lake Rd.",
        "city": "West Paducah",
        "state": "Kentucky",
        "zip": 42086,
        "prm_src": "coal"
      },
      "geometry": {
        "type": "MultiPolygon",
        "coordinates": [
          [
            [
              [-9877559.795172862708569, 4460272.957608032040298],
              [-9877566.411779068410397, 4460020.279611291363835],
              [-9877586.243462024256587, 4459768.294187375344336],
              [-9877619.235864469781518, 4459517.692010818049312],
              [-9877665.298556519672275, 4459269.159964763559401],
              [-9877724.305283538997173, 4459023.379258276894689],
              [-9877796.094312189146876, 4458781.023559189401567],
              [-9877880.468873733654618, 4458542.757147626951337],
              [-9877977.197703363373876, 4458309.23309526219964],
              [-9878086.015674080699682, 4458081.091475289314985],
              [-9878206.62452339194715, 4457858.957608032040298],
              [-9878338.693670822307467, 4457643.440346979536116],
              [-9878481.861124020069838, 4457435.130409964360297],
              [-9878635.734470948576927, 4457234.598760043270886],
              [-9878799.891955457627773, 4457042.395040531642735],
              [-9878973.88363329321146, 4456859.046068463474512],
              [-9879157.232605362311006, 4456685.054390626959503],
              [-9879349.436324873939157, 4456520.896906117908657],
              [-9879549.967974795028567, 4456367.023559189401567],
              [-9879758.277911810204387, 4456223.856105991639197],
              [-9879973.795172862708569, 4456091.786958560347557],
              [-9880195.929040120914578, 4455971.178109250962734],
              [-9880424.070660091936588, 4455862.360138533636928],
              [-9880657.59471245855093, 4455765.63130890391767],
              [-9880895.861124020069838, 4455681.256747359409928],
              [-9881138.216823108494282, 4455609.467718708328903],
              [-9881383.997529594227672, 4455550.460991689004004],
              [-9881632.52957564778626, 4455504.398299639113247],
              [-9881883.131752206012607, 4455471.405897193588316],
              [-9882135.117176121100783, 4455451.574214236810803],
              [-9882387.795172862708569, 4455444.957608032040298],
              [-9882640.473169604316354, 4455451.574214236810803],
              [-9882892.458593519404531, 4455471.405897193588316],
              [-9883143.060770077630877, 4455504.398299639113247],
              [-9883391.592816131189466, 4455550.460991689004004],
              [-9883637.373522616922855, 4455609.467718708328903],
              [-9883879.7292217053473, 4455681.256747359409928],
              [-9884117.995633266866207, 4455765.63130890391767],
              [-9884351.519685633480549, 4455862.360138533636928],
              [-9884579.661305604502559, 4455971.178109250962734],
              [-9884801.795172862708569, 4456091.786958560347557],
              [-9885017.31243391521275, 4456223.856105991639197],
              [-9885225.62237093038857, 4456367.023559189401567],
              [-9885426.154020851477981, 4456520.896906117908657],
              [-9885618.357740363106132, 4456685.054390626959503],
              [-9885801.706712432205677, 4456859.046068463474512],
              [-9885975.698390267789364, 4457042.395040531642735],
              [-9886139.85587477684021, 4457234.598760043270886],
              [-9886293.7292217053473, 4457435.130409964360297],
              [-9886436.89667490310967, 4457643.440346979536116],
              [-9886568.965822333469987, 4457858.957608032040298],
              [-9886689.574671644717455, 4458081.091475289314985],
              [-9886798.392642362043262, 4458309.23309526219964],
              [-9886895.121471991762519, 4458542.757147626951337],
              [-9886979.496033536270261, 4458781.023559189401567],
              [-9887051.285062186419964, 4459023.379258276894689],
              [-9887110.291789205744863, 4459269.159964763559401],
              [-9887156.354481255635619, 4459517.692010818049312],
              [-9887189.34688370116055, 4459768.294187375344336],
              [-9887209.178566657006741, 4460020.279611291363835],
              [-9887215.795172862708569, 4460272.957608032040298],
              [-9887209.178566657006741, 4460525.635604772716761],
              [-9887189.34688370116055, 4460777.621028687804937],
              [-9887156.354481255635619, 4461028.223205246031284],
              [-9887110.291789205744863, 4461276.755251300521195],
              [-9887051.285062186419964, 4461522.535957787185907],
              [-9886979.496033536270261, 4461764.891656874679029],
              [-9886895.121471991762519, 4462003.158068437129259],
              [-9886798.392642362043262, 4462236.682120801880956],
              [-9886689.574671644717455, 4462464.823740774765611],
              [-9886568.965822333469987, 4462686.957608032040298],
              [-9886436.89667490310967, 4462902.47486908454448],
              [-9886293.7292217053473, 4463110.784806099720299],
              [-9886139.85587477684021, 4463311.31645602080971],
              [-9885975.698390267789364, 4463503.520175532437861],
              [-9885801.706712432205677, 4463686.869147600606084],
              [-9885618.357740363106132, 4463860.860825437121093],
              [-9885426.154020851477981, 4464025.018309946171939],
              [-9885225.62237093038857, 4464178.891656874679029],
              [-9885017.31243391521275, 4464322.059110072441399],
              [-9884801.795172862708569, 4464454.128257503733039],
              [-9884579.661305604502559, 4464574.737106813117862],
              [-9884351.519685633480549, 4464683.555077530443668],
              [-9884117.995633266866207, 4464780.283907160162926],
              [-9883879.7292217053473, 4464864.658468704670668],
              [-9883637.373522616922855, 4464936.447497355751693],
              [-9883391.592816131189466, 4464995.454224375076592],
              [-9883143.060770077630877, 4465041.516916424967349],
              [-9882892.458593519404531, 4465074.50931887049228],
              [-9882640.473169604316354, 4465094.341001827269793],
              [-9882387.795172862708569, 4465100.957608032040298],
              [-9882135.117176121100783, 4465094.341001827269793],
              [-9881883.131752206012607, 4465074.50931887049228],
              [-9881632.52957564778626, 4465041.516916424967349],
              [-9881383.997529594227672, 4464995.454224375076592],
              [-9881138.216823108494282, 4464936.447497355751693],
              [-9880895.861124020069838, 4464864.658468704670668],
              [-9880657.59471245855093, 4464780.283907160162926],
              [-9880424.070660091936588, 4464683.555077530443668],
              [-9880195.929040120914578, 4464574.737106813117862],
              [-9879973.795172862708569, 4464454.128257503733039],
              [-9879758.277911810204387, 4464322.059110072441399],
              [-9879549.967974795028567, 4464178.891656874679029],
              [-9879349.436324873939157, 4464025.018309946171939],
              [-9879157.232605362311006, 4463860.860825437121093],
              [-9878973.88363329321146, 4463686.869147600606084],
              [-9878799.891955457627773, 4463503.520175532437861],
              [-9878635.734470948576927, 4463311.31645602080971],
              [-9878481.861124020069838, 4463110.784806099720299],
              [-9878338.693670822307467, 4462902.47486908454448],
              [-9878206.62452339194715, 4462686.957608032040298],
              [-9878086.015674080699682, 4462464.823740774765611],
              [-9877977.197703363373876, 4462236.682120801880956],
              [-9877880.468873733654618, 4462003.158068437129259],
              [-9877796.094312189146876, 4461764.891656874679029],
              [-9877724.305283538997173, 4461522.535957787185907],
              [-9877665.298556519672275, 4461276.755251300521195],
              [-9877619.235864469781518, 4461028.223205246031284],
              [-9877586.243462024256587, 4460777.62102868873626],
              [-9877566.411779068410397, 4460525.635604772716761],
              [-9877559.795172862708569, 4460272.957608032040298]
            ]
          ]
        ]
      }
    },
    {
      "type": "Feature",
      "properties": {
        "fclty__": "Sioux Energy Center",
        "plnt_nm": "Sioux",
        "utlty_n": "Union Electric Co - (MO)",
        "strt_dd": "8501 N. State Route 94",
        "city": "West Alton",
        "state": "Missouri",
        "zip": 63386,
        "prm_src": "coal"
      },
      "geometry": {
        "type": "MultiPolygon",
        "coordinates": [
          [
            [
              [-10046236.319638894870877, 4709571.885679733008146],
              [-10046242.936245100572705, 4709319.207682992331684],
              [-10046262.767928056418896, 4709067.222259076312184],
              [-10046295.760330501943827, 4708816.62008251901716],
              [-10046341.823022551834583, 4708568.088036464527249],
              [-10046400.829749571159482, 4708322.307329977862537],
              [-10046472.618778221309185, 4708079.951630890369415],
              [-10046556.993339765816927, 4707841.685219327919185],
              [-10046653.722169395536184, 4707608.161166963167489],
              [-10046762.540140112861991, 4707380.019546990282834],
              [-10046883.148989424109459, 4707157.885679733008146],
              [-10047015.218136854469776, 4706942.368418680503964],
              [-10047158.385590052232146, 4706734.058481665328145],
              [-10047312.258936980739236, 4706533.526831744238734],
              [-10047476.416421489790082, 4706341.323112232610583],
              [-10047650.408099325373769, 4706157.97414016444236],
              [-10047833.757071394473314, 4705983.982462327927351],
              [-10048025.960790906101465, 4705819.824977818876505],
              [-10048226.492440827190876, 4705665.951630890369415],
              [-10048434.802377842366695, 4705522.784177692607045],
              [-10048650.319638894870877, 4705390.715030261315405],
              [-10048872.453506153076887, 4705270.106180951930583],
              [-10049100.595126124098897, 4705161.288210234604776],
              [-10049334.119178490713239, 4705064.559380604885519],
              [-10049572.385590052232146, 4704980.184819060377777],
              [-10049814.74128914065659, 4704908.395790409296751],
              [-10050060.52199562638998, 4704849.389063389971852],
              [-10050309.054041679948568, 4704803.326371340081096],
              [-10050559.656218238174915, 4704770.333968894556165],
              [-10050811.641642153263092, 4704750.502285937778652],
              [-10051064.319638894870877, 4704743.885679733008146],
              [-10051316.997635636478662, 4704750.502285937778652],
              [-10051568.983059551566839, 4704770.333968894556165],
              [-10051819.585236109793186, 4704803.326371340081096],
              [-10052068.117282163351774, 4704849.389063389971852],
              [-10052313.897988649085164, 4704908.395790409296751],
              [-10052556.253687737509608, 4704980.184819060377777],
              [-10052794.520099299028516, 4705064.559380604885519],
              [-10053028.044151665642858, 4705161.288210234604776],
              [-10053256.185771636664867, 4705270.106180951930583],
              [-10053478.319638894870877, 4705390.715030261315405],
              [-10053693.836899947375059, 4705522.784177692607045],
              [-10053902.146836962550879, 4705665.951630890369415],
              [-10054102.678486883640289, 4705819.824977818876505],
              [-10054294.88220639526844, 4705983.982462327927351],
              [-10054478.231178464367986, 4706157.97414016444236],
              [-10054652.222856299951673, 4706341.323112232610583],
              [-10054816.380340809002519, 4706533.526831744238734],
              [-10054970.253687737509608, 4706734.058481665328145],
              [-10055113.421140935271978, 4706942.368418680503964],
              [-10055245.490288365632296, 4707157.885679733008146],
              [-10055366.099137676879764, 4707380.019546990282834],
              [-10055474.91710839420557, 4707608.161166963167489],
              [-10055571.645938023924828, 4707841.685219327919185],
              [-10055656.02049956843257, 4708079.951630890369415],
              [-10055727.809528218582273, 4708322.307329977862537],
              [-10055786.816255237907171, 4708568.088036464527249],
              [-10055832.878947287797928, 4708816.62008251901716],
              [-10055865.871349733322859, 4709067.222259076312184],
              [-10055885.703032689169049, 4709319.207682992331684],
              [-10055892.319638894870877, 4709571.885679733008146],
              [-10055885.703032689169049, 4709824.563676473684609],
              [-10055865.871349733322859, 4710076.549100388772786],
              [-10055832.878947287797928, 4710327.151276946999133],
              [-10055786.816255237907171, 4710575.683323001489043],
              [-10055727.809528218582273, 4710821.464029488153756],
              [-10055656.02049956843257, 4711063.819728575646877],
              [-10055571.645938023924828, 4711302.086140138097107],
              [-10055474.91710839420557, 4711535.610192502848804],
              [-10055366.099137676879764, 4711763.751812475733459],
              [-10055245.490288365632296, 4711985.885679733008146],
              [-10055113.421140935271978, 4712201.402940785512328],
              [-10054970.253687737509608, 4712409.712877800688148],
              [-10054816.380340809002519, 4712610.244527721777558],
              [-10054652.222856299951673, 4712802.448247233405709],
              [-10054478.231178464367986, 4712985.797219301573932],
              [-10054294.88220639526844, 4713159.788897138088942],
              [-10054102.678486883640289, 4713323.946381647139788],
              [-10053902.146836962550879, 4713477.819728575646877],
              [-10053693.836899947375059, 4713620.987181773409247],
              [-10053478.319638894870877, 4713753.056329204700887],
              [-10053256.185771636664867, 4713873.66517851408571],
              [-10053028.044151665642858, 4713982.483149231411517],
              [-10052794.520099299028516, 4714079.211978861130774],
              [-10052556.253687737509608, 4714163.586540405638516],
              [-10052313.897988649085164, 4714235.375569056719542],
              [-10052068.117282163351774, 4714294.38229607604444],
              [-10051819.585236109793186, 4714340.444988125935197],
              [-10051568.983059551566839, 4714373.437390571460128],
              [-10051316.997635636478662, 4714393.269073528237641],
              [-10051064.319638894870877, 4714399.885679733008146],
              [-10050811.641642153263092, 4714393.269073528237641],
              [-10050559.656218238174915, 4714373.437390571460128],
              [-10050309.054041679948568, 4714340.444988125935197],
              [-10050060.52199562638998, 4714294.38229607604444],
              [-10049814.74128914065659, 4714235.375569056719542],
              [-10049572.385590052232146, 4714163.586540405638516],
              [-10049334.119178490713239, 4714079.211978861130774],
              [-10049100.595126124098897, 4713982.483149231411517],
              [-10048872.453506153076887, 4713873.66517851408571],
              [-10048650.319638894870877, 4713753.056329204700887],
              [-10048434.802377842366695, 4713620.987181773409247],
              [-10048226.492440827190876, 4713477.819728575646877],
              [-10048025.960790906101465, 4713323.946381647139788],
              [-10047833.757071394473314, 4713159.788897138088942],
              [-10047650.408099325373769, 4712985.797219301573932],
              [-10047476.416421489790082, 4712802.448247233405709],
              [-10047312.258936980739236, 4712610.244527721777558],
              [-10047158.385590052232146, 4712409.712877800688148],
              [-10047015.218136854469776, 4712201.402940785512328],
              [-10046883.148989424109459, 4711985.885679733008146],
              [-10046762.540140112861991, 4711763.751812475733459],
              [-10046653.722169395536184, 4711535.610192502848804],
              [-10046556.993339765816927, 4711302.086140138097107],
              [-10046472.618778221309185, 4711063.819728575646877],
              [-10046400.829749571159482, 4710821.464029488153756],
              [-10046341.823022551834583, 4710575.683323001489043],
              [-10046295.760330501943827, 4710327.151276946999133],
              [-10046262.767928056418896, 4710076.549100389704108],
              [-10046242.936245100572705, 4709824.563676473684609],
              [-10046236.319638894870877, 4709571.885679733008146]
            ]
          ]
        ]
      }
    },
    {
      "type": "Feature",
      "properties": {
        "fclty__": "Sooner Unit 1 and Unit 2",
        "plnt_nm": "Sooner",
        "utlty_n": "Oklahoma Gas & Electric Co",
        "strt_dd": "10800 County Road 230",
        "city": "Red Rock",
        "state": "Oklahoma",
        "zip": 73061,
        "prm_src": "coal"
      },
      "geometry": {
        "type": "MultiPolygon",
        "coordinates": [
          [
            [
              [-10799039.16286651417613, 4363143.530891099013388],
              [-10799045.779472719877958, 4362890.852894358336926],
              [-10799065.611155675724149, 4362638.867470442317426],
              [-10799098.60355812124908, 4362388.265293885022402],
              [-10799144.666250171139836, 4362139.733247830532491],
              [-10799203.672977190464735, 4361893.952541343867779],
              [-10799275.462005840614438, 4361651.596842256374657],
              [-10799359.83656738512218, 4361413.330430693924427],
              [-10799456.565397014841437, 4361179.80637832917273],
              [-10799565.383367732167244, 4360951.664758356288075],
              [-10799685.992217043414712, 4360729.530891099013388],
              [-10799818.061364473775029, 4360514.013630046509206],
              [-10799961.228817671537399, 4360305.703693031333387],
              [-10800115.102164600044489, 4360105.172043110243976],
              [-10800279.259649109095335, 4359912.968323598615825],
              [-10800453.251326944679022, 4359729.619351530447602],
              [-10800636.600299013778567, 4359555.627673693932593],
              [-10800828.804018525406718, 4359391.470189184881747],
              [-10801029.335668446496129, 4359237.596842256374657],
              [-10801237.645605461671948, 4359094.429389058612287],
              [-10801453.16286651417613, 4358962.360241627320647],
              [-10801675.29673377238214, 4358841.751392317935824],
              [-10801903.43835374340415, 4358732.933421600610018],
              [-10802136.962406110018492, 4358636.20459197089076],
              [-10802375.228817671537399, 4358551.830030426383018],
              [-10802617.584516759961843, 4358480.041001775301993],
              [-10802863.365223245695233, 4358421.034274755977094],
              [-10803111.897269299253821, 4358374.971582706086338],
              [-10803362.499445857480168, 4358341.979180260561407],
              [-10803614.484869772568345, 4358322.147497303783894],
              [-10803867.16286651417613, 4358315.530891099013388],
              [-10804119.840863255783916, 4358322.147497303783894],
              [-10804371.826287170872092, 4358341.979180260561407],
              [-10804622.428463729098439, 4358374.971582706086338],
              [-10804870.960509782657027, 4358421.034274755977094],
              [-10805116.741216268390417, 4358480.041001775301993],
              [-10805359.096915356814861, 4358551.830030426383018],
              [-10805597.363326918333769, 4358636.20459197089076],
              [-10805830.887379284948111, 4358732.933421600610018],
              [-10806059.02899925597012, 4358841.751392317935824],
              [-10806281.16286651417613, 4358962.360241627320647],
              [-10806496.680127566680312, 4359094.429389058612287],
              [-10806704.990064581856132, 4359237.596842256374657],
              [-10806905.521714502945542, 4359391.470189184881747],
              [-10807097.725434014573693, 4359555.627673693932593],
              [-10807281.074406083673239, 4359729.619351530447602],
              [-10807455.066083919256926, 4359912.968323598615825],
              [-10807619.223568428307772, 4360105.172043110243976],
              [-10807773.096915356814861, 4360305.703693031333387],
              [-10807916.264368554577231, 4360514.013630046509206],
              [-10808048.333515984937549, 4360729.530891099013388],
              [-10808168.942365296185017, 4360951.664758356288075],
              [-10808277.760336013510823, 4361179.80637832917273],
              [-10808374.489165643230081, 4361413.330430693924427],
              [-10808458.863727187737823, 4361651.596842256374657],
              [-10808530.652755837887526, 4361893.952541343867779],
              [-10808589.659482857212424, 4362139.733247830532491],
              [-10808635.722174907103181, 4362388.265293885022402],
              [-10808668.714577352628112, 4362638.867470442317426],
              [-10808688.546260308474302, 4362890.852894358336926],
              [-10808695.16286651417613, 4363143.530891099013388],
              [-10808688.546260308474302, 4363396.208887839689851],
              [-10808668.714577352628112, 4363648.194311754778028],
              [-10808635.722174907103181, 4363898.796488313004375],
              [-10808589.659482857212424, 4364147.328534367494285],
              [-10808530.652755837887526, 4364393.109240854158998],
              [-10808458.863727187737823, 4364635.464939941652119],
              [-10808374.489165643230081, 4364873.731351504102349],
              [-10808277.760336013510823, 4365107.255403868854046],
              [-10808168.942365296185017, 4365335.397023841738701],
              [-10808048.333515984937549, 4365557.530891099013388],
              [-10807916.264368554577231, 4365773.04815215151757],
              [-10807773.096915356814861, 4365981.358089166693389],
              [-10807619.223568428307772, 4366181.8897390877828],
              [-10807455.066083919256926, 4366374.093458599410951],
              [-10807281.074406083673239, 4366557.442430667579174],
              [-10807097.725434014573693, 4366731.434108504094183],
              [-10806905.521714502945542, 4366895.59159301314503],
              [-10806704.990064581856132, 4367049.464939941652119],
              [-10806496.680127566680312, 4367192.632393139414489],
              [-10806281.16286651417613, 4367324.701540570706129],
              [-10806059.02899925597012, 4367445.310389880090952],
              [-10805830.887379284948111, 4367554.128360597416759],
              [-10805597.363326918333769, 4367650.857190227136016],
              [-10805359.096915356814861, 4367735.231751771643758],
              [-10805116.741216268390417, 4367807.020780422724783],
              [-10804870.960509782657027, 4367866.027507442049682],
              [-10804622.428463729098439, 4367912.090199491940439],
              [-10804371.826287170872092, 4367945.08260193746537],
              [-10804119.840863255783916, 4367964.914284894242883],
              [-10803867.16286651417613, 4367971.530891099013388],
              [-10803614.484869772568345, 4367964.914284894242883],
              [-10803362.499445857480168, 4367945.08260193746537],
              [-10803111.897269299253821, 4367912.090199491940439],
              [-10802863.365223245695233, 4367866.027507442049682],
              [-10802617.584516759961843, 4367807.020780422724783],
              [-10802375.228817671537399, 4367735.231751771643758],
              [-10802136.962406110018492, 4367650.857190227136016],
              [-10801903.43835374340415, 4367554.128360597416759],
              [-10801675.29673377238214, 4367445.310389880090952],
              [-10801453.16286651417613, 4367324.701540570706129],
              [-10801237.645605461671948, 4367192.632393139414489],
              [-10801029.335668446496129, 4367049.464939941652119],
              [-10800828.804018525406718, 4366895.59159301314503],
              [-10800636.600299013778567, 4366731.434108504094183],
              [-10800453.251326944679022, 4366557.442430667579174],
              [-10800279.259649109095335, 4366374.093458599410951],
              [-10800115.102164600044489, 4366181.8897390877828],
              [-10799961.228817671537399, 4365981.358089166693389],
              [-10799818.061364473775029, 4365773.04815215151757],
              [-10799685.992217043414712, 4365557.530891099013388],
              [-10799565.383367732167244, 4365335.397023841738701],
              [-10799456.565397014841437, 4365107.255403868854046],
              [-10799359.83656738512218, 4364873.731351504102349],
              [-10799275.462005840614438, 4364635.464939941652119],
              [-10799203.672977190464735, 4364393.109240854158998],
              [-10799144.666250171139836, 4364147.328534367494285],
              [-10799098.60355812124908, 4363898.796488313004375],
              [-10799065.611155675724149, 4363648.19431175570935],
              [-10799045.779472719877958, 4363396.208887839689851],
              [-10799039.16286651417613, 4363143.530891099013388]
            ]
          ]
        ]
      }
    },
    {
      "type": "Feature",
      "properties": {
        "fclty__": "Spurlock Station",
        "plnt_nm": "H L Spurlock",
        "utlty_n": "East Kentucky Power Coop, Inc",
        "strt_dd": "Route 8 P.O. Box 398",
        "city": "Maysville",
        "state": "Kentucky",
        "zip": 41056,
        "prm_src": "coal"
      },
      "geometry": {
        "type": "MultiPolygon",
        "coordinates": [
          [
            [
              [-9325760.211259683594108, 4678789.796625015325844],
              [-9325766.827865889295936, 4678537.118628274649382],
              [-9325786.659548845142126, 4678285.133204358629882],
              [-9325819.651951290667057, 4678034.531027801334858],
              [-9325865.714643340557814, 4677785.998981746844947],
              [-9325924.721370359882712, 4677540.218275260180235],
              [-9325996.510399010032415, 4677297.862576172687113],
              [-9326080.884960554540157, 4677059.596164610236883],
              [-9326177.613790184259415, 4676826.072112245485187],
              [-9326286.431760901585221, 4676597.930492272600532],
              [-9326407.040610212832689, 4676375.796625015325844],
              [-9326539.109757643193007, 4676160.279363962821662],
              [-9326682.277210840955377, 4675951.969426947645843],
              [-9326836.150557769462466, 4675751.437777026556432],
              [-9327000.308042278513312, 4675559.234057514928281],
              [-9327174.299720114096999, 4675375.885085446760058],
              [-9327357.648692183196545, 4675201.893407610245049],
              [-9327549.852411694824696, 4675037.735923101194203],
              [-9327750.384061615914106, 4674883.862576172687113],
              [-9327958.693998631089926, 4674740.695122974924743],
              [-9328174.211259683594108, 4674608.625975543633103],
              [-9328396.345126941800117, 4674488.017126234248281],
              [-9328624.486746912822127, 4674379.199155516922474],
              [-9328858.010799279436469, 4674282.470325887203217],
              [-9329096.277210840955377, 4674198.095764342695475],
              [-9329338.632909929379821, 4674126.306735691614449],
              [-9329584.413616415113211, 4674067.30000867228955],
              [-9329832.945662468671799, 4674021.237316622398794],
              [-9330083.547839026898146, 4673988.244914176873863],
              [-9330335.533262941986322, 4673968.41323122009635],
              [-9330588.211259683594108, 4673961.796625015325844],
              [-9330840.889256425201893, 4673968.41323122009635],
              [-9331092.87468034029007, 4673988.244914176873863],
              [-9331343.476856898516417, 4674021.237316622398794],
              [-9331592.008902952075005, 4674067.30000867228955],
              [-9331837.789609437808394, 4674126.306735691614449],
              [-9332080.145308526232839, 4674198.095764342695475],
              [-9332318.411720087751746, 4674282.470325887203217],
              [-9332551.935772454366088, 4674379.199155516922474],
              [-9332780.077392425388098, 4674488.017126234248281],
              [-9333002.211259683594108, 4674608.625975543633103],
              [-9333217.728520736098289, 4674740.695122974924743],
              [-9333426.038457751274109, 4674883.862576172687113],
              [-9333626.57010767236352, 4675037.735923101194203],
              [-9333818.773827183991671, 4675201.893407610245049],
              [-9334002.122799253091216, 4675375.885085446760058],
              [-9334176.114477088674903, 4675559.234057514928281],
              [-9334340.271961597725749, 4675751.437777026556432],
              [-9334494.145308526232839, 4675951.969426947645843],
              [-9334637.312761723995209, 4676160.279363962821662],
              [-9334769.381909154355526, 4676375.796625015325844],
              [-9334889.990758465602994, 4676597.930492272600532],
              [-9334998.808729182928801, 4676826.072112245485187],
              [-9335095.537558812648058, 4677059.596164610236883],
              [-9335179.9121203571558, 4677297.862576172687113],
              [-9335251.701149007305503, 4677540.218275260180235],
              [-9335310.707876026630402, 4677785.998981746844947],
              [-9335356.770568076521158, 4678034.531027801334858],
              [-9335389.762970522046089, 4678285.133204358629882],
              [-9335409.59465347789228, 4678537.118628274649382],
              [-9335416.211259683594108, 4678789.796625015325844],
              [-9335409.59465347789228, 4679042.474621756002307],
              [-9335389.762970522046089, 4679294.460045671090484],
              [-9335356.770568076521158, 4679545.062222229316831],
              [-9335310.707876026630402, 4679793.594268283806741],
              [-9335251.701149007305503, 4680039.374974770471454],
              [-9335179.9121203571558, 4680281.730673857964575],
              [-9335095.537558812648058, 4680519.997085420414805],
              [-9334998.808729182928801, 4680753.521137785166502],
              [-9334889.990758465602994, 4680981.662757758051157],
              [-9334769.381909154355526, 4681203.796625015325844],
              [-9334637.312761723995209, 4681419.313886067830026],
              [-9334494.145308526232839, 4681627.623823083005846],
              [-9334340.271961597725749, 4681828.155473004095256],
              [-9334176.114477088674903, 4682020.359192515723407],
              [-9334002.122799253091216, 4682203.70816458389163],
              [-9333818.773827183991671, 4682377.69984242040664],
              [-9333626.57010767236352, 4682541.857326929457486],
              [-9333426.038457751274109, 4682695.730673857964575],
              [-9333217.728520736098289, 4682838.898127055726945],
              [-9333002.211259683594108, 4682970.967274487018585],
              [-9332780.077392425388098, 4683091.576123796403408],
              [-9332551.935772454366088, 4683200.394094513729215],
              [-9332318.411720087751746, 4683297.122924143448472],
              [-9332080.145308526232839, 4683381.497485687956214],
              [-9331837.789609437808394, 4683453.28651433903724],
              [-9331592.008902952075005, 4683512.293241358362138],
              [-9331343.476856898516417, 4683558.355933408252895],
              [-9331092.87468034029007, 4683591.348335853777826],
              [-9330840.889256425201893, 4683611.180018810555339],
              [-9330588.211259683594108, 4683617.796625015325844],
              [-9330335.533262941986322, 4683611.180018810555339],
              [-9330083.547839026898146, 4683591.348335853777826],
              [-9329832.945662468671799, 4683558.355933408252895],
              [-9329584.413616415113211, 4683512.293241358362138],
              [-9329338.632909929379821, 4683453.28651433903724],
              [-9329096.277210840955377, 4683381.497485687956214],
              [-9328858.010799279436469, 4683297.122924143448472],
              [-9328624.486746912822127, 4683200.394094513729215],
              [-9328396.345126941800117, 4683091.576123796403408],
              [-9328174.211259683594108, 4682970.967274487018585],
              [-9327958.693998631089926, 4682838.898127055726945],
              [-9327750.384061615914106, 4682695.730673857964575],
              [-9327549.852411694824696, 4682541.857326929457486],
              [-9327357.648692183196545, 4682377.69984242040664],
              [-9327174.299720114096999, 4682203.70816458389163],
              [-9327000.308042278513312, 4682020.359192515723407],
              [-9326836.150557769462466, 4681828.155473004095256],
              [-9326682.277210840955377, 4681627.623823083005846],
              [-9326539.109757643193007, 4681419.313886067830026],
              [-9326407.040610212832689, 4681203.796625015325844],
              [-9326286.431760901585221, 4680981.662757758051157],
              [-9326177.613790184259415, 4680753.521137785166502],
              [-9326080.884960554540157, 4680519.997085420414805],
              [-9325996.510399010032415, 4680281.730673857964575],
              [-9325924.721370359882712, 4680039.374974770471454],
              [-9325865.714643340557814, 4679793.594268283806741],
              [-9325819.651951290667057, 4679545.062222229316831],
              [-9325786.659548845142126, 4679294.460045672021806],
              [-9325766.827865889295936, 4679042.474621756002307],
              [-9325760.211259683594108, 4678789.796625015325844]
            ]
          ]
        ]
      }
    },
    {
      "type": "Feature",
      "properties": {
        "fclty__": "St. Nicholas Cogeneration Project",
        "plnt_nm": "St Nicholas Cogen Project",
        "utlty_n": "Schuylkill Energy Resource Inc",
        "strt_dd": "Hwy 54 E, Twp Rt. 851",
        "city": "Shenandoah",
        "state": "Pennsylvania",
        "zip": 17976,
        "prm_src": "coal"
      },
      "geometry": {
        "type": "MultiPolygon",
        "coordinates": [
          [
            [
              [-8474778.363890502601862, 4986151.471464331261814],
              [-8474784.98049670830369, 4985898.793467590585351],
              [-8474804.81217966414988, 4985646.808043674565852],
              [-8474837.804582109674811, 4985396.205867117270827],
              [-8474883.867274159565568, 4985147.673821062780917],
              [-8474942.874001178890467, 4984901.893114576116204],
              [-8475014.66302982904017, 4984659.537415488623083],
              [-8475099.037591373547912, 4984421.271003926172853],
              [-8475195.766421003267169, 4984187.746951561421156],
              [-8475304.584391720592976, 4983959.605331588536501],
              [-8475425.193241031840444, 4983737.471464331261814],
              [-8475557.262388462200761, 4983521.954203278757632],
              [-8475700.429841659963131, 4983313.644266263581812],
              [-8475854.303188588470221, 4983113.112616342492402],
              [-8476018.460673097521067, 4982920.908896830864251],
              [-8476192.452350933104753, 4982737.559924762696028],
              [-8476375.801323002204299, 4982563.568246926181018],
              [-8476568.00504251383245, 4982399.410762417130172],
              [-8476768.536692434921861, 4982245.537415488623083],
              [-8476976.84662945009768, 4982102.369962290860713],
              [-8477192.363890502601862, 4981970.300814859569073],
              [-8477414.497757760807872, 4981849.69196555018425],
              [-8477642.639377731829882, 4981740.873994832858443],
              [-8477876.163430098444223, 4981644.145165203139186],
              [-8478114.429841659963131, 4981559.770603658631444],
              [-8478356.785540748387575, 4981487.981575007550418],
              [-8478602.566247234120965, 4981428.97484798822552],
              [-8478851.098293287679553, 4981382.912155938334763],
              [-8479101.7004698459059, 4981349.919753492809832],
              [-8479353.685893760994077, 4981330.088070536032319],
              [-8479606.363890502601862, 4981323.471464331261814],
              [-8479859.041887244209647, 4981330.088070536032319],
              [-8480111.027311159297824, 4981349.919753492809832],
              [-8480361.629487717524171, 4981382.912155938334763],
              [-8480610.161533771082759, 4981428.97484798822552],
              [-8480855.942240256816149, 4981487.981575007550418],
              [-8481098.297939345240593, 4981559.770603658631444],
              [-8481336.564350906759501, 4981644.145165203139186],
              [-8481570.088403273373842, 4981740.873994832858443],
              [-8481798.230023244395852, 4981849.69196555018425],
              [-8482020.363890502601862, 4981970.300814859569073],
              [-8482235.881151555106044, 4982102.369962290860713],
              [-8482444.191088570281863, 4982245.537415488623083],
              [-8482644.722738491371274, 4982399.410762417130172],
              [-8482836.926458002999425, 4982563.568246926181018],
              [-8483020.27543007209897, 4982737.559924762696028],
              [-8483194.267107907682657, 4982920.908896830864251],
              [-8483358.424592416733503, 4983113.112616342492402],
              [-8483512.297939345240593, 4983313.644266263581812],
              [-8483655.465392543002963, 4983521.954203278757632],
              [-8483787.53453997336328, 4983737.471464331261814],
              [-8483908.143389284610748, 4983959.605331588536501],
              [-8484016.961360001936555, 4984187.746951561421156],
              [-8484113.690189631655812, 4984421.271003926172853],
              [-8484198.064751176163554, 4984659.537415488623083],
              [-8484269.853779826313257, 4984901.893114576116204],
              [-8484328.860506845638156, 4985147.673821062780917],
              [-8484374.923198895528913, 4985396.205867117270827],
              [-8484407.915601341053843, 4985646.808043674565852],
              [-8484427.747284296900034, 4985898.793467590585351],
              [-8484434.363890502601862, 4986151.471464331261814],
              [-8484427.747284296900034, 4986404.149461071938276],
              [-8484407.915601341053843, 4986656.134884987026453],
              [-8484374.923198895528913, 4986906.7370615452528],
              [-8484328.860506845638156, 4987155.269107599742711],
              [-8484269.853779826313257, 4987401.049814086407423],
              [-8484198.064751176163554, 4987643.405513173900545],
              [-8484113.690189631655812, 4987881.671924736350775],
              [-8484016.961360001936555, 4988115.195977101102471],
              [-8483908.143389284610748, 4988343.337597073987126],
              [-8483787.53453997336328, 4988565.471464331261814],
              [-8483655.465392543002963, 4988780.988725383765996],
              [-8483512.297939345240593, 4988989.298662398941815],
              [-8483358.424592416733503, 4989189.830312320031226],
              [-8483194.267107907682657, 4989382.034031831659377],
              [-8483020.27543007209897, 4989565.3830038998276],
              [-8482836.926458002999425, 4989739.374681736342609],
              [-8482644.722738491371274, 4989903.532166245393455],
              [-8482444.191088570281863, 4990057.405513173900545],
              [-8482235.881151555106044, 4990200.572966371662915],
              [-8482020.363890502601862, 4990332.642113802954555],
              [-8481798.230023244395852, 4990453.250963112339377],
              [-8481570.088403273373842, 4990562.068933829665184],
              [-8481336.564350906759501, 4990658.797763459384441],
              [-8481098.297939345240593, 4990743.172325003892183],
              [-8480855.942240256816149, 4990814.961353654973209],
              [-8480610.161533771082759, 4990873.968080674298108],
              [-8480361.629487717524171, 4990920.030772724188864],
              [-8480111.027311159297824, 4990953.023175169713795],
              [-8479859.041887244209647, 4990972.854858126491308],
              [-8479606.363890502601862, 4990979.471464331261814],
              [-8479353.685893760994077, 4990972.854858126491308],
              [-8479101.7004698459059, 4990953.023175169713795],
              [-8478851.098293287679553, 4990920.030772724188864],
              [-8478602.566247234120965, 4990873.968080674298108],
              [-8478356.785540748387575, 4990814.961353654973209],
              [-8478114.429841659963131, 4990743.172325003892183],
              [-8477876.163430098444223, 4990658.797763459384441],
              [-8477642.639377731829882, 4990562.068933829665184],
              [-8477414.497757760807872, 4990453.250963112339377],
              [-8477192.363890502601862, 4990332.642113802954555],
              [-8476976.84662945009768, 4990200.572966371662915],
              [-8476768.536692434921861, 4990057.405513173900545],
              [-8476568.00504251383245, 4989903.532166245393455],
              [-8476375.801323002204299, 4989739.374681736342609],
              [-8476192.452350933104753, 4989565.3830038998276],
              [-8476018.460673097521067, 4989382.034031831659377],
              [-8475854.303188588470221, 4989189.830312320031226],
              [-8475700.429841659963131, 4988989.298662398941815],
              [-8475557.262388462200761, 4988780.988725383765996],
              [-8475425.193241031840444, 4988565.471464331261814],
              [-8475304.584391720592976, 4988343.337597073987126],
              [-8475195.766421003267169, 4988115.195977101102471],
              [-8475099.037591373547912, 4987881.671924736350775],
              [-8475014.66302982904017, 4987643.405513173900545],
              [-8474942.874001178890467, 4987401.049814086407423],
              [-8474883.867274159565568, 4987155.269107599742711],
              [-8474837.804582109674811, 4986906.7370615452528],
              [-8474804.81217966414988, 4986656.134884987957776],
              [-8474784.98049670830369, 4986404.149461071938276],
              [-8474778.363890502601862, 4986151.471464331261814]
            ]
          ]
        ]
      }
    },
    {
      "type": "Feature",
      "properties": {
        "fclty__": "Thomas Hill Energy Center Unit 1 and Unit 2 Coal Fired Cyclone Boilers and Unit 3 Pulverized Coal Fired Tangential Boiler",
        "plnt_nm": "Thomas Hill",
        "utlty_n": "Associated Electric Coop, Inc",
        "strt_dd": "5693 Highway F",
        "city": "Clifton Hill",
        "state": "Missouri",
        "zip": 65244,
        "prm_src": "coal"
      },
      "geometry": {
        "type": "MultiPolygon",
        "coordinates": [
          [
            [
              [-10307598.120056355372071, 4801080.994828137569129],
              [-10307604.736662561073899, 4800828.316831396892667],
              [-10307624.56834551692009, 4800576.331407480873168],
              [-10307657.560747962445021, 4800325.729230923578143],
              [-10307703.623440012335777, 4800077.197184869088233],
              [-10307762.630167031660676, 4799831.41647838242352],
              [-10307834.419195681810379, 4799589.060779294930398],
              [-10307918.793757226318121, 4799350.794367732480168],
              [-10308015.522586856037378, 4799117.270315367728472],
              [-10308124.340557573363185, 4798889.128695394843817],
              [-10308244.949406884610653, 4798666.994828137569129],
              [-10308377.01855431497097, 4798451.477567085064948],
              [-10308520.18600751273334, 4798243.167630069889128],
              [-10308674.05935444124043, 4798042.635980148799717],
              [-10308838.216838950291276, 4797850.432260637171566],
              [-10309012.208516785874963, 4797667.083288569003344],
              [-10309195.557488854974508, 4797493.091610732488334],
              [-10309387.761208366602659, 4797328.934126223437488],
              [-10309588.29285828769207, 4797175.060779294930398],
              [-10309796.602795302867889, 4797031.893326097168028],
              [-10310012.120056355372071, 4796899.824178665876389],
              [-10310234.253923613578081, 4796779.215329356491566],
              [-10310462.395543584600091, 4796670.397358639165759],
              [-10310695.919595951214433, 4796573.668529009446502],
              [-10310934.18600751273334, 4796489.29396746493876],
              [-10311176.541706601157784, 4796417.504938813857734],
              [-10311422.322413086891174, 4796358.498211794532835],
              [-10311670.854459140449762, 4796312.435519744642079],
              [-10311921.456635698676109, 4796279.443117299117148],
              [-10312173.442059613764286, 4796259.611434342339635],
              [-10312426.120056355372071, 4796252.994828137569129],
              [-10312678.798053096979856, 4796259.611434342339635],
              [-10312930.783477012068033, 4796279.443117299117148],
              [-10313181.38565357029438, 4796312.435519744642079],
              [-10313429.917699623852968, 4796358.498211794532835],
              [-10313675.698406109586358, 4796417.504938813857734],
              [-10313918.054105198010802, 4796489.29396746493876],
              [-10314156.32051675952971, 4796573.668529009446502],
              [-10314389.844569126144052, 4796670.397358639165759],
              [-10314617.986189097166061, 4796779.215329356491566],
              [-10314840.120056355372071, 4796899.824178665876389],
              [-10315055.637317407876253, 4797031.893326097168028],
              [-10315263.947254423052073, 4797175.060779294930398],
              [-10315464.478904344141483, 4797328.934126223437488],
              [-10315656.682623855769634, 4797493.091610732488334],
              [-10315840.03159592486918, 4797667.083288569003344],
              [-10316014.023273760452867, 4797850.432260637171566],
              [-10316178.180758269503713, 4798042.635980148799717],
              [-10316332.054105198010802, 4798243.167630069889128],
              [-10316475.221558395773172, 4798451.477567085064948],
              [-10316607.29070582613349, 4798666.994828137569129],
              [-10316727.899555137380958, 4798889.128695394843817],
              [-10316836.717525854706764, 4799117.270315367728472],
              [-10316933.446355484426022, 4799350.794367732480168],
              [-10317017.820917028933764, 4799589.060779294930398],
              [-10317089.609945679083467, 4799831.41647838242352],
              [-10317148.616672698408365, 4800077.197184869088233],
              [-10317194.679364748299122, 4800325.729230923578143],
              [-10317227.671767193824053, 4800576.331407480873168],
              [-10317247.503450149670243, 4800828.316831396892667],
              [-10317254.120056355372071, 4801080.994828137569129],
              [-10317247.503450149670243, 4801333.672824878245592],
              [-10317227.671767193824053, 4801585.658248793333769],
              [-10317194.679364748299122, 4801836.260425351560116],
              [-10317148.616672698408365, 4802084.792471406050026],
              [-10317089.609945679083467, 4802330.573177892714739],
              [-10317017.820917028933764, 4802572.92887698020786],
              [-10316933.446355484426022, 4802811.195288542658091],
              [-10316836.717525854706764, 4803044.719340907409787],
              [-10316727.899555137380958, 4803272.860960880294442],
              [-10316607.29070582613349, 4803494.994828137569129],
              [-10316475.221558395773172, 4803710.512089190073311],
              [-10316332.054105198010802, 4803918.822026205249131],
              [-10316178.180758269503713, 4804119.353676126338542],
              [-10316014.023273760452867, 4804311.557395637966692],
              [-10315840.03159592486918, 4804494.906367706134915],
              [-10315656.682623855769634, 4804668.898045542649925],
              [-10315464.478904344141483, 4804833.055530051700771],
              [-10315263.947254423052073, 4804986.92887698020786],
              [-10315055.637317407876253, 4805130.096330177970231],
              [-10314840.120056355372071, 4805262.16547760926187],
              [-10314617.986189097166061, 4805382.774326918646693],
              [-10314389.844569126144052, 4805491.5922976359725],
              [-10314156.32051675952971, 4805588.321127265691757],
              [-10313918.054105198010802, 4805672.695688810199499],
              [-10313675.698406109586358, 4805744.484717461280525],
              [-10313429.917699623852968, 4805803.491444480605423],
              [-10313181.38565357029438, 4805849.55413653049618],
              [-10312930.783477012068033, 4805882.546538976021111],
              [-10312678.798053096979856, 4805902.378221932798624],
              [-10312426.120056355372071, 4805908.994828137569129],
              [-10312173.442059613764286, 4805902.378221932798624],
              [-10311921.456635698676109, 4805882.546538976021111],
              [-10311670.854459140449762, 4805849.55413653049618],
              [-10311422.322413086891174, 4805803.491444480605423],
              [-10311176.541706601157784, 4805744.484717461280525],
              [-10310934.18600751273334, 4805672.695688810199499],
              [-10310695.919595951214433, 4805588.321127265691757],
              [-10310462.395543584600091, 4805491.5922976359725],
              [-10310234.253923613578081, 4805382.774326918646693],
              [-10310012.120056355372071, 4805262.16547760926187],
              [-10309796.602795302867889, 4805130.096330177970231],
              [-10309588.29285828769207, 4804986.92887698020786],
              [-10309387.761208366602659, 4804833.055530051700771],
              [-10309195.557488854974508, 4804668.898045542649925],
              [-10309012.208516785874963, 4804494.906367706134915],
              [-10308838.216838950291276, 4804311.557395637966692],
              [-10308674.05935444124043, 4804119.353676126338542],
              [-10308520.18600751273334, 4803918.822026205249131],
              [-10308377.01855431497097, 4803710.512089190073311],
              [-10308244.949406884610653, 4803494.994828137569129],
              [-10308124.340557573363185, 4803272.860960880294442],
              [-10308015.522586856037378, 4803044.719340907409787],
              [-10307918.793757226318121, 4802811.195288542658091],
              [-10307834.419195681810379, 4802572.92887698020786],
              [-10307762.630167031660676, 4802330.573177892714739],
              [-10307703.623440012335777, 4802084.792471406050026],
              [-10307657.560747962445021, 4801836.260425351560116],
              [-10307624.56834551692009, 4801585.658248794265091],
              [-10307604.736662561073899, 4801333.672824878245592],
              [-10307598.120056355372071, 4801080.994828137569129]
            ]
          ]
        ]
      }
    },
    {
      "type": "Feature",
      "properties": {
        "fclty__": "W.A Parish Generating Station",
        "plnt_nm": "W A Parish",
        "utlty_n": "NRG Texas Power LLC",
        "strt_dd": "2500 Y. U. Jones Road",
        "city": "Thompsons",
        "state": "Texas",
        "zip": 77481,
        "prm_src": "coal"
      },
      "geometry": {
        "type": "MultiPolygon",
        "coordinates": [
          [
            [
              [-10640777.356000624597073, 3437240.347787616308779],
              [-10640783.972606830298901, 3436987.669790875166655],
              [-10640803.804289786145091, 3436735.684366960078478],
              [-10640836.796692231670022, 3436485.082190401852131],
              [-10640882.859384281560779, 3436236.550144348293543],
              [-10640941.866111300885677, 3435990.769437861163169],
              [-10641013.65513995103538, 3435748.413738774135709],
              [-10641098.029701495543122, 3435510.147327211685479],
              [-10641194.75853112526238, 3435276.623274846468121],
              [-10641303.576501842588186, 3435048.481654873583466],
              [-10641424.185351153835654, 3434826.347787616308779],
              [-10641556.254498584195971, 3434610.830526563804597],
              [-10641699.421951781958342, 3434402.520589548163116],
              [-10641853.295298710465431, 3434201.988939627539366],
              [-10642017.452783219516277, 3434009.785220115911216],
              [-10642191.444461055099964, 3433826.436248047742993],
              [-10642374.79343312419951, 3433652.444570211227983],
              [-10642566.997152635827661, 3433488.287085702177137],
              [-10642767.528802556917071, 3433334.413738774135709],
              [-10642975.838739572092891, 3433191.246285575907677],
              [-10643191.356000624597073, 3433059.177138145081699],
              [-10643413.489867882803082, 3432938.568288834765553],
              [-10643641.631487853825092, 3432829.750318117905408],
              [-10643875.155540220439434, 3432733.02148848772049],
              [-10644113.421951781958342, 3432648.646926943212748],
              [-10644355.777650870382786, 3432576.857898292597383],
              [-10644601.558357356116176, 3432517.851171273272485],
              [-10644850.090403409674764, 3432471.788479222916067],
              [-10645100.692579967901111, 3432438.796076778322458],
              [-10645352.678003882989287, 3432418.964393821079284],
              [-10645605.356000624597073, 3432412.347787616308779],
              [-10645858.033997366204858, 3432418.964393821079284],
              [-10646110.019421281293035, 3432438.796076778322458],
              [-10646360.621597839519382, 3432471.788479222916067],
              [-10646609.15364389307797, 3432517.851171273272485],
              [-10646854.934350378811359, 3432576.857898292597383],
              [-10647097.290049467235804, 3432648.646926943212748],
              [-10647335.556461028754711, 3432733.02148848772049],
              [-10647569.080513395369053, 3432829.750318117905408],
              [-10647797.222133366391063, 3432938.568288834765553],
              [-10648019.356000624597073, 3433059.177138145081699],
              [-10648234.873261677101254, 3433191.246285575907677],
              [-10648443.183198692277074, 3433334.413738774135709],
              [-10648643.714848613366485, 3433488.287085702177137],
              [-10648835.918568124994636, 3433652.444570211227983],
              [-10649019.267540194094181, 3433826.436248047742993],
              [-10649193.259218029677868, 3434009.785220115911216],
              [-10649357.416702538728714, 3434201.988939627539366],
              [-10649511.290049467235804, 3434402.520589548163116],
              [-10649654.457502664998174, 3434610.830526563804597],
              [-10649786.526650095358491, 3434826.347787616308779],
              [-10649907.135499406605959, 3435048.481654873583466],
              [-10650015.953470123931766, 3435276.623274846468121],
              [-10650112.682299753651023, 3435510.147327211685479],
              [-10650197.056861298158765, 3435748.413738774135709],
              [-10650268.845889948308468, 3435990.769437861163169],
              [-10650327.852616967633367, 3436236.550144348293543],
              [-10650373.915309017524123, 3436485.082190401852131],
              [-10650406.907711463049054, 3436735.684366960078478],
              [-10650426.739394418895245, 3436987.669790875166655],
              [-10650433.356000624597073, 3437240.347787616308779],
              [-10650426.739394418895245, 3437493.025784357450902],
              [-10650406.907711463049054, 3437745.011208272539079],
              [-10650373.915309017524123, 3437995.613384830765426],
              [-10650327.852616967633367, 3438244.145430884324014],
              [-10650268.845889948308468, 3438489.926137371454388],
              [-10650197.056861298158765, 3438732.281836458481848],
              [-10650112.682299753651023, 3438970.548248020932078],
              [-10650015.953470123931766, 3439204.072300386149436],
              [-10649907.135499406605959, 3439432.213920359034091],
              [-10649786.526650095358491, 3439654.347787616308779],
              [-10649654.457502664998174, 3439869.86504866881296],
              [-10649511.290049467235804, 3440078.174985684454441],
              [-10649357.416702538728714, 3440278.706635605078191],
              [-10649193.259218029677868, 3440470.910355116706342],
              [-10649019.267540194094181, 3440654.259327184874564],
              [-10648835.918568124994636, 3440828.251005021389574],
              [-10648643.714848613366485, 3440992.40848953044042],
              [-10648443.183198692277074, 3441146.281836458481848],
              [-10648234.873261677101254, 3441289.44928965670988],
              [-10648019.356000624597073, 3441421.518437087535858],
              [-10647797.222133366391063, 3441542.127286397852004],
              [-10647569.080513395369053, 3441650.945257114712149],
              [-10647335.556461028754711, 3441747.674086744897068],
              [-10647097.290049467235804, 3441832.048648289404809],
              [-10646854.934350378811359, 3441903.837676940020174],
              [-10646609.15364389307797, 3441962.844403959345073],
              [-10646360.621597839519382, 3442008.90709600970149],
              [-10646110.019421281293035, 3442041.899498454295099],
              [-10645858.033997366204858, 3442061.731181411538273],
              [-10645605.356000624597073, 3442068.347787616308779],
              [-10645352.678003882989287, 3442061.731181411538273],
              [-10645100.692579967901111, 3442041.899498454295099],
              [-10644850.090403409674764, 3442008.90709600970149],
              [-10644601.558357356116176, 3441962.844403959345073],
              [-10644355.777650870382786, 3441903.837676940020174],
              [-10644113.421951781958342, 3441832.048648289404809],
              [-10643875.155540220439434, 3441747.674086744897068],
              [-10643641.631487853825092, 3441650.945257114712149],
              [-10643413.489867882803082, 3441542.127286397852004],
              [-10643191.356000624597073, 3441421.518437087535858],
              [-10642975.838739572092891, 3441289.44928965670988],
              [-10642767.528802556917071, 3441146.281836458481848],
              [-10642566.997152635827661, 3440992.40848953044042],
              [-10642374.79343312419951, 3440828.251005021389574],
              [-10642191.444461055099964, 3440654.259327184874564],
              [-10642017.452783219516277, 3440470.910355116706342],
              [-10641853.295298710465431, 3440278.706635605078191],
              [-10641699.421951781958342, 3440078.174985684454441],
              [-10641556.254498584195971, 3439869.86504866881296],
              [-10641424.185351153835654, 3439654.347787616308779],
              [-10641303.576501842588186, 3439432.213920359034091],
              [-10641194.75853112526238, 3439204.072300386149436],
              [-10641098.029701495543122, 3438970.548248020932078],
              [-10641013.65513995103538, 3438732.281836458481848],
              [-10640941.866111300885677, 3438489.926137371454388],
              [-10640882.859384281560779, 3438244.145430884324014],
              [-10640836.796692231670022, 3437995.613384830765426],
              [-10640803.804289786145091, 3437745.011208272539079],
              [-10640783.972606830298901, 3437493.025784357450902],
              [-10640777.356000624597073, 3437240.347787616308779]
            ]
          ]
        ]
      }
    },
    {
      "type": "Feature",
      "properties": {
        "fclty__": "Walleye Power, LLC Bay Shore Unit 1",
        "plnt_nm": "FirstEnergy Bay Shore",
        "utlty_n": "Walleye Power, LLC",
        "strt_dd": "4701 Bay Shore Road",
        "city": "Oregon",
        "state": "Ohio",
        "zip": 43616,
        "prm_src": "petroleum"
      },
      "geometry": {
        "type": "MultiPolygon",
        "coordinates": [
          [
            [
              [-9283425.408911000937223, 5114908.891786106862128],
              [-9283432.025517206639051, 5114656.213789366185665],
              [-9283451.857200162485242, 5114404.228365450166166],
              [-9283484.849602608010173, 5114153.626188892871141],
              [-9283530.912294657900929, 5113905.094142838381231],
              [-9283589.919021677225828, 5113659.313436351716518],
              [-9283661.708050327375531, 5113416.957737264223397],
              [-9283746.082611871883273, 5113178.691325701773167],
              [-9283842.81144150160253, 5112945.16727333702147],
              [-9283951.629412218928337, 5112717.025653364136815],
              [-9284072.238261530175805, 5112494.891786106862128],
              [-9284204.307408960536122, 5112279.374525054357946],
              [-9284347.474862158298492, 5112071.064588039182127],
              [-9284501.348209086805582, 5111870.532938118092716],
              [-9284665.505693595856428, 5111678.329218606464565],
              [-9284839.497371431440115, 5111494.980246538296342],
              [-9285022.84634350053966, 5111320.988568701781332],
              [-9285215.050063012167811, 5111156.831084192730486],
              [-9285415.581712933257222, 5111002.957737264223397],
              [-9285623.891649948433042, 5110859.790284066461027],
              [-9285839.408911000937223, 5110727.721136635169387],
              [-9286061.542778259143233, 5110607.112287325784564],
              [-9286289.684398230165243, 5110498.294316608458757],
              [-9286523.208450596779585, 5110401.5654869787395],
              [-9286761.474862158298492, 5110317.190925434231758],
              [-9287003.830561246722937, 5110245.401896783150733],
              [-9287249.611267732456326, 5110186.395169763825834],
              [-9287498.143313786014915, 5110140.332477713935077],
              [-9287748.745490344241261, 5110107.340075268410146],
              [-9288000.730914259329438, 5110087.508392311632633],
              [-9288253.408911000937223, 5110080.891786106862128],
              [-9288506.086907742545009, 5110087.508392311632633],
              [-9288758.072331657633185, 5110107.340075268410146],
              [-9289008.674508215859532, 5110140.332477713935077],
              [-9289257.20655426941812, 5110186.395169763825834],
              [-9289502.98726075515151, 5110245.401896783150733],
              [-9289745.342959843575954, 5110317.190925434231758],
              [-9289983.609371405094862, 5110401.5654869787395],
              [-9290217.133423771709204, 5110498.294316608458757],
              [-9290445.275043742731214, 5110607.112287325784564],
              [-9290667.408911000937223, 5110727.721136635169387],
              [-9290882.926172053441405, 5110859.790284066461027],
              [-9291091.236109068617225, 5111002.957737264223397],
              [-9291291.767758989706635, 5111156.831084192730486],
              [-9291483.971478501334786, 5111320.988568701781332],
              [-9291667.320450570434332, 5111494.980246538296342],
              [-9291841.312128406018019, 5111678.329218606464565],
              [-9292005.469612915068865, 5111870.532938118092716],
              [-9292159.342959843575954, 5112071.064588039182127],
              [-9292302.510413041338325, 5112279.374525054357946],
              [-9292434.579560471698642, 5112494.891786106862128],
              [-9292555.18840978294611, 5112717.025653364136815],
              [-9292664.006380500271916, 5112945.16727333702147],
              [-9292760.735210129991174, 5113178.691325701773167],
              [-9292845.109771674498916, 5113416.957737264223397],
              [-9292916.898800324648619, 5113659.313436351716518],
              [-9292975.905527343973517, 5113905.094142838381231],
              [-9293021.968219393864274, 5114153.626188892871141],
              [-9293054.960621839389205, 5114404.228365450166166],
              [-9293074.792304795235395, 5114656.213789366185665],
              [-9293081.408911000937223, 5114908.891786106862128],
              [-9293074.792304795235395, 5115161.56978284753859],
              [-9293054.960621839389205, 5115413.555206762626767],
              [-9293021.968219393864274, 5115664.157383320853114],
              [-9292975.905527343973517, 5115912.689429375343025],
              [-9292916.898800324648619, 5116158.470135862007737],
              [-9292845.109771674498916, 5116400.825834949500859],
              [-9292760.735210129991174, 5116639.092246511951089],
              [-9292664.006380500271916, 5116872.616298876702785],
              [-9292555.18840978294611, 5117100.75791884958744],
              [-9292434.579560471698642, 5117322.891786106862128],
              [-9292302.510413041338325, 5117538.40904715936631],
              [-9292159.342959843575954, 5117746.718984174542129],
              [-9292005.469612915068865, 5117947.25063409563154],
              [-9291841.312128406018019, 5118139.454353607259691],
              [-9291667.320450570434332, 5118322.803325675427914],
              [-9291483.971478501334786, 5118496.795003511942923],
              [-9291291.767758989706635, 5118660.952488020993769],
              [-9291091.236109068617225, 5118814.825834949500859],
              [-9290882.926172053441405, 5118957.993288147263229],
              [-9290667.408911000937223, 5119090.062435578554869],
              [-9290445.275043742731214, 5119210.671284887939692],
              [-9290217.133423771709204, 5119319.489255605265498],
              [-9289983.609371405094862, 5119416.218085234984756],
              [-9289745.342959843575954, 5119500.592646779492497],
              [-9289502.98726075515151, 5119572.381675430573523],
              [-9289257.20655426941812, 5119631.388402449898422],
              [-9289008.674508215859532, 5119677.451094499789178],
              [-9288758.072331657633185, 5119710.443496945314109],
              [-9288506.086907742545009, 5119730.275179902091622],
              [-9288253.408911000937223, 5119736.891786106862128],
              [-9288000.730914259329438, 5119730.275179902091622],
              [-9287748.745490344241261, 5119710.443496945314109],
              [-9287498.143313786014915, 5119677.451094499789178],
              [-9287249.611267732456326, 5119631.388402449898422],
              [-9287003.830561246722937, 5119572.381675430573523],
              [-9286761.474862158298492, 5119500.592646779492497],
              [-9286523.208450596779585, 5119416.218085234984756],
              [-9286289.684398230165243, 5119319.489255605265498],
              [-9286061.542778259143233, 5119210.671284887939692],
              [-9285839.408911000937223, 5119090.062435578554869],
              [-9285623.891649948433042, 5118957.993288147263229],
              [-9285415.581712933257222, 5118814.825834949500859],
              [-9285215.050063012167811, 5118660.952488020993769],
              [-9285022.84634350053966, 5118496.795003511942923],
              [-9284839.497371431440115, 5118322.803325675427914],
              [-9284665.505693595856428, 5118139.454353607259691],
              [-9284501.348209086805582, 5117947.25063409563154],
              [-9284347.474862158298492, 5117746.718984174542129],
              [-9284204.307408960536122, 5117538.40904715936631],
              [-9284072.238261530175805, 5117322.891786106862128],
              [-9283951.629412218928337, 5117100.75791884958744],
              [-9283842.81144150160253, 5116872.616298876702785],
              [-9283746.082611871883273, 5116639.092246511951089],
              [-9283661.708050327375531, 5116400.825834949500859],
              [-9283589.919021677225828, 5116158.470135862007737],
              [-9283530.912294657900929, 5115912.689429375343025],
              [-9283484.849602608010173, 5115664.157383320853114],
              [-9283451.857200162485242, 5115413.55520676355809],
              [-9283432.025517206639051, 5115161.56978284753859],
              [-9283425.408911000937223, 5114908.891786106862128]
            ]
          ]
        ]
      }
    },
    {
      "type": "Feature",
      "properties": {
        "fclty__": "White Bluff Steam Electric Station Unit 1",
        "plnt_nm": "White Bluff",
        "utlty_n": "Entergy Arkansas LLC",
        "strt_dd": "1100 White Bluff Road",
        "city": "Redfield",
        "state": "Arkansas",
        "zip": 72132,
        "prm_src": "coal"
      },
      "geometry": {
        "type": "MultiPolygon",
        "coordinates": [
          [
            [
              [-10252216.673386704176664, 4085716.012110331095755],
              [-10252223.289992909878492, 4085463.334113589953631],
              [-10252243.121675865724683, 4085211.348689674865454],
              [-10252276.114078311249614, 4084960.746513116639107],
              [-10252322.17677036114037, 4084712.214467063080519],
              [-10252381.183497380465269, 4084466.433760575950146],
              [-10252452.972526030614972, 4084224.078061488922685],
              [-10252537.347087575122714, 4083985.811649926472455],
              [-10252634.075917204841971, 4083752.287597561255097],
              [-10252742.893887922167778, 4083524.145977588370442],
              [-10252863.502737233415246, 4083302.012110331095755],
              [-10252995.571884663775563, 4083086.494849278591573],
              [-10253138.739337861537933, 4082878.184912262950093],
              [-10253292.612684790045023, 4082677.653262342326343],
              [-10253456.770169299095869, 4082485.449542830698192],
              [-10253630.761847134679556, 4082302.100570762529969],
              [-10253814.110819203779101, 4082128.10889292601496],
              [-10254006.314538715407252, 4081963.951408416964114],
              [-10254206.846188636496663, 4081810.078061488922685],
              [-10254415.156125651672482, 4081666.910608290694654],
              [-10254630.673386704176664, 4081534.841460859868675],
              [-10254852.807253962382674, 4081414.23261154955253],
              [-10255080.948873933404684, 4081305.414640832692385],
              [-10255314.472926300019026, 4081208.685811202507466],
              [-10255552.739337861537933, 4081124.311249657999724],
              [-10255795.095036949962378, 4081052.52222100738436],
              [-10256040.875743435695767, 4080993.515493988059461],
              [-10256289.407789489254355, 4080947.452801937703043],
              [-10256540.009966047480702, 4080914.460399493109435],
              [-10256791.995389962568879, 4080894.628716535866261],
              [-10257044.673386704176664, 4080888.012110331095755],
              [-10257297.35138344578445, 4080894.628716535866261],
              [-10257549.336807360872626, 4080914.460399493109435],
              [-10257799.938983919098973, 4080947.452801937703043],
              [-10258048.471029972657561, 4080993.515493988059461],
              [-10258294.251736458390951, 4081052.52222100738436],
              [-10258536.607435546815395, 4081124.311249657999724],
              [-10258774.873847108334303, 4081208.685811202507466],
              [-10259008.397899474948645, 4081305.414640832692385],
              [-10259236.539519445970654, 4081414.23261154955253],
              [-10259458.673386704176664, 4081534.841460859868675],
              [-10259674.190647756680846, 4081666.910608290694654],
              [-10259882.500584771856666, 4081810.078061488922685],
              [-10260083.032234692946076, 4081963.951408416964114],
              [-10260275.235954204574227, 4082128.10889292601496],
              [-10260458.584926273673773, 4082302.100570762529969],
              [-10260632.57660410925746, 4082485.449542830698192],
              [-10260796.734088618308306, 4082677.653262342326343],
              [-10260950.607435546815395, 4082878.184912262950093],
              [-10261093.774888744577765, 4083086.494849278591573],
              [-10261225.844036174938083, 4083302.012110331095755],
              [-10261346.452885486185551, 4083524.145977588370442],
              [-10261455.270856203511357, 4083752.287597561255097],
              [-10261551.999685833230615, 4083985.811649926472455],
              [-10261636.374247377738357, 4084224.078061488922685],
              [-10261708.16327602788806, 4084466.433760575950146],
              [-10261767.170003047212958, 4084712.214467063080519],
              [-10261813.232695097103715, 4084960.746513116639107],
              [-10261846.225097542628646, 4085211.348689674865454],
              [-10261866.056780498474836, 4085463.334113589953631],
              [-10261872.673386704176664, 4085716.012110331095755],
              [-10261866.056780498474836, 4085968.690107072237879],
              [-10261846.225097542628646, 4086220.675530987326056],
              [-10261813.232695097103715, 4086471.277707545552403],
              [-10261767.170003047212958, 4086719.809753599110991],
              [-10261708.16327602788806, 4086965.590460086241364],
              [-10261636.374247377738357, 4087207.946159173268825],
              [-10261551.999685833230615, 4087446.212570735719055],
              [-10261455.270856203511357, 4087679.736623100936413],
              [-10261346.452885486185551, 4087907.878243073821068],
              [-10261225.844036174938083, 4088130.012110331095755],
              [-10261093.774888744577765, 4088345.529371383599937],
              [-10260950.607435546815395, 4088553.839308399241418],
              [-10260796.734088618308306, 4088754.370958319865167],
              [-10260632.57660410925746, 4088946.574677831493318],
              [-10260458.584926273673773, 4089129.923649899661541],
              [-10260275.235954204574227, 4089303.91532773617655],
              [-10260083.032234692946076, 4089468.072812245227396],
              [-10259882.500584771856666, 4089621.946159173268825],
              [-10259674.190647756680846, 4089765.113612371496856],
              [-10259458.673386704176664, 4089897.182759802322835],
              [-10259236.539519445970654, 4090017.79160911263898],
              [-10259008.397899474948645, 4090126.609579829499125],
              [-10258774.873847108334303, 4090223.338409459684044],
              [-10258536.607435546815395, 4090307.712971004191786],
              [-10258294.251736458390951, 4090379.50199965480715],
              [-10258048.471029972657561, 4090438.508726674132049],
              [-10257799.938983919098973, 4090484.571418724488467],
              [-10257549.336807360872626, 4090517.563821169082075],
              [-10257297.35138344578445, 4090537.39550412632525],
              [-10257044.673386704176664, 4090544.012110331095755],
              [-10256791.995389962568879, 4090537.39550412632525],
              [-10256540.009966047480702, 4090517.563821169082075],
              [-10256289.407789489254355, 4090484.571418724488467],
              [-10256040.875743435695767, 4090438.508726674132049],
              [-10255795.095036949962378, 4090379.50199965480715],
              [-10255552.739337861537933, 4090307.712971004191786],
              [-10255314.472926300019026, 4090223.338409459684044],
              [-10255080.948873933404684, 4090126.609579829499125],
              [-10254852.807253962382674, 4090017.79160911263898],
              [-10254630.673386704176664, 4089897.182759802322835],
              [-10254415.156125651672482, 4089765.113612371496856],
              [-10254206.846188636496663, 4089621.946159173268825],
              [-10254006.314538715407252, 4089468.072812245227396],
              [-10253814.110819203779101, 4089303.91532773617655],
              [-10253630.761847134679556, 4089129.923649899661541],
              [-10253456.770169299095869, 4088946.574677831493318],
              [-10253292.612684790045023, 4088754.370958319865167],
              [-10253138.739337861537933, 4088553.839308399241418],
              [-10252995.571884663775563, 4088345.529371383599937],
              [-10252863.502737233415246, 4088130.012110331095755],
              [-10252742.893887922167778, 4087907.878243073821068],
              [-10252634.075917204841971, 4087679.736623100936413],
              [-10252537.347087575122714, 4087446.212570735719055],
              [-10252452.972526030614972, 4087207.946159173268825],
              [-10252381.183497380465269, 4086965.590460086241364],
              [-10252322.17677036114037, 4086719.809753599110991],
              [-10252276.114078311249614, 4086471.277707545552403],
              [-10252243.121675865724683, 4086220.675530987326056],
              [-10252223.289992909878492, 4085968.690107072237879],
              [-10252216.673386704176664, 4085716.012110331095755]
            ]
          ]
        ]
      }
    }
  ]
}
